container_id,channel_id,timestamp,value
1,4,1519629356439000,-9.0
1,4,1519629399457999,-10.0
1,4,1519630576713000,-9.0
1,4,1519630598521999,-10.0
1,4,1519630994337999,-11.0
1,4,1519631093457999,-10.0
1,4,1519631215110000,-9.0
1,4,1519631330670000,-10.0
1,4,1519631371409000,-9.0
1,4,1519631394328000,-10.0
1,4,1519631712056000,-9.0
1,4,1519631755796000,-10.0
1,4,1519631775265000,-9.0
1,4,1519632013737000,-8.0
1,4,1519632350273999,-9.0
1,4,1519632404573000,-8.0
1,4,1519632485452000,-7.0
1,4,1519632629301000,-8.0
1,4,1519632738355000,-7.0
1,4,1519632843564000,-6.0
1,4,1519632928374000,-7.0
1,4,1519633013304000,-6.0
1,4,1519633037637000,-7.0
1,4,1519633204131000,-6.0
1,4,1519633623172000,-5.0
1,4,1519633807219000,-4.0
1,4,1519633879248000,-5.0
1,4,1519634030001000,-6.0
1,4,1519634114270000,-5.0
1,4,1519634124329999,-4.0
1,4,1519634163560000,-3.0
1,5,1519629356439000,0.0
1,5,1519629363697999,999.0
1,5,1519629364657999,827.0
1,5,1519629365589000,786.0
1,5,1519629366488000,757.0
1,5,1519629367388000,764.0
1,5,1519629368288000,762.0
1,5,1519629369217999,976.0
1,5,1519629370118000,928.0
1,5,1519629371017999,908.0
1,5,1519629371918000,935.0
1,5,1519629372817999,995.0
1,5,1519629373689000,948.0
1,5,1519629374588000,906.0
1,5,1519629375488000,965.0
1,5,1519629376388000,981.0
1,5,1519629377288000,908.0
1,5,1519629378188000,913.0
1,5,1519629379118000,1055.0
1,5,1519629380019000,1436.0
1,5,1519629380918000,1703.0
1,5,1519629381849000,1611.0
1,5,1519629382749000,1246.0
1,5,1519629383649000,1169.0
1,5,1519629384549000,1622.0
1,5,1519629385449000,1459.0
1,5,1519629386348000,1258.0
1,5,1519629387248000,1619.0
1,5,1519629388147000,2017.0
1,5,1519629389048000,1138.0
1,5,1519629389948000,1397.0
1,5,1519629390848000,1363.0
1,5,1519629391748000,1523.0
1,5,1519629392648000,1607.0
1,5,1519629393548000,1026.0
1,5,1519629394449000,1162.0
1,5,1519629395408000,1616.0
1,5,1519629396308000,1912.0
1,5,1519629397208000,1751.0
1,5,1519629398108000,1592.0
1,5,1519629399009000,1439.0
1,5,1519629399910000,1292.0
1,5,1519629400808000,1024.0
1,5,1519629401737999,1026.0
1,5,1519629402638000,1033.0
1,5,1519629403537999,931.0
1,5,1519629404468000,1190.0
1,5,1519629405369000,1697.0
1,5,1519629406268000,2191.0
1,5,1519629407168000,1330.0
1,5,1519629408068000,1091.0
1,5,1519629408968000,1053.0
1,5,1519629409867000,1047.0
1,5,1519629410768000,1046.0
1,5,1519629411668000,1047.0
1,5,1519629412598000,1044.0
1,5,1519629413499000,1043.0
1,5,1519629414399000,1040.0
1,5,1519629417097999,1039.0
1,5,1519629417998000,1040.0
1,5,1519629418897999,1041.0
1,5,1519629420668000,1042.0
1,5,1519629421508000,1041.0
1,5,1519629422408000,1039.0
1,5,1519629423308000,1038.0
1,5,1519629425107000,1040.0
1,5,1519629426007000,1042.0
1,5,1519629426909000,1041.0
1,5,1519629427838000,1039.0
1,5,1519629428711000,1014.0
1,5,1519629429608000,984.0
1,5,1519629430509000,1256.0
1,5,1519629431377999,1940.0
1,5,1519629432278000,2026.0
1,5,1519629433177000,1429.0
1,5,1519629434048000,1853.0
1,5,1519629434920000,2533.0
1,5,1519629435788000,1996.0
1,5,1519629436657999,1868.0
1,5,1519629437558000,1928.0
1,5,1519629438398000,1428.0
1,5,1519629439269000,1448.0
1,5,1519629440108000,1460.0
1,5,1519629441008000,1462.0
1,5,1519629441908000,1437.0
1,5,1519629442748000,1092.0
1,5,1519629443588000,1301.0
1,5,1519629444369999,1911.0
1,5,1519629445207000,1865.0
1,5,1519629446078000,1765.0
1,5,1519629446857999,1107.0
1,5,1519629447608000,1068.0
1,5,1519629448358000,1660.0
1,5,1519629449107000,2031.0
1,5,1519629449857999,1844.0
1,5,1519629450668000,1713.0
1,5,1519629451509000,1688.0
1,5,1519629452348000,1817.0
1,5,1519629453159000,2027.0
1,5,1519629454057999,2216.0
1,5,1519629454988000,2075.0
1,5,1519629455857000,1057.0
1,5,1519629456668000,1033.0
1,5,1519629458408000,1037.0
1,5,1519629459248000,1039.0
1,5,1519629459998000,1040.0
1,5,1519629462461000,1182.0
1,5,1519629463209000,1271.0
1,5,1519629463959000,1785.0
1,5,1519629464709000,1130.0
1,5,1519629465459000,1034.0
1,5,1519629466359000,1080.0
1,5,1519629467108000,1054.0
1,5,1519629467859000,1340.0
1,5,1519629468609999,1885.0
1,5,1519629469448000,2553.0
1,5,1519629470259000,1693.0
1,5,1519629471097000,1752.0
1,5,1519629471848000,2309.0
1,5,1519629472598000,2690.0
1,5,1519629473348000,1972.0
1,5,1519629474097000,1903.0
1,5,1519629474848000,1921.0
1,5,1519629475598000,1381.0
1,5,1519629476348000,1389.0
1,5,1519629477097000,1397.0
1,5,1519629477848000,1408.0
1,5,1519629478598000,1402.0
1,5,1519629479347000,1386.0
1,5,1519629480097999,1368.0
1,5,1519629480849000,1357.0
1,5,1519629481718000,1343.0
1,5,1519629482648000,1341.0
1,5,1519629483487000,1348.0
1,5,1519629484268000,1368.0
1,5,1519629485049999,1399.0
1,5,1519629485798000,1438.0
1,5,1519629486549000,1500.0
1,5,1519629487299000,1553.0
1,5,1519629488049999,1585.0
1,5,1519629488799000,1606.0
1,5,1519629489549000,1624.0
1,5,1519629490299000,1633.0
1,5,1519629491198000,1644.0
1,5,1519629492097000,1659.0
1,5,1519629492998000,1679.0
1,5,1519629493927000,1703.0
1,5,1519629494827000,1743.0
1,5,1519629495728000,1790.0
1,5,1519629496657000,1494.0
1,5,1519629497558000,1416.0
1,5,1519629498457999,1436.0
1,5,1519629499357000,1466.0
1,5,1519629500257999,1490.0
1,5,1519629501217000,1512.0
1,5,1519629502117000,1525.0
1,5,1519629503017999,1527.0
1,5,1519629503917000,1534.0
1,5,1519629504817000,1541.0
1,5,1519629505747000,1543.0
1,5,1519629506678000,1551.0
1,5,1519629507577000,1565.0
1,5,1519629508484000,1591.0
1,5,1519629509377000,1541.0
1,5,1519629510277000,1310.0
1,5,1519629511177999,1317.0
1,5,1519629512077000,1339.0
1,5,1519629512977999,1374.0
1,5,1519629513967000,1410.0
1,5,1519629514867000,1419.0
1,5,1519629515767000,1449.0
1,5,1519629516727000,1467.0
1,5,1519629517628000,1485.0
1,5,1519629518527000,1505.0
1,5,1519629519427000,1502.0
1,5,1519629521227000,1483.0
1,5,1519629522127000,1435.0
1,5,1519629523027000,1423.0
1,5,1519629523927000,1391.0
1,5,1519629524857999,1362.0
1,5,1519629525757000,1333.0
1,5,1519629526657999,1306.0
1,5,1519629527587000,1284.0
1,5,1519629528487000,1260.0
1,5,1519629529387000,1240.0
1,5,1519629530287000,1226.0
1,5,1519629531187000,1201.0
1,5,1519629532087000,1441.0
1,5,1519629532988000,1448.0
1,5,1519629533887000,1475.0
1,5,1519629534787000,1496.0
1,5,1519629535688000,1508.0
1,5,1519629537487000,1499.0
1,5,1519629538387000,1498.0
1,5,1519629539287000,1490.0
1,5,1519629540217000,1497.0
1,5,1519629541147000,1500.0
1,5,1519629542048000,1507.0
1,5,1519629542948000,1519.0
1,5,1519629543847000,1527.0
1,5,1519629544748000,1540.0
1,5,1519629545647000,1552.0
1,5,1519629546608000,1570.0
1,5,1519629547507000,1572.0
1,5,1519629548407000,1577.0
1,5,1519629549337000,1562.0
1,5,1519629550237000,1566.0
1,5,1519629551167000,1561.0
1,5,1519629552065999,1554.0
1,5,1519629552967000,1546.0
1,5,1519629553807000,1541.0
1,5,1519629554679000,1535.0
1,5,1519629555607000,1531.0
1,5,1519629556625999,1542.0
1,5,1519629557527000,1550.0
1,5,1519629558427000,1559.0
1,5,1519629559267000,1564.0
1,5,1519629560077000,1573.0
1,5,1519629560917000,1582.0
1,5,1519629561728000,1587.0
1,5,1519629562479000,1596.0
1,5,1519629563229000,1601.0
1,5,1519629563979000,1609.0
1,5,1519629564728000,1613.0
1,5,1519629565479000,1621.0
1,5,1519629566317000,1632.0
1,5,1519629567067000,1641.0
1,5,1519629567817000,1650.0
1,5,1519629568567000,1661.0
1,5,1519629569319000,1666.0
1,5,1519629570217000,1671.0
1,5,1519629571147000,1662.0
1,5,1519629571987000,1659.0
1,5,1519629572857000,1645.0
1,5,1519629573727000,1653.0
1,5,1519629574567000,1652.0
1,5,1519629575318000,1650.0
1,5,1519629576156000,1657.0
1,5,1519629576905999,1662.0
1,5,1519629577717000,1670.0
1,5,1519629578469000,1669.0
1,5,1519629579217999,1650.0
1,5,1519629579969000,1661.0
1,5,1519629580718000,1660.0
1,5,1519629581468000,1651.0
1,5,1519629582217999,1647.0
1,5,1519629582969000,1639.0
1,5,1519629583718000,1629.0
1,5,1519629584467000,1619.0
1,5,1519629585217999,1609.0
1,5,1519629586056000,1586.0
1,5,1519629586807000,1558.0
1,5,1519629587557000,1535.0
1,5,1519629588307000,1509.0
1,5,1519629589057000,1493.0
1,5,1519629589808000,1491.0
1,5,1519629590557000,1497.0
1,5,1519629591369000,1512.0
1,5,1519629592117000,1526.0
1,5,1519629592868000,1545.0
1,5,1519629593619000,1558.0
1,5,1519629594369000,1568.0
1,5,1519629595117000,1575.0
1,5,1519629595869000,1580.0
1,5,1519629596619000,1579.0
1,5,1519629598117000,1580.0
1,5,1519629598897000,1575.0
1,5,1519629599647000,1566.0
1,5,1519629600397000,1559.0
1,5,1519629601145999,1552.0
1,5,1519629601896000,1540.0
1,5,1519629602619000,1535.0
1,5,1519629603397000,1513.0
1,5,1519629604145999,1495.0
1,5,1519629604897000,1475.0
1,5,1519629605827000,1445.0
1,5,1519629606757000,1444.0
1,5,1519629607657000,1427.0
1,5,1519629608557000,1426.0
1,5,1519629610357000,1410.0
1,5,1519629611287000,1383.0
1,5,1519629612187000,1357.0
1,5,1519629613086000,1381.0
1,5,1519629613987000,1136.0
1,5,1519629614887000,1706.0
1,5,1519629615817999,1657.0
1,5,1519629616747000,1661.0
1,5,1519629617677000,1666.0
1,5,1519629618577000,1662.0
1,5,1519629620377000,1655.0
1,5,1519629621277000,1646.0
1,5,1519629622177000,1634.0
1,5,1519629623076000,1620.0
1,5,1519629623977999,1602.0
1,5,1519629624907000,1591.0
1,5,1519629625837000,1575.0
1,5,1519629626737000,1566.0
1,5,1519629627667000,1559.0
1,5,1519629628567000,1555.0
1,5,1519629629465999,1552.0
1,5,1519629630366000,1538.0
1,5,1519629631265999,1532.0
1,5,1519629632167000,1519.0
1,5,1519629633067000,1514.0
1,5,1519629633967000,1516.0
1,5,1519629634897000,1503.0
1,5,1519629635825999,1499.0
1,5,1519629637625999,1497.0
1,5,1519629638557000,1504.0
1,5,1519629639457000,1511.0
1,5,1519629640357000,1524.0
1,5,1519629641257000,1541.0
1,5,1519629642156000,1560.0
1,5,1519629643056000,1569.0
1,5,1519629643927000,1582.0
1,5,1519629644828000,1594.0
1,5,1519629645696000,1606.0
1,5,1519629646597000,1615.0
1,5,1519629647496000,1628.0
1,5,1519629648367000,1641.0
1,5,1519629649265999,1655.0
1,5,1519629650136000,1670.0
1,5,1519629651036000,1685.0
1,5,1519629651905999,1707.0
1,5,1519629652806000,1718.0
1,5,1519629653648000,1724.0
1,5,1519629654545999,1732.0
1,5,1519629655385999,1733.0
1,5,1519629657126000,1731.0
1,5,1519629658025999,1736.0
1,5,1519629658926000,1745.0
1,5,1519629659857000,1750.0
1,5,1519629660785999,1762.0
1,5,1519629661686000,1773.0
1,5,1519629662588000,1784.0
1,5,1519629663486000,1797.0
1,5,1519629664385999,1807.0
1,5,1519629665256000,1814.0
1,5,1519629666187000,1812.0
1,5,1519629667086000,1806.0
1,5,1519629667987000,1804.0
1,5,1519629668856000,1811.0
1,5,1519629669756000,1813.0
1,5,1519629670597000,1816.0
1,5,1519629671526000,1828.0
1,5,1519629672366000,1829.0
1,5,1519629673206000,1840.0
1,5,1519629673989000,1838.0
1,5,1519629674828000,1840.0
1,5,1519629675606000,1833.0
1,5,1519629676388000,1825.0
1,5,1519629677136000,1816.0
1,5,1519629677888000,1806.0
1,5,1519629678638000,1791.0
1,5,1519629679388000,1774.0
1,5,1519629680225999,1753.0
1,5,1519629681096000,1745.0
1,5,1519629681876000,1733.0
1,5,1519629682625999,1750.0
1,5,1519629683376000,1779.0
1,5,1519629684126000,1804.0
1,5,1519629684937999,1827.0
1,5,1519629686646000,1834.0
1,5,1519629687486000,1826.0
1,5,1519629688328000,1822.0
1,5,1519629689165000,1809.0
1,5,1519629689976000,1794.0
1,5,1519629690726000,1775.0
1,5,1519629691596000,1760.0
1,5,1519629692377999,1753.0
1,5,1519629693126000,1752.0
1,5,1519629693878000,1757.0
1,5,1519629694628000,1763.0
1,5,1519629695465999,1769.0
1,5,1519629696276000,1773.0
1,5,1519629697029000,1786.0
1,5,1519629697777000,1797.0
1,5,1519629698528000,1809.0
1,5,1519629699366000,1818.0
1,5,1519629700116000,1826.0
1,5,1519629700865999,1827.0
1,5,1519629701616000,1829.0
1,5,1519629702366000,1832.0
1,5,1519629703116000,1835.0
1,5,1519629703865999,1845.0
1,5,1519629704617000,1853.0
1,5,1519629705366000,1857.0
1,5,1519629706116000,1859.0
1,5,1519629706865999,1863.0
1,5,1519629707616000,1853.0
1,5,1519629708366000,1837.0
1,5,1519629709116000,1818.0
1,5,1519629709867000,1793.0
1,5,1519629710616000,1773.0
1,5,1519629711428000,1765.0
1,5,1519629712177000,1773.0
1,5,1519629712928000,1779.0
1,5,1519629713684000,1747.0
1,5,1519629714428000,1777.0
1,5,1519629715177000,1778.0
1,5,1519629715956000,1794.0
1,5,1519629716705999,1808.0
1,5,1519629717455000,1825.0
1,5,1519629718206000,1833.0
1,5,1519629718932000,1858.0
1,5,1519629719679000,1884.0
1,5,1519629720580000,1913.0
1,5,1519629721507000,1945.0
1,5,1519629722406000,1973.0
1,5,1519629723305999,1983.0
1,5,1519629724206000,1994.0
1,5,1519629725105999,2001.0
1,5,1519629726035000,2006.0
1,5,1519629726936000,1991.0
1,5,1519629727865999,1975.0
1,5,1519629728766000,1965.0
1,5,1519629729665999,1957.0
1,5,1519629730566000,1949.0
1,5,1519629731496000,1938.0
1,5,1519629732396000,1934.0
1,5,1519629733296000,1938.0
1,5,1519629734196000,1943.0
1,5,1519629735095000,1959.0
1,5,1519629736025999,1980.0
1,5,1519629736926000,1998.0
1,5,1519629737825999,2017.0
1,5,1519629738726000,2023.0
1,5,1519629739625000,1535.0
1,5,1519629740526000,1602.0
1,5,1519629741456000,1619.0
1,5,1519629742356000,1637.0
1,5,1519629743257000,1648.0
1,5,1519629744156000,1660.0
1,5,1519629745056000,1670.0
1,5,1519629745956000,1679.0
1,5,1519629746856000,1687.0
1,5,1519629747756000,1697.0
1,5,1519629748655000,1703.0
1,5,1519629749556000,1713.0
1,5,1519629750456000,1718.0
1,5,1519629751356000,1724.0
1,5,1519629752256000,1722.0
1,5,1519629753156000,1717.0
1,5,1519629754056000,1714.0
1,5,1519629754956000,1709.0
1,5,1519629755915000,1698.0
1,5,1519629756816000,1686.0
1,5,1519629757716000,1680.0
1,5,1519629759516000,1683.0
1,5,1519629760416000,1684.0
1,5,1519629761316000,1686.0
1,5,1519629762216000,1689.0
1,5,1519629764015000,1684.0
1,5,1519629764916000,1680.0
1,5,1519629765816000,1672.0
1,5,1519629766716000,1668.0
1,5,1519629767585999,1655.0
1,5,1519629768486000,1653.0
1,5,1519629769357000,1635.0
1,5,1519629770256000,1621.0
1,5,1519629771185999,1605.0
1,5,1519629772085000,1596.0
1,5,1519629772896000,1595.0
1,5,1519629774635000,1596.0
1,5,1519629775536000,1590.0
1,5,1519629776405000,1586.0
1,5,1519629777305999,1580.0
1,5,1519629778175000,1573.0
1,5,1519629779075000,1562.0
1,5,1519629780033999,1549.0
1,5,1519629780936000,1532.0
1,5,1519629781836000,1519.0
1,5,1519629782736000,1494.0
1,5,1519629783605000,1482.0
1,5,1519629784448000,1479.0
1,5,1519629785345000,1478.0
1,5,1519629786215000,1481.0
1,5,1519629787113999,1491.0
1,5,1519629787955000,1493.0
1,5,1519629788796000,1497.0
1,5,1519629789635000,1502.0
1,5,1519629792305000,1495.0
1,5,1519629793145000,1485.0
1,5,1519629793897000,1469.0
1,5,1519629794736000,1453.0
1,5,1519629795485000,1436.0
1,5,1519629796297000,1409.0
1,5,1519629797048000,1382.0
1,5,1519629797797000,1366.0
1,5,1519629798545999,1347.0
1,5,1519629799297999,1211.0
1,5,1519629800048000,1393.0
1,5,1519629800855000,1614.0
1,5,1519629802385999,1635.0
1,5,1519629803165000,1655.0
1,5,1519629804006000,1681.0
1,5,1519629804791000,1699.0
1,5,1519629805627000,1718.0
1,5,1519629806495000,1709.0
1,5,1519629807335000,1676.0
1,5,1519629808087000,1622.0
1,5,1519629808987000,1567.0
1,5,1519629809825000,1519.0
1,5,1519629810575000,1495.0
1,5,1519629811385999,1485.0
1,5,1519629812136000,1529.0
1,5,1519629812887000,1611.0
1,5,1519629813637000,1702.0
1,5,1519629814385999,1798.0
1,5,1519629815225000,1889.0
1,5,1519629815974000,1974.0
1,5,1519629816725000,2070.0
1,5,1519629817476000,2173.0
1,5,1519629818286000,2297.0
1,5,1519629819037000,2188.0
1,5,1519629819785999,1853.0
1,5,1519629820537000,1887.0
1,5,1519629821287000,1956.0
1,5,1519629822037000,1878.0
1,5,1519629822787000,1661.0
1,5,1519629823537000,1668.0
1,5,1519629824286000,1705.0
1,5,1519629825037000,1751.0
1,5,1519629825787000,1788.0
1,5,1519629826537000,1811.0
1,5,1519629827287000,1855.0
1,5,1519629828037000,1851.0
1,5,1519629828787000,1842.0
1,5,1519629829537000,1835.0
1,5,1519629830287000,1834.0
1,5,1519629831125000,1836.0
1,5,1519629831875000,1839.0
1,5,1519629832776000,1836.0
1,5,1519629833676000,1833.0
1,5,1519629834605000,1838.0
1,5,1519629835535000,1842.0
1,5,1519629836495000,1844.0
1,5,1519629838297999,1854.0
1,5,1519629839195000,1846.0
1,5,1519629840125000,1849.0
1,5,1519629841084000,1856.0
1,5,1519629842015000,1855.0
1,5,1519629843815000,1859.0
1,5,1519629844715000,1828.0
1,5,1519629845615000,1790.0
1,5,1519629846545000,1736.0
1,5,1519629847445000,1683.0
1,5,1519629848345000,1630.0
1,5,1519629849275000,1599.0
1,5,1519629850175000,1574.0
1,5,1519629851104000,1540.0
1,5,1519629852006000,932.0
1,5,1519629852905000,1737.0
1,5,1519629853805000,1719.0
1,5,1519629854705000,1720.0
1,5,1519629855605000,1722.0
1,5,1519629856504000,1720.0
1,5,1519629857423000,1714.0
1,5,1519629858365000,1705.0
1,5,1519629859265999,1704.0
1,5,1519629860195000,1700.0
1,5,1519629861095000,1698.0
1,5,1519629861995000,1690.0
1,5,1519629862895000,1664.0
1,5,1519629863797000,1618.0
1,5,1519629864725000,1181.0
1,5,1519629865627000,1586.0
1,5,1519629866557000,1852.0
1,5,1519629867456000,1792.0
1,5,1519629868356000,1754.0
1,5,1519629869256000,1731.0
1,5,1519629870156000,1719.0
1,5,1519629871115000,1731.0
1,5,1519629872015000,1760.0
1,5,1519629872916000,1816.0
1,5,1519629873816000,1884.0
1,5,1519629874717000,1958.0
1,5,1519629875616000,1884.0
1,5,1519629876516000,1580.0
1,5,1519629877417000,1630.0
1,5,1519629878286000,1681.0
1,5,1519629879185999,1733.0
1,5,1519629880056000,1775.0
1,5,1519629880956000,1785.0
1,5,1519629881856000,1763.0
1,5,1519629882756000,1725.0
1,5,1519629883625999,1695.0
1,5,1519629884556000,1665.0
1,5,1519629885456000,1647.0
1,5,1519629886268000,1634.0
1,5,1519629887136000,1623.0
1,5,1519629887976000,1618.0
1,5,1519629888816000,1623.0
1,5,1519629889656000,1634.0
1,5,1519629890526000,1651.0
1,5,1519629891425999,1671.0
1,5,1519629892326000,1668.0
1,5,1519629893196000,1674.0
1,5,1519629894096000,1670.0
1,5,1519629894966000,1678.0
1,5,1519629895867000,1686.0
1,5,1519629896736000,1710.0
1,5,1519629897636000,1727.0
1,5,1519629898508000,1735.0
1,5,1519629899406000,1727.0
1,5,1519629900305999,1708.0
1,5,1519629901145000,1696.0
1,5,1519629901985999,1694.0
1,5,1519629902857999,1705.0
1,5,1519629903696000,1706.0
1,5,1519629904566000,1701.0
1,5,1519629905408000,1704.0
1,5,1519629906246000,1706.0
1,5,1519629907175000,1716.0
1,5,1519629907956000,1731.0
1,5,1519629908798000,1762.0
1,5,1519629909545999,1798.0
1,5,1519629910296000,1844.0
1,5,1519629911105999,1922.0
1,5,1519629911857999,1908.0
1,5,1519629912608000,1620.0
1,5,1519629913356000,1673.0
1,5,1519629914107000,1694.0
1,5,1519629914945999,1729.0
1,5,1519629915696000,1734.0
1,5,1519629917256000,1737.0
1,5,1519629918007000,1740.0
1,5,1519629918758000,1739.0
1,5,1519629919596000,1740.0
1,5,1519629920436000,1735.0
1,5,1519629921276000,1737.0
1,5,1519629922176000,1732.0
1,5,1519629922985999,1734.0
1,5,1519629923856000,1727.0
1,5,1519629924636000,1728.0
1,5,1519629925446000,1722.0
1,5,1519629926286000,1725.0
1,5,1519629927036000,1721.0
1,5,1519629927785999,1720.0
1,5,1519629928536000,1719.0
1,5,1519629929286000,1717.0
1,5,1519629930036000,1716.0
1,5,1519629930785999,1718.0
1,5,1519629931536000,1713.0
1,5,1519629932288000,1711.0
1,5,1519629933905999,1715.0
1,5,1519629934686000,1713.0
1,5,1519629935436000,1714.0
1,5,1519629936248000,1715.0
1,5,1519629937748000,1711.0
1,5,1519629938497999,1708.0
1,5,1519629939248000,1706.0
1,5,1519629940027000,1705.0
1,5,1519629940806000,1684.0
1,5,1519629941585999,1681.0
1,5,1519629942337000,1671.0
1,5,1519629943085000,1655.0
1,5,1519629943836000,1646.0
1,5,1519629944585999,1639.0
1,5,1519629945336000,1626.0
1,5,1519629946087000,1617.0
1,5,1519629946836000,1616.0
1,5,1519629947676000,1606.0
1,5,1519629948576000,1580.0
1,5,1519629949477000,1582.0
1,5,1519629950406000,1568.0
1,5,1519629951337000,1552.0
1,5,1519629952233999,1534.0
1,5,1519629953136000,1517.0
1,5,1519629954036000,1502.0
1,5,1519629954936000,1486.0
1,5,1519629955865999,1442.0
1,5,1519629956796000,1398.0
1,5,1519629957696000,1357.0
1,5,1519629958596000,1324.0
1,5,1519629959496000,1308.0
1,5,1519629960396000,1207.0
1,5,1519629961326000,1234.0
1,5,1519629962225999,900.0
1,5,1519629963155000,1564.0
1,5,1519629964056000,1487.0
1,5,1519629964956000,1405.0
1,5,1519629965885000,1086.0
1,5,1519629966785000,1245.0
1,5,1519629967686000,1623.0
1,5,1519629968587000,1471.0
1,5,1519629969487000,1350.0
1,5,1519629970388000,1266.0
1,5,1519629971348000,1156.0
1,5,1519629972276000,1089.0
1,5,1519629973174000,1057.0
1,5,1519629974073999,888.0
1,5,1519629974976000,1415.0
1,5,1519629975936000,1446.0
1,5,1519629976836000,1349.0
1,5,1519629977735000,1229.0
1,5,1519629978633999,1151.0
1,5,1519629979565000,1070.0
1,5,1519629980465000,1014.0
1,5,1519629981365000,993.0
1,5,1519629982265000,999.0
1,5,1519629983166000,1036.0
1,5,1519629984065000,1065.0
1,5,1519629984966000,1097.0
1,5,1519629985865000,1132.0
1,5,1519629986765000,1192.0
1,5,1519629987664000,1278.0
1,5,1519629988595000,1296.0
1,5,1519629989525000,1311.0
1,5,1519629990455000,1286.0
1,5,1519629991385999,1238.0
1,5,1519629992286000,1170.0
1,5,1519629993185000,1097.0
1,5,1519629994055000,1028.0
1,5,1519629994984000,952.0
1,5,1519629995913999,938.0
1,5,1519629996815000,953.0
1,5,1519629997745999,920.0
1,5,1519629998615000,922.0
1,5,1519629999516000,939.0
1,5,1519630000416000,951.0
1,5,1519630001315000,948.0
1,5,1519630002185000,916.0
1,5,1519630003025999,933.0
1,5,1519630003865999,981.0
1,5,1519630004705000,1049.0
1,5,1519630005577999,1160.0
1,5,1519630006447000,1243.0
1,5,1519630007285000,1260.0
1,5,1519630008153999,1207.0
1,5,1519630009057999,1196.0
1,5,1519630009956000,1227.0
1,5,1519630010825000,1281.0
1,5,1519630011727000,1290.0
1,5,1519630012596000,1222.0
1,5,1519630013495000,1200.0
1,5,1519630014365000,1224.0
1,5,1519630015265000,1274.0
1,5,1519630016196000,1332.0
1,5,1519630017065999,1326.0
1,5,1519630017905000,1296.0
1,5,1519630018720000,1277.0
1,5,1519630019615000,1298.0
1,5,1519630020455000,1333.0
1,5,1519630021385000,1295.0
1,5,1519630022165000,1248.0
1,5,1519630023004000,1239.0
1,5,1519630023785999,1265.0
1,5,1519630024567000,1303.0
1,5,1519630025316000,1302.0
1,5,1519630026153999,1278.0
1,5,1519630026907000,1260.0
1,5,1519630027655000,1284.0
1,5,1519630028405000,1311.0
1,5,1519630029155000,1334.0
1,5,1519630029905000,1353.0
1,5,1519630030656000,1376.0
1,5,1519630031468000,1409.0
1,5,1519630032216000,1442.0
1,5,1519630032967000,1471.0
1,5,1519630033717000,1490.0
1,5,1519630034469000,1455.0
1,5,1519630035216000,1409.0
1,5,1519630036054000,1378.0
1,5,1519630036865000,1330.0
1,5,1519630037646000,1290.0
1,5,1519630038457000,1305.0
1,5,1519630039207000,1321.0
1,5,1519630040045000,1360.0
1,5,1519630040795000,1396.0
1,5,1519630041607000,1388.0
1,5,1519630042355000,1397.0
1,5,1519630043105999,1398.0
1,5,1519630043857999,1405.0
1,5,1519630044607000,1413.0
1,5,1519630045357000,1434.0
1,5,1519630046195000,1452.0
1,5,1519630046945000,1440.0
1,5,1519630047695000,1385.0
1,5,1519630048445000,1324.0
1,5,1519630049193999,1302.0
1,5,1519630049944000,1314.0
1,5,1519630050695000,1316.0
1,5,1519630051505999,1333.0
1,5,1519630052257000,1368.0
1,5,1519630053007000,1423.0
1,5,1519630053756000,1489.0
1,5,1519630054505000,1546.0
1,5,1519630055256000,1597.0
1,5,1519630056094000,1635.0
1,5,1519630056847000,1625.0
1,5,1519630057596000,1594.0
1,5,1519630058345000,1520.0
1,5,1519630059094000,1452.0
1,5,1519630059845000,1403.0
1,5,1519630060595000,1382.0
1,5,1519630061345000,1375.0
1,5,1519630062155000,1364.0
1,5,1519630063055000,1350.0
1,5,1519630063956000,1298.0
1,5,1519630064861000,1247.0
1,5,1519630065756000,1252.0
1,5,1519630066685000,1235.0
1,5,1519630067587000,1222.0
1,5,1519630068486000,1195.0
1,5,1519630069387000,1173.0
1,5,1519630070284000,1130.0
1,5,1519630071185000,1082.0
1,5,1519630072084000,1111.0
1,5,1519630072985000,1188.0
1,5,1519630073885000,1296.0
1,5,1519630074785000,1402.0
1,5,1519630075685000,1486.0
1,5,1519630076615000,1581.0
1,5,1519630077513999,1706.0
1,5,1519630078415000,1837.0
1,5,1519630079313999,1934.0
1,5,1519630080244000,2007.0
1,5,1519630081204000,1855.0
1,5,1519630082104000,1378.0
1,5,1519630083005000,1377.0
1,5,1519630083905000,1420.0
1,5,1519630084805000,1421.0
1,5,1519630085704000,1401.0
1,5,1519630086605000,1366.0
1,5,1519630087505000,1328.0
1,5,1519630088435000,1293.0
1,5,1519630089335000,1258.0
1,5,1519630090233000,1238.0
1,5,1519630091134000,1228.0
1,5,1519630092033999,1250.0
1,5,1519630092965000,1329.0
1,5,1519630093865999,1411.0
1,5,1519630094795000,1506.0
1,5,1519630095695000,1596.0
1,5,1519630096595000,1691.0
1,5,1519630097525000,1782.0
1,5,1519630098425999,1862.0
1,5,1519630099326000,1901.0
1,5,1519630100223000,1881.0
1,5,1519630101129999,1833.0
1,5,1519630102025999,1782.0
1,5,1519630102926000,1729.0
1,5,1519630103855000,1677.0
1,5,1519630104755000,1637.0
1,5,1519630105654000,1623.0
1,5,1519630106585999,1613.0
1,5,1519630107513999,1619.0
1,5,1519630108415000,1628.0
1,5,1519630109313999,1638.0
1,5,1519630110214000,1651.0
1,5,1519630111174000,1650.0
1,5,1519630112134000,1657.0
1,5,1519630113035000,1684.0
1,5,1519630113934000,1725.0
1,5,1519630114833999,1791.0
1,5,1519630115763000,1848.0
1,5,1519630116636000,1903.0
1,5,1519630117534000,1930.0
1,5,1519630118433999,1945.0
1,5,1519630119364000,1936.0
1,5,1519630120236000,1893.0
1,5,1519630121075000,1839.0
1,5,1519630121944000,1801.0
1,5,1519630122785000,1789.0
1,5,1519630123625000,1786.0
1,5,1519630124495000,1791.0
1,5,1519630125397000,1807.0
1,5,1519630126264000,1826.0
1,5,1519630127193999,1834.0
1,5,1519630128094000,1813.0
1,5,1519630128996000,1796.0
1,5,1519630129865000,1775.0
1,5,1519630130796000,1744.0
1,5,1519630131696000,1676.0
1,5,1519630132625999,1177.0
1,5,1519630133524000,886.0
1,5,1519630134364000,1497.0
1,5,1519630135175000,1764.0
1,5,1519630136044000,1606.0
1,5,1519630136884000,1483.0
1,5,1519630137814000,1358.0
1,5,1519630138713999,1241.0
1,5,1519630139553999,1133.0
1,5,1519630140366000,880.0
1,5,1519630141175000,889.0
1,5,1519630141925000,895.0
1,5,1519630142765000,898.0
1,5,1519630143576000,899.0
1,5,1519630144325000,961.0
1,5,1519630145164000,945.0
1,5,1519630145974000,1118.0
1,5,1519630146726000,1278.0
1,5,1519630147476000,1200.0
1,5,1519630148225000,1093.0
1,5,1519630148976000,1053.0
1,5,1519630149726000,1122.0
1,5,1519630150477000,1189.0
1,5,1519630151313999,1228.0
1,5,1519630152065000,1246.0
1,5,1519630152815000,1276.0
1,5,1519630153744000,1483.0
1,5,1519630154585999,1780.0
1,5,1519630155425000,1944.0
1,5,1519630156265000,1229.0
1,5,1519630157017000,1064.0
1,5,1519630157825000,938.0
1,5,1519630158605000,912.0
1,5,1519630159353999,903.0
1,5,1519630160165000,900.0
1,5,1519630160974000,899.0
1,5,1519630162505000,901.0
1,5,1519630163254000,899.0
1,5,1519630165624000,901.0
1,5,1519630166465999,898.0
1,5,1519630167214000,899.0
1,5,1519630167966000,900.0
1,5,1519630168716000,895.0
1,5,1519630169465999,859.0
1,5,1519630170214000,919.0
1,5,1519630170967000,907.0
1,5,1519630171729999,1048.0
1,5,1519630172465000,954.0
1,5,1519630173214000,892.0
1,5,1519630173966000,919.0
1,5,1519630174774000,911.0
1,5,1519630176304000,910.0
1,5,1519630177055000,967.0
1,5,1519630177924000,949.0
1,5,1519630178854000,898.0
1,5,1519630179784000,894.0
1,5,1519630180684000,985.0
1,5,1519630181584000,1128.0
1,5,1519630182484000,1177.0
1,5,1519630183384000,1091.0
1,5,1519630184284000,942.0
1,5,1519630185184000,931.0
1,5,1519630186083000,1003.0
1,5,1519630186984000,934.0
1,5,1519630187884000,868.0
1,5,1519630188784000,919.0
1,5,1519630189684000,916.0
1,5,1519630190584000,906.0
1,5,1519630191515000,899.0
1,5,1519630192415000,938.0
1,5,1519630193344000,911.0
1,5,1519630194243000,924.0
1,5,1519630195144000,981.0
1,5,1519630196043000,901.0
1,5,1519630196974000,919.0
1,5,1519630197873999,911.0
1,5,1519630198774000,912.0
1,5,1519630199676000,968.0
1,5,1519630200575000,913.0
1,5,1519630201505000,901.0
1,5,1519630203334000,900.0
1,5,1519630204263000,898.0
1,5,1519630205164000,813.0
1,5,1519630206093000,767.0
1,5,1519630207023000,902.0
1,5,1519630207924000,927.0
1,5,1519630208825000,962.0
1,5,1519630209724000,893.0
1,5,1519630210624000,868.0
1,5,1519630211553999,906.0
1,5,1519630212454000,1053.0
1,5,1519630213353000,910.0
1,5,1519630214253000,906.0
1,5,1519630215153000,903.0
1,5,1519630216054000,885.0
1,5,1519630216953999,791.0
1,5,1519630217853000,770.0
1,5,1519630218753000,903.0
1,5,1519630219654000,891.0
1,5,1519630220587000,922.0
1,5,1519630221513000,993.0
1,5,1519630222444000,892.0
1,5,1519630223345000,902.0
1,5,1519630225143000,910.0
1,5,1519630226915000,908.0
1,5,1519630227814000,1007.0
1,5,1519630228685000,931.0
1,5,1519630229614000,894.0
1,5,1519630230512000,961.0
1,5,1519630231441999,1390.0
1,5,1519630232284000,1706.0
1,5,1519630233182000,947.0
1,5,1519630233995000,955.0
1,5,1519630234864000,1079.0
1,5,1519630235703000,1158.0
1,5,1519630236543000,1225.0
1,5,1519630237384000,1220.0
1,5,1519630238193999,1250.0
1,5,1519630239033000,1306.0
1,5,1519630239783000,1354.0
1,5,1519630240653000,1412.0
1,5,1519630241553000,1486.0
1,5,1519630242423000,1556.0
1,5,1519630243323000,1596.0
1,5,1519630244223000,1626.0
1,5,1519630245063000,1630.0
1,5,1519630245933000,1634.0
1,5,1519630246833000,1619.0
1,5,1519630247673000,1581.0
1,5,1519630248513999,1543.0
1,5,1519630249413000,1501.0
1,5,1519630250253000,1468.0
1,5,1519630251093000,1446.0
1,5,1519630251933000,1433.0
1,5,1519630252774000,1425.0
1,5,1519630253585000,1422.0
1,5,1519630254423000,1440.0
1,5,1519630255263000,1475.0
1,5,1519630256043000,1512.0
1,5,1519630256824000,1539.0
1,5,1519630257574000,1553.0
1,5,1519630258323000,1557.0
1,5,1519630259073999,1552.0
1,5,1519630259824000,1539.0
1,5,1519630260574000,1529.0
1,5,1519630261385000,1530.0
1,5,1519630262133000,1540.0
1,5,1519630262885000,1507.0
1,5,1519630263636000,1484.0
1,5,1519630264473000,1391.0
1,5,1519630265259000,1286.0
1,5,1519630266092000,1178.0
1,5,1519630266873000,1075.0
1,5,1519630267623000,980.0
1,5,1519630268373000,901.0
1,5,1519630269152000,868.0
1,5,1519630269873999,856.0
1,5,1519630270713999,918.0
1,5,1519630271526000,1021.0
1,5,1519630272273000,1097.0
1,5,1519630273025000,1177.0
1,5,1519630273774000,1225.0
1,5,1519630274524000,1259.0
1,5,1519630275275000,1283.0
1,5,1519630276083000,1294.0
1,5,1519630276863000,1256.0
1,5,1519630277613000,1230.0
1,5,1519630278363000,1203.0
1,5,1519630279113000,1179.0
1,5,1519630279881000,1149.0
1,5,1519630280675000,1136.0
1,5,1519630281513000,1145.0
1,5,1519630282263000,1155.0
1,5,1519630283013000,1165.0
1,5,1519630283765000,1154.0
1,5,1519630284513999,1149.0
1,5,1519630285263000,1138.0
1,5,1519630286015000,1063.0
1,5,1519630286765000,970.0
1,5,1519630287513000,901.0
1,5,1519630288263000,866.0
1,5,1519630289013000,856.0
1,5,1519630289825000,866.0
1,5,1519630290576000,892.0
1,5,1519630291413000,948.0
1,5,1519630292254000,917.0
1,5,1519630293153999,906.0
1,5,1519630294055000,902.0
1,5,1519630294953000,900.0
1,5,1519630296785000,899.0
1,5,1519630297684000,847.0
1,5,1519630298584000,853.0
1,5,1519630299484000,859.0
1,5,1519630300415000,954.0
1,5,1519630301374000,974.0
1,5,1519630302273999,943.0
1,5,1519630303174000,911.0
1,5,1519630304073999,897.0
1,5,1519630304974000,903.0
1,5,1519630305876000,939.0
1,5,1519630306804000,971.0
1,5,1519630307734000,1021.0
1,5,1519630308633999,1089.0
1,5,1519630309564000,1163.0
1,5,1519630310464000,1210.0
1,5,1519630311425000,1243.0
1,5,1519630312355000,1250.0
1,5,1519630313254000,1158.0
1,5,1519630314153999,1040.0
1,5,1519630315053000,926.0
1,5,1519630315953999,871.0
1,5,1519630316884000,866.0
1,5,1519630317785000,922.0
1,5,1519630318684000,950.0
1,5,1519630319584000,963.0
1,5,1519630320484000,934.0
1,5,1519630321414000,899.0
1,5,1519630322313999,874.0
1,5,1519630323214000,894.0
1,5,1519630324113999,942.0
1,5,1519630325015000,985.0
1,5,1519630325913000,1057.0
1,5,1519630326844000,1161.0
1,5,1519630327744000,1230.0
1,5,1519630328646000,1269.0
1,5,1519630329545000,1307.0
1,5,1519630330445000,1336.0
1,5,1519630331345999,1388.0
1,5,1519630332246000,1437.0
1,5,1519630333174000,1485.0
1,5,1519630334076000,1507.0
1,5,1519630334974000,1520.0
1,5,1519630335873999,1498.0
1,5,1519630336774000,1438.0
1,5,1519630337673999,1359.0
1,5,1519630338544000,1272.0
1,5,1519630339444000,1210.0
1,5,1519630340344000,1170.0
1,5,1519630341214000,1149.0
1,5,1519630342113000,1166.0
1,5,1519630342984000,1205.0
1,5,1519630343884000,1272.0
1,5,1519630344753999,1396.0
1,5,1519630345654000,1650.0
1,5,1519630346553999,1891.0
1,5,1519630347425000,1637.0
1,5,1519630348294000,1233.0
1,5,1519630349163000,1227.0
1,5,1519630350004000,1257.0
1,5,1519630350844000,1300.0
1,5,1519630351684000,1350.0
1,5,1519630352555000,1402.0
1,5,1519630353393999,1431.0
1,5,1519630354173000,1450.0
1,5,1519630355044000,1491.0
1,5,1519630355854000,1536.0
1,5,1519630356694000,1558.0
1,5,1519630357593999,1526.0
1,5,1519630358494000,1516.0
1,5,1519630359397000,1480.0
1,5,1519630360294000,1476.0
1,5,1519630361133000,1487.0
1,5,1519630361974000,1520.0
1,5,1519630362845000,1571.0
1,5,1519630363684000,1613.0
1,5,1519630364555000,1661.0
1,5,1519630365395000,1697.0
1,5,1519630366233999,1715.0
1,5,1519630367075000,1719.0
1,5,1519630367884000,1724.0
1,5,1519630369536000,1738.0
1,5,1519630370283000,1760.0
1,5,1519630371033999,1794.0
1,5,1519630371873999,1842.0
1,5,1519630372596000,1877.0
1,5,1519630373345000,1926.0
1,5,1519630374101000,2025.0
1,5,1519630374846000,1862.0
1,5,1519630375595000,1440.0
1,5,1519630376433999,1461.0
1,5,1519630377183000,1498.0
1,5,1519630377934000,1520.0
1,5,1519630378684000,1530.0
1,5,1519630379433999,1551.0
1,5,1519630380184000,1576.0
1,5,1519630380934000,1623.0
1,5,1519630381803000,1684.0
1,5,1519630382584000,1731.0
1,5,1519630383333000,1773.0
1,5,1519630384084000,1788.0
1,5,1519630384833999,1798.0
1,5,1519630385583000,1808.0
1,5,1519630386424000,1810.0
1,5,1519630387172000,1821.0
1,5,1519630387924000,1825.0
1,5,1519630388793999,1829.0
1,5,1519630389574000,1837.0
1,5,1519630390323000,1846.0
1,5,1519630391073000,1849.0
1,5,1519630391823000,1839.0
1,5,1519630392573000,1842.0
1,5,1519630393385999,1813.0
1,5,1519630394222000,1779.0
1,5,1519630394974000,1747.0
1,5,1519630395723000,1714.0
1,5,1519630396534000,1680.0
1,5,1519630397285000,1651.0
1,5,1519630398035000,1624.0
1,5,1519630398790000,1597.0
1,5,1519630399534000,1009.0
1,5,1519630400287000,880.0
1,5,1519630401183000,1880.0
1,5,1519630401935000,2100.0
1,5,1519630402688000,2041.0
1,5,1519630403436000,1953.0
1,5,1519630404184000,1866.0
1,5,1519630404936000,1799.0
1,5,1519630405686000,1730.0
1,5,1519630406435000,1664.0
1,5,1519630407363000,1592.0
1,5,1519630408264000,1514.0
1,5,1519630409223000,1304.0
1,5,1519630410123000,888.0
1,5,1519630411023000,1304.0
1,5,1519630411926000,1873.0
1,5,1519630412823000,1743.0
1,5,1519630413753999,1625.0
1,5,1519630414653000,1516.0
1,5,1519630415553000,1411.0
1,5,1519630416513000,1312.0
1,5,1519630417443000,1250.0
1,5,1519630418372000,1229.0
1,5,1519630419304000,1247.0
1,5,1519630420233999,1300.0
1,5,1519630421163000,1381.0
1,5,1519630422062000,1437.0
1,5,1519630422964000,1476.0
1,5,1519630423864000,1538.0
1,5,1519630424764000,1658.0
1,5,1519630425664000,1813.0
1,5,1519630426593000,1097.0
1,5,1519630427523000,1140.0
1,5,1519630428423000,1087.0
1,5,1519630429353999,1080.0
1,5,1519630430254000,1108.0
1,5,1519630431213000,1142.0
1,5,1519630432113000,1171.0
1,5,1519630433014000,1190.0
1,5,1519630433943000,1205.0
1,5,1519630434873000,1222.0
1,5,1519630435775000,1239.0
1,5,1519630436703000,1255.0
1,5,1519630437633999,1267.0
1,5,1519630438535000,1295.0
1,5,1519630439433999,1334.0
1,5,1519630440333000,1381.0
1,5,1519630441293000,1437.0
1,5,1519630442193000,1489.0
1,5,1519630443093000,1534.0
1,5,1519630443993000,1569.0
1,5,1519630444894000,1583.0
1,5,1519630445792000,1553.0
1,5,1519630446723000,1510.0
1,5,1519630447623000,1497.0
1,5,1519630448523000,1507.0
1,5,1519630449423000,1519.0
1,5,1519630450352000,1523.0
1,5,1519630451254000,1503.0
1,5,1519630452153000,1464.0
1,5,1519630453052000,1394.0
1,5,1519630453953000,875.0
1,5,1519630454853000,961.0
1,5,1519630455753000,1681.0
1,5,1519630456683000,1623.0
1,5,1519630457613000,1679.0
1,5,1519630458513000,1799.0
1,5,1519630459473000,1936.0
1,5,1519630460373000,2034.0
1,5,1519630461273000,2001.0
1,5,1519630462172000,1894.0
1,5,1519630463073000,1783.0
1,5,1519630463973000,1694.0
1,5,1519630464873000,1661.0
1,5,1519630465773000,1669.0
1,5,1519630466614000,1716.0
1,5,1519630467453000,1841.0
1,5,1519630468293000,2012.0
1,5,1519630469156000,2075.0
1,5,1519630470003000,1684.0
1,5,1519630470815000,1394.0
1,5,1519630471653000,1434.0
1,5,1519630472404000,1452.0
1,5,1519630473153000,1461.0
1,5,1519630473905000,1474.0
1,5,1519630474713000,1499.0
1,5,1519630475614000,1556.0
1,5,1519630476481999,1652.0
1,5,1519630477383000,1739.0
1,5,1519630478223000,1722.0
1,5,1519630479092000,1661.0
1,5,1519630479964000,1592.0
1,5,1519630480833000,1532.0
1,5,1519630481733000,1473.0
1,5,1519630482604000,1412.0
1,5,1519630483413000,1362.0
1,5,1519630484254000,1317.0
1,5,1519630485092000,1264.0
1,5,1519630485843000,1214.0
1,5,1519630486593000,1164.0
1,5,1519630487343000,890.0
1,5,1519630488092000,894.0
1,5,1519630488843000,1407.0
1,5,1519630489593000,1494.0
1,5,1519630490343000,1410.0
1,5,1519630491093000,1393.0
1,5,1519630491905000,1456.0
1,5,1519630492653000,1558.0
1,5,1519630493403000,1690.0
1,5,1519630494244000,1804.0
1,5,1519630494992000,1826.0
1,5,1519630495804000,1811.0
1,5,1519630496643000,1813.0
1,5,1519630497393000,1834.0
1,5,1519630498203000,1859.0
1,5,1519630498957000,1879.0
1,5,1519630499705000,1892.0
1,5,1519630500454000,1898.0
1,5,1519630501203000,1900.0
1,5,1519630501956000,1936.0
1,5,1519630502705000,2018.0
1,5,1519630503481999,2144.0
1,5,1519630504233999,1604.0
1,5,1519630504984000,1418.0
1,5,1519630505732000,1525.0
1,5,1519630506542000,1566.0
1,5,1519630507293000,1545.0
1,5,1519630508046000,1506.0
1,5,1519630508793999,1469.0
1,5,1519630509544000,1442.0
1,5,1519630510294000,1445.0
1,5,1519630511041999,1488.0
1,5,1519630511881999,1561.0
1,5,1519630512632000,1643.0
1,5,1519630513444000,1732.0
1,5,1519630514192000,1804.0
1,5,1519630514944000,1855.0
1,5,1519630515694000,1888.0
1,5,1519630516532000,1908.0
1,5,1519630517281999,1921.0
1,5,1519630518033000,1945.0
1,5,1519630518782000,1961.0
1,5,1519630519532000,1982.0
1,5,1519630520281999,2002.0
1,5,1519630521032000,2019.0
1,5,1519630521841999,2018.0
1,5,1519630522772000,2000.0
1,5,1519630523703000,1984.0
1,5,1519630524601999,1980.0
1,5,1519630525502000,1984.0
1,5,1519630526401999,1997.0
1,5,1519630527302000,2012.0
1,5,1519630528201999,2029.0
1,5,1519630529163000,2098.0
1,5,1519630530062000,1583.0
1,5,1519630530961999,1471.0
1,5,1519630531862000,1505.0
1,5,1519630532763000,1535.0
1,5,1519630533692000,1546.0
1,5,1519630534592000,1543.0
1,5,1519630535523000,1535.0
1,5,1519630536422000,1529.0
1,5,1519630537321999,1524.0
1,5,1519630538222000,1522.0
1,5,1519630539121999,1523.0
1,5,1519630540023000,1543.0
1,5,1519630540923000,1579.0
1,5,1519630541852000,1623.0
1,5,1519630542752000,1665.0
1,5,1519630543687000,1698.0
1,5,1519630544583000,1699.0
1,5,1519630545512000,1691.0
1,5,1519630546443000,1682.0
1,5,1519630547342000,1674.0
1,5,1519630548241999,1670.0
1,5,1519630549142000,1674.0
1,5,1519630550071000,1695.0
1,5,1519630550972000,1715.0
1,5,1519630551902000,1737.0
1,5,1519630552803000,1768.0
1,5,1519630553702000,1794.0
1,5,1519630554601999,1815.0
1,5,1519630555502000,1822.0
1,5,1519630556432000,1820.0
1,5,1519630557332000,1816.0
1,5,1519630558233000,1812.0
1,5,1519630559132000,1810.0
1,5,1519630560032000,1806.0
1,5,1519630560961999,1812.0
1,5,1519630561862000,1825.0
1,5,1519630562792000,1852.0
1,5,1519630563692000,1886.0
1,5,1519630564622000,1947.0
1,5,1519630565521000,1519.0
1,5,1519630566422000,1550.0
1,5,1519630567321000,1588.0
1,5,1519630568222000,1614.0
1,5,1519630569121999,1619.0
1,5,1519630570921999,1633.0
1,5,1519630571821000,1652.0
1,5,1519630572721999,1688.0
1,5,1519630573622000,1726.0
1,5,1519630574521999,1753.0
1,5,1519630575422000,1769.0
1,5,1519630576292000,1777.0
1,5,1519630577132000,1771.0
1,5,1519630577974000,1765.0
1,5,1519630578873000,1769.0
1,5,1519630579713000,1773.0
1,5,1519630580552000,1781.0
1,5,1519630581422000,1784.0
1,5,1519630582232000,1788.0
1,5,1519630583072000,1790.0
1,5,1519630583912000,1797.0
1,5,1519630584812000,1800.0
1,5,1519630585561999,1798.0
1,5,1519630586401999,1796.0
1,5,1519630587213000,1791.0
1,5,1519630588023000,1790.0
1,5,1519630588801999,1789.0
1,5,1519630589524000,1798.0
1,5,1519630590302000,1807.0
1,5,1519630591262000,1816.0
1,5,1519630592161999,1817.0
1,5,1519630593062000,1813.0
1,5,1519630593902000,1810.0
1,5,1519630594742000,1812.0
1,5,1519630595582000,1810.0
1,5,1519630597262000,1808.0
1,5,1519630598101000,1802.0
1,5,1519630598913000,1782.0
1,5,1519630599752000,1777.0
1,5,1519630600592000,1771.0
1,5,1519630601462000,1770.0
1,5,1519630602302000,1766.0
1,5,1519630603053000,1773.0
1,5,1519630603801999,1775.0
1,5,1519630604551000,1781.0
1,5,1519630605302000,1789.0
1,5,1519630606051000,1801.0
1,5,1519630606801999,1816.0
1,5,1519630607552000,1849.0
1,5,1519630608302000,1877.0
1,5,1519630609052000,1910.0
1,5,1519630609801999,1938.0
1,5,1519630610551000,1963.0
1,5,1519630611361999,1979.0
1,5,1519630612112000,1985.0
1,5,1519630612862000,1976.0
1,5,1519630613613000,1969.0
1,5,1519630614391000,1959.0
1,5,1519630615112000,1954.0
1,5,1519630615863000,1952.0
1,5,1519630616702000,1955.0
1,5,1519630617452000,1957.0
1,5,1519630618201999,1964.0
1,5,1519630618952000,1966.0
1,5,1519630619704000,1974.0
1,5,1519630620453000,1981.0
1,5,1519630621261000,1991.0
1,5,1519630622041999,1999.0
1,5,1519630622792000,2010.0
1,5,1519630623541000,2019.0
1,5,1519630624291000,2030.0
1,5,1519630625071000,2039.0
1,5,1519630625851000,2055.0
1,5,1519630626692000,2068.0
1,5,1519630627502000,2075.0
1,5,1519630628252000,2077.0
1,5,1519630629003000,2079.0
1,5,1519630629753000,2085.0
1,5,1519630630503000,2082.0
1,5,1519630631312000,2085.0
1,5,1519630632091000,2082.0
1,5,1519630632841999,2074.0
1,5,1519630633591000,2067.0
1,5,1519630635211000,2057.0
1,5,1519630636141000,2043.0
1,5,1519630637071000,2029.0
1,5,1519630637972000,2008.0
1,5,1519630638871000,1978.0
1,5,1519630639772000,1963.0
1,5,1519630640672000,1933.0
1,5,1519630641601000,1919.0
1,5,1519630642502000,1901.0
1,5,1519630643401000,1891.0
1,5,1519630644301000,1868.0
1,5,1519630645201000,1850.0
1,5,1519630646102000,1833.0
1,5,1519630647001999,1819.0
1,5,1519630647900000,1797.0
1,5,1519630648801999,1766.0
1,5,1519630649701000,1736.0
1,5,1519630650601999,1706.0
1,5,1519630651502000,1673.0
1,5,1519630652403000,1647.0
1,5,1519630653301000,1628.0
1,5,1519630654200000,1605.0
1,5,1519630655101000,1587.0
1,5,1519630656001000,1574.0
1,5,1519630656961000,1573.0
1,5,1519630657861000,1549.0
1,5,1519630658761000,1521.0
1,5,1519630659661000,1511.0
1,5,1519630660561000,1516.0
1,5,1519630661493000,1515.0
1,5,1519630662392000,1524.0
1,5,1519630664192000,1490.0
1,5,1519630665091000,1492.0
1,5,1519630665992000,1482.0
1,5,1519630666894000,1478.0
1,5,1519630667821000,1464.0
1,5,1519630668721000,1449.0
1,5,1519630669621000,1443.0
1,5,1519630670521000,1439.0
1,5,1519630671481000,1426.0
1,5,1519630672381000,1410.0
1,5,1519630673281000,1388.0
1,5,1519630674181000,1366.0
1,5,1519630675081000,1340.0
1,5,1519630675983000,1328.0
1,5,1519630676881000,1317.0
1,5,1519630677782000,1309.0
1,5,1519630678681999,1302.0
1,5,1519630679581000,1299.0
1,5,1519630680481999,1306.0
1,5,1519630681411000,1302.0
1,5,1519630682313000,1328.0
1,5,1519630683212000,1344.0
1,5,1519630684110000,1360.0
1,5,1519630684983000,1371.0
1,5,1519630685880000,1375.0
1,5,1519630686812000,1364.0
1,5,1519630687743000,1351.0
1,5,1519630688641999,1338.0
1,5,1519630689512000,1339.0
1,5,1519630690411000,1343.0
1,5,1519630691281000,1348.0
1,5,1519630692181000,1353.0
1,5,1519630693021000,1346.0
1,5,1519630693921000,1327.0
1,5,1519630694761000,927.0
1,5,1519630695601000,1620.0
1,5,1519630696471000,1580.0
1,5,1519630697285000,1547.0
1,5,1519630698139000,1536.0
1,5,1519630699021000,1493.0
1,5,1519630699862000,1468.0
1,5,1519630700703000,1448.0
1,5,1519630701483000,1454.0
1,5,1519630702321000,1467.0
1,5,1519630703100000,1513.0
1,5,1519630703884000,1559.0
1,5,1519630704632000,1592.0
1,5,1519630705381000,1615.0
1,5,1519630706131000,1631.0
1,5,1519630707031000,1641.0
1,5,1519630707931000,1678.0
1,5,1519630708801000,1739.0
1,5,1519630709701000,1805.0
1,5,1519630710572000,1894.0
1,5,1519630711471000,2012.0
1,5,1519630712311000,2129.0
1,5,1519630713211000,2251.0
1,5,1519630714051000,2346.0
1,5,1519630714891000,1832.0
1,5,1519630715673000,1868.0
1,5,1519630716511000,1902.0
1,5,1519630717291000,1932.0
1,5,1519630718071000,1961.0
1,5,1519630718821000,1997.0
1,5,1519630719573000,2051.0
1,5,1519630720321000,2117.0
1,5,1519630721073000,2185.0
1,5,1519630721823000,2210.0
1,5,1519630722572000,1838.0
1,5,1519630723321999,1853.0
1,5,1519630724071000,1843.0
1,5,1519630724822000,1874.0
1,5,1519630725573000,1815.0
1,5,1519630726381000,1808.0
1,5,1519630727161000,1812.0
1,5,1519630727973000,1826.0
1,5,1519630728721999,1840.0
1,5,1519630729560000,1856.0
1,5,1519630730373000,1868.0
1,5,1519630731121000,1878.0
1,5,1519630731961000,1883.0
1,5,1519630732710000,1887.0
1,5,1519630733460000,1891.0
1,5,1519630734240000,1898.0
1,5,1519630734960000,1907.0
1,5,1519630735712000,1910.0
1,5,1519630736462000,1921.0
1,5,1519630737211000,1932.0
1,5,1519630737961999,1941.0
1,5,1519630738712000,1951.0
1,5,1519630739463000,1960.0
1,5,1519630740300000,1967.0
1,5,1519630741051000,1973.0
1,5,1519630741862000,1974.0
1,5,1519630742612000,1980.0
1,5,1519630743363000,1991.0
1,5,1519630744125000,1996.0
1,5,1519630744862000,2004.0
1,5,1519630745612000,2013.0
1,5,1519630746451000,2022.0
1,5,1519630747200000,2035.0
1,5,1519630747950000,2042.0
1,5,1519630748791000,2052.0
1,5,1519630749689999,2063.0
1,5,1519630750591000,2072.0
1,5,1519630751521000,2082.0
1,5,1519630752421000,2087.0
1,5,1519630753321000,2090.0
1,5,1519630754220000,2094.0
1,5,1519630755120000,2099.0
1,5,1519630756020000,2101.0
1,5,1519630756920000,2102.0
1,5,1519630757820000,2098.0
1,5,1519630759620000,2102.0
1,5,1519630760550000,2091.0
1,5,1519630761481000,2063.0
1,5,1519630762381000,2040.0
1,5,1519630763280000,2010.0
1,5,1519630764180000,1988.0
1,5,1519630765081000,1965.0
1,5,1519630765981000,1956.0
1,5,1519630766880000,1946.0
1,5,1519630767780000,1939.0
1,5,1519630768680000,1937.0
1,5,1519630769580000,1939.0
1,5,1519630770479000,1942.0
1,5,1519630771380000,1938.0
1,5,1519630773180000,1941.0
1,5,1519630774080000,1939.0
1,5,1519630774980000,1942.0
1,5,1519630775881000,1945.0
1,5,1519630776809999,1943.0
1,5,1519630777741000,1942.0
1,5,1519630778639000,1944.0
1,5,1519630779540000,1943.0
1,5,1519630780440000,1945.0
1,5,1519630782271000,1940.0
1,5,1519630784969999,1937.0
1,5,1519630787729999,1936.0
1,5,1519630788660000,1935.0
1,5,1519630789532000,1932.0
1,5,1519630790430000,1933.0
1,5,1519630792200000,1935.0
1,5,1519630793129999,1939.0
1,5,1519630794030000,1944.0
1,5,1519630794929999,1946.0
1,5,1519630795830000,1949.0
1,5,1519630796760000,1950.0
1,5,1519630797660000,1953.0
1,5,1519630798560000,1952.0
1,5,1519630799460000,1951.0
1,5,1519630800390000,1941.0
1,5,1519630801292000,1929.0
1,5,1519630802220000,1915.0
1,5,1519630803089999,1901.0
1,5,1519630803990000,1889.0
1,5,1519630804889999,1872.0
1,5,1519630805789000,1858.0
1,5,1519630806689999,1845.0
1,5,1519630807591000,1831.0
1,5,1519630808430000,1818.0
1,5,1519630809360000,1803.0
1,5,1519630810260000,1794.0
1,5,1519630811100000,1787.0
1,5,1519630812030000,1783.0
1,5,1519630812871000,1776.0
1,5,1519630813710000,1774.0
1,5,1519630814550000,1767.0
1,5,1519630815392000,1757.0
1,5,1519630816230000,1747.0
1,5,1519630817129000,1736.0
1,5,1519630817880000,1728.0
1,5,1519630818691000,1722.0
1,5,1519630819441000,1719.0
1,5,1519630820190000,1720.0
1,5,1519630820941000,1724.0
1,5,1519630821691000,1733.0
1,5,1519630822470000,1745.0
1,5,1519630823369999,1772.0
1,5,1519630824270000,1777.0
1,5,1519630825109000,1783.0
1,5,1519630825950000,1787.0
1,5,1519630826820000,1783.0
1,5,1519630827631000,1770.0
1,5,1519630828470000,1760.0
1,5,1519630829369999,1748.0
1,5,1519630830180000,1736.0
1,5,1519630830961999,1729.0
1,5,1519630831831000,1724.0
1,5,1519630832670000,1717.0
1,5,1519630833421000,1710.0
1,5,1519630834981000,1704.0
1,5,1519630835731000,1706.0
1,5,1519630836569999,1704.0
1,5,1519630837379000,1706.0
1,5,1519630838129999,1714.0
1,5,1519630838939000,1720.0
1,5,1519630839720000,1725.0
1,5,1519630840470000,1745.0
1,5,1519630841220000,1764.0
1,5,1519630841969999,1789.0
1,5,1519630842720000,1813.0
1,5,1519630843470000,1827.0
1,5,1519630844219000,1843.0
1,5,1519630844969000,1854.0
1,5,1519630845720000,1865.0
1,5,1519630846470000,1872.0
1,5,1519630847969000,1875.0
1,5,1519630848719000,1870.0
1,5,1519630849469000,1863.0
1,5,1519630850219000,1861.0
1,5,1519630850969000,1857.0
1,5,1519630851809999,1852.0
1,5,1519630852559000,1843.0
1,5,1519630853309000,1834.0
1,5,1519630854060000,1825.0
1,5,1519630854809000,1811.0
1,5,1519630855559000,1800.0
1,5,1519630856310000,1790.0
1,5,1519630857059000,1779.0
1,5,1519630857809000,1771.0
1,5,1519630858559000,1763.0
1,5,1519630859309000,1751.0
1,5,1519630860059000,1736.0
1,5,1519630860809000,1724.0
1,5,1519630861620000,1715.0
1,5,1519630862369999,1708.0
1,5,1519630863150000,1702.0
1,5,1519630864049999,1699.0
1,5,1519630864949000,1694.0
1,5,1519630865849000,1698.0
1,5,1519630866779000,1703.0
1,5,1519630867679000,1714.0
1,5,1519630868579000,1723.0
1,5,1519630869510000,1738.0
1,5,1519630870409000,1747.0
1,5,1519630871310000,1753.0
1,5,1519630872240000,1766.0
1,5,1519630873137999,1779.0
1,5,1519630874040000,1791.0
1,5,1519630874940000,1805.0
1,5,1519630875838000,1811.0
1,5,1519630876769000,1817.0
1,5,1519630877699000,1829.0
1,5,1519630878599000,1835.0
1,5,1519630879499000,1839.0
1,5,1519630880399000,1841.0
1,5,1519630881300000,1845.0
1,5,1519630882199000,1847.0
1,5,1519630883099000,1851.0
1,5,1519630883999000,1859.0
1,5,1519630884929000,1864.0
1,5,1519630885831000,1878.0
1,5,1519630886760000,1875.0
1,5,1519630887659000,1879.0
1,5,1519630888560000,1889.0
1,5,1519630889460000,1891.0
1,5,1519630890360000,1889.0
1,5,1519630891259000,1885.0
1,5,1519630892189000,1875.0
1,5,1519630893088000,1869.0
1,5,1519630893988000,1859.0
1,5,1519630894889999,1848.0
1,5,1519630895788000,1837.0
1,5,1519630896719000,1826.0
1,5,1519630897620000,1822.0
1,5,1519630898549000,1813.0
1,5,1519630899448000,1807.0
1,5,1519630900319000,1808.0
1,5,1519630901219000,1804.0
1,5,1519630902149000,1802.0
1,5,1519630903079000,1800.0
1,5,1519630903949000,1804.0
1,5,1519630904849000,1813.0
1,5,1519630905779000,1822.0
1,5,1519630906710000,1831.0
1,5,1519630907640000,1848.0
1,5,1519630908539000,1860.0
1,5,1519630909379000,1876.0
1,5,1519630910280000,1890.0
1,5,1519630911179000,1901.0
1,5,1519630912078000,1911.0
1,5,1519630912951000,1918.0
1,5,1519630913849000,1919.0
1,5,1519630914749000,1922.0
1,5,1519630915619000,1928.0
1,5,1519630916609000,1930.0
1,5,1519630917479000,1933.0
1,5,1519630918379000,1937.0
1,5,1519630919279000,1940.0
1,5,1519630921049999,1941.0
1,5,1519630921980000,1940.0
1,5,1519630922849000,1939.0
1,5,1519630923780000,1941.0
1,5,1519630924679000,1943.0
1,5,1519630925519000,1946.0
1,5,1519630926389000,1943.0
1,5,1519630927199000,1938.0
1,5,1519630929779000,1939.0
1,5,1519630930590000,1937.0
1,5,1519630931459000,1935.0
1,5,1519630932240000,1937.0
1,5,1519630932989000,1938.0
1,5,1519630934489000,1943.0
1,5,1519630935239000,1939.0
1,5,1519630935988000,1940.0
1,5,1519630936739000,1943.0
1,5,1519630937489000,1941.0
1,5,1519630938238000,1937.0
1,5,1519630939979000,1946.0
1,5,1519630940819000,1940.0
1,5,1519630941689000,1943.0
1,5,1519630942529000,1942.0
1,5,1519630943399000,1940.0
1,5,1519630944239000,1943.0
1,5,1519630944991000,1945.0
1,5,1519630945829000,1943.0
1,5,1519630946729000,1944.0
1,5,1519630947540000,1946.0
1,5,1519630948319000,1945.0
1,5,1519630949040000,1943.0
1,5,1519630949790000,1953.0
1,5,1519630950537999,1952.0
1,5,1519630951379000,1953.0
1,5,1519630952189000,1956.0
1,5,1519630953029000,1957.0
1,5,1519630953809999,1954.0
1,5,1519630954590000,1956.0
1,5,1519630955428000,1954.0
1,5,1519630956177999,1951.0
1,5,1519630956989000,1952.0
1,5,1519630957740000,1949.0
1,5,1519630958492000,1950.0
1,5,1519630959239000,1945.0
1,5,1519630959989000,1947.0
1,5,1519630960739000,1945.0
1,5,1519630963139000,1949.0
1,5,1519630963891000,1948.0
1,5,1519630964641999,1946.0
1,5,1519630965391000,1949.0
1,5,1519630966139000,1946.0
1,5,1519630966979000,1944.0
1,5,1519630967731000,1941.0
1,5,1519630968480000,1949.0
1,5,1519630969230000,1946.0
1,5,1519630969980000,1944.0
1,5,1519630970819000,1947.0
1,5,1519630971568000,1951.0
1,5,1519630972318000,1947.0
1,5,1519630973068000,1945.0
1,5,1519630973817999,1944.0
1,5,1519630974568000,1950.0
1,5,1519630975318000,1947.0
1,5,1519630976069000,1952.0
1,5,1519630976880000,1947.0
1,5,1519630977628000,1951.0
1,5,1519630978497999,1946.0
1,5,1519630979404000,1948.0
1,5,1519630980297999,1952.0
1,5,1519630981257999,1953.0
1,5,1519630982128000,1948.0
1,5,1519630983029000,1951.0
1,5,1519630983929000,1956.0
1,5,1519630984829000,1955.0
1,5,1519630985729000,1957.0
1,5,1519630986659000,1959.0
1,5,1519630987559000,1958.0
1,5,1519630988459000,1956.0
1,5,1519630989358000,1957.0
1,5,1519630990257999,1953.0
1,5,1519630991158000,1956.0
1,5,1519630992088000,1954.0
1,5,1519630992989000,1952.0
1,5,1519630993888000,1953.0
1,5,1519630994789000,1950.0
1,5,1519630995688000,1945.0
1,5,1519630997518000,1942.0
1,5,1519630999318000,1939.0
1,5,1519631000217999,1938.0
1,5,1519631001148000,1935.0
1,5,1519631002054000,1932.0
1,5,1519631002948000,1933.0
1,5,1519631003849000,1931.0
1,5,1519631004749000,1932.0
1,5,1519631005648000,1931.0
1,5,1519631006577999,1930.0
1,5,1519631007478000,1928.0
1,5,1519631008377999,1934.0
1,5,1519631009278000,1937.0
1,5,1519631011108000,1939.0
1,5,1519631012908000,1942.0
1,5,1519631013808000,1944.0
1,5,1519631014709000,1940.0
1,5,1519631015609000,1941.0
1,5,1519631016537999,1943.0
1,5,1519631017439000,1940.0
1,5,1519631018337999,1943.0
1,5,1519631019239000,1941.0
1,5,1519631021038000,1946.0
1,5,1519631021937999,1948.0
1,5,1519631022838000,1947.0
1,5,1519631023737999,1945.0
1,5,1519631025537999,1949.0
1,5,1519631026468000,1954.0
1,5,1519631027368000,1956.0
1,5,1519631028268000,1959.0
1,5,1519631029168000,1960.0
1,5,1519631030128000,1959.0
1,5,1519631031027000,1966.0
1,5,1519631031988000,1968.0
1,5,1519631032888000,1964.0
1,5,1519631033788000,1966.0
1,5,1519631034657999,1961.0
1,5,1519631035558000,1960.0
1,5,1519631036398000,1958.0
1,5,1519631038228000,1957.0
1,5,1519631039097000,1958.0
1,5,1519631040928000,1955.0
1,5,1519631041799000,1953.0
1,5,1519631042611000,1952.0
1,5,1519631043508000,1948.0
1,5,1519631044348000,1944.0
1,5,1519631045188000,1938.0
1,5,1519631046027000,1932.0
1,5,1519631046897999,1930.0
1,5,1519631047710000,1925.0
1,5,1519631048520000,1926.0
1,5,1519631049297999,1922.0
1,5,1519631050048000,1923.0
1,5,1519631050798000,1924.0
1,5,1519631053198000,1925.0
1,5,1519631054008000,1930.0
1,5,1519631054849000,1934.0
1,5,1519631055688000,1936.0
1,5,1519631056617999,1935.0
1,5,1519631058358000,1938.0
1,5,1519631059198000,1941.0
1,5,1519631060038000,1939.0
1,5,1519631060848000,1937.0
1,5,1519631061688000,1941.0
1,5,1519631062438000,1940.0
1,5,1519631063248000,1939.0
1,5,1519631063999000,1940.0
1,5,1519631064749000,1942.0
1,5,1519631065499000,1944.0
1,5,1519631066249000,1945.0
1,5,1519631066999000,1942.0
1,5,1519631067749000,1949.0
1,5,1519631068500000,1951.0
1,5,1519631069999000,1952.0
1,5,1519631070749000,1955.0
1,5,1519631071558000,1954.0
1,5,1519631072337999,1955.0
1,5,1519631073899000,1958.0
1,5,1519631074651000,1955.0
1,5,1519631075400000,1959.0
1,5,1519631076148000,1960.0
1,5,1519631077737000,1965.0
1,5,1519631078487000,1956.0
1,5,1519631079237000,1964.0
1,5,1519631079987000,1961.0
1,5,1519631080736000,1959.0
1,5,1519631081488000,1961.0
1,5,1519631082237000,1962.0
1,5,1519631082989000,1963.0
1,5,1519631083739000,1958.0
1,5,1519631084489000,1961.0
1,5,1519631085327000,1955.0
1,5,1519631086077000,1958.0
1,5,1519631086827000,1956.0
1,5,1519631087550000,1946.0
1,5,1519631088327000,1944.0
1,5,1519631089078000,1945.0
1,5,1519631089827000,1942.0
1,5,1519631090577000,1939.0
1,5,1519631091327000,1938.0
1,5,1519631093007000,1940.0
1,5,1519631093907000,1938.0
1,5,1519631094808000,1939.0
1,5,1519631095709000,1940.0
1,5,1519631096638000,1938.0
1,5,1519631097537000,1940.0
1,5,1519631098438000,1942.0
1,5,1519631099337999,1941.0
1,5,1519631100237000,1943.0
1,5,1519631101137000,1939.0
1,5,1519631102937999,1942.0
1,5,1519631103867000,1936.0
1,5,1519631104768000,1940.0
1,5,1519631105670000,1939.0
1,5,1519631106568000,1936.0
1,5,1519631107468000,1937.0
1,5,1519631108367000,1940.0
1,5,1519631109267000,1936.0
1,5,1519631110167000,1939.0
1,5,1519631111097000,1938.0
1,5,1519631112957000,1944.0
1,5,1519631113857999,1943.0
1,5,1519631114757000,1941.0
1,5,1519631115656000,1942.0
1,5,1519631117488000,1941.0
1,5,1519631119287000,1943.0
1,5,1519631120217000,1940.0
1,5,1519631121116000,1938.0
1,5,1519631122017999,1936.0
1,5,1519631122917000,1937.0
1,5,1519631123817000,1935.0
1,5,1519631124717000,1937.0
1,5,1519631125617000,1936.0
1,5,1519631126547000,1937.0
1,5,1519631127447000,1934.0
1,5,1519631128347000,1928.0
1,5,1519631129248000,1933.0
1,5,1519631131047000,1930.0
1,5,1519631131947000,1932.0
1,5,1519631132877000,1934.0
1,5,1519631133777000,1935.0
1,5,1519631134677000,1939.0
1,5,1519631135577000,1937.0
1,5,1519631136447000,1934.0
1,5,1519631137349000,1933.0
1,5,1519631138217000,1935.0
1,5,1519631139029000,1932.0
1,5,1519631139926000,1916.0
1,5,1519631140825999,1943.0
1,5,1519631141757000,1927.0
1,5,1519631142657000,1925.0
1,5,1519631143557000,1929.0
1,5,1519631146257000,1928.0
1,5,1519631147157000,1931.0
1,5,1519631148027000,1929.0
1,5,1519631148927000,1925.0
1,5,1519631149797000,1927.0
1,5,1519631150757000,1925.0
1,5,1519631151657000,1926.0
1,5,1519631152558000,1921.0
1,5,1519631153397000,1924.0
1,5,1519631154268000,1926.0
1,5,1519631155977000,1929.0
1,5,1519631156817999,1931.0
1,5,1519631157657000,1930.0
1,5,1519631159369000,1934.0
1,5,1519631160237000,1935.0
1,5,1519631161077000,1936.0
1,5,1519631161919000,1939.0
1,5,1519631164168000,1941.0
1,5,1519631165007000,1942.0
1,5,1519631165757000,1956.0
1,5,1519631166507000,1969.0
1,5,1519631167320000,1990.0
1,5,1519631168097000,2009.0
1,5,1519631168878000,2022.0
1,5,1519631169808000,2040.0
1,5,1519631170708000,2048.0
1,5,1519631171579000,2053.0
1,5,1519631172449000,2048.0
1,5,1519631173320000,2055.0
1,5,1519631174159000,2063.0
1,5,1519631174911000,2069.0
1,5,1519631175751000,2077.0
1,5,1519631176619000,2080.0
1,5,1519631177399000,2087.0
1,5,1519631178149000,2088.0
1,5,1519631179649999,2090.0
1,5,1519631180400000,2093.0
1,5,1519631181149000,2099.0
1,5,1519631181961000,2100.0
1,5,1519631182713000,2103.0
1,5,1519631183461000,2104.0
1,5,1519631184209999,2102.0
1,5,1519631184961999,2105.0
1,5,1519631186461000,2107.0
1,5,1519631187209999,2110.0
1,5,1519631187961000,2106.0
1,5,1519631189462000,2108.0
1,5,1519631190209999,2107.0
1,5,1519631190961999,2108.0
1,5,1519631191800000,2111.0
1,5,1519631192553999,2109.0
1,5,1519631193300000,2106.0
1,5,1519631194051000,2111.0
1,5,1519631194800000,2110.0
1,5,1519631195550000,2109.0
1,5,1519631197049999,2110.0
1,5,1519631197800000,2109.0
1,5,1519631198552000,2108.0
1,5,1519631200889999,2103.0
1,5,1519631201700000,2099.0
1,5,1519631202449999,2102.0
1,5,1519631203201000,2100.0
1,5,1519631203952000,2101.0
1,5,1519631204702000,2103.0
1,5,1519631205571000,2102.0
1,5,1519631207400000,2099.0
1,5,1519631208301000,2098.0
1,5,1519631210100000,2099.0
1,5,1519631211901000,2102.0
1,5,1519631212801000,2107.0
1,5,1519631213701000,2109.0
1,5,1519631214660000,2112.0
1,5,1519631215560000,2118.0
1,5,1519631216461000,2121.0
1,5,1519631217391000,2116.0
1,5,1519631218289999,2118.0
1,5,1519631219190000,2120.0
1,5,1519631221021000,2115.0
1,5,1519631221921000,2114.0
1,5,1519631222821000,2116.0
1,5,1519631223721000,2112.0
1,5,1519631224649999,2113.0
1,5,1519631225550000,2115.0
1,5,1519631226451000,2112.0
1,5,1519631227380000,2107.0
1,5,1519631228280000,2108.0
1,5,1519631229180000,2110.0
1,5,1519631230080000,2111.0
1,5,1519631230981000,2110.0
1,5,1519631231940000,2104.0
1,5,1519631232841000,2105.0
1,5,1519631233741000,2103.0
1,5,1519631234641000,2105.0
1,5,1519631235541000,2106.0
1,5,1519631236441000,2105.0
1,5,1519631237371000,2103.0
1,5,1519631238270000,2105.0
1,5,1519631239169999,2093.0
1,5,1519631240070000,2086.0
1,5,1519631241000000,2100.0
1,5,1519631241929999,2104.0
1,5,1519631242831000,2110.0
1,5,1519631243729999,2108.0
1,5,1519631244630000,2099.0
1,5,1519631245529999,2077.0
1,5,1519631246400000,2065.0
1,5,1519631247329999,2059.0
1,5,1519631248229000,2055.0
1,5,1519631249100000,2062.0
1,5,1519631250000000,2055.0
1,5,1519631250900000,2057.0
1,5,1519631251830000,2060.0
1,5,1519631252670000,2059.0
1,5,1519631253510000,2063.0
1,5,1519631254380000,2062.0
1,5,1519631255249999,2061.0
1,5,1519631256149000,2066.0
1,5,1519631257049999,2072.0
1,5,1519631257951000,2075.0
1,5,1519631258849999,2080.0
1,5,1519631259750000,2084.0
1,5,1519631260680000,2088.0
1,5,1519631261609999,2092.0
1,5,1519631262510000,2096.0
1,5,1519631263380000,2102.0
1,5,1519631264280000,2101.0
1,5,1519631265209999,2100.0
1,5,1519631266081999,2101.0
1,5,1519631266982000,2103.0
1,5,1519631267880000,2102.0
1,5,1519631268720000,2104.0
1,5,1519631269590000,2105.0
1,5,1519631270400000,2104.0
1,5,1519631271270000,2105.0
1,5,1519631272140000,2103.0
1,5,1519631272980000,2104.0
1,5,1519631274632000,2106.0
1,5,1519631275382000,2105.0
1,5,1519631276220000,2102.0
1,5,1519631277060000,2106.0
1,5,1519631277782000,2102.0
1,5,1519631278532000,2105.0
1,5,1519631279281999,2106.0
1,5,1519631280032000,2103.0
1,5,1519631280782000,2105.0
1,5,1519631281532000,2109.0
1,5,1519631282369999,2120.0
1,5,1519631283119000,2145.0
1,5,1519631283929999,2162.0
1,5,1519631284769999,2198.0
1,5,1519631285609000,2234.0
1,5,1519631286510000,2277.0
1,5,1519631287409999,2313.0
1,5,1519631288280000,2350.0
1,5,1519631289120000,2376.0
1,5,1519631289871000,2404.0
1,5,1519631290710000,2435.0
1,5,1519631291520000,2459.0
1,5,1519631292360000,2482.0
1,5,1519631293109000,2505.0
1,5,1519631293860000,2513.0
1,5,1519631294609999,2525.0
1,5,1519631295360000,2535.0
1,5,1519631296109000,2546.0
1,5,1519631296860000,2557.0
1,5,1519631297609999,2568.0
1,5,1519631298360000,2570.0
1,5,1519631299109000,2569.0
1,5,1519631299920000,2581.0
1,5,1519631300671000,2579.0
1,5,1519631301421000,2583.0
1,5,1519631302259000,2588.0
1,5,1519631303760000,2582.0
1,5,1519631304510000,2588.0
1,5,1519631305259000,2593.0
1,5,1519631306009000,2594.0
1,5,1519631306759000,2593.0
1,5,1519631309009999,2602.0
1,5,1519631309761000,2598.0
1,5,1519631310509000,2594.0
1,5,1519631312101000,2590.0
1,5,1519631312849000,2593.0
1,5,1519631313599000,2581.0
1,5,1519631314350000,2528.0
1,5,1519631315099000,2477.0
1,5,1519631315849000,2421.0
1,5,1519631316719000,2372.0
1,5,1519631317619000,2329.0
1,5,1519631318519000,2298.0
1,5,1519631319419000,2202.0
1,5,1519631320319000,2206.0
1,5,1519631321220000,2156.0
1,5,1519631322119000,2100.0
1,5,1519631323020000,2051.0
1,5,1519631323920000,2030.0
1,5,1519631324819000,1991.0
1,5,1519631325719000,1969.0
1,5,1519631326620000,1963.0
1,5,1519631327520000,1957.0
1,5,1519631328420000,1951.0
1,5,1519631329319000,1952.0
1,5,1519631330219000,1949.0
1,5,1519631331119000,1957.0
1,5,1519631332049999,1968.0
1,5,1519631332949000,1973.0
1,5,1519631333849999,1976.0
1,5,1519631334749000,1969.0
1,5,1519631335649000,1957.0
1,5,1519631336549000,1946.0
1,5,1519631337449000,1936.0
1,5,1519631338349000,1931.0
1,5,1519631339249000,1923.0
1,5,1519631340149000,1917.0
1,5,1519631341049000,1901.0
1,5,1519631341949000,1888.0
1,5,1519631342849000,1871.0
1,5,1519631343749000,1858.0
1,5,1519631344649000,1853.0
1,5,1519631345550000,1851.0
1,5,1519631346448000,1846.0
1,5,1519631347409000,1827.0
1,5,1519631348308000,1798.0
1,5,1519631349209000,1783.0
1,5,1519631350108000,1773.0
1,5,1519631351009000,1765.0
1,5,1519631352840000,1774.0
1,5,1519631353739000,1790.0
1,5,1519631354639000,1820.0
1,5,1519631355539000,1852.0
1,5,1519631356439000,1885.0
1,5,1519631357369000,1923.0
1,5,1519631358270000,1960.0
1,5,1519631359199000,1991.0
1,5,1519631360099000,2023.0
1,5,1519631360999000,2048.0
1,5,1519631361928000,2069.0
1,5,1519631362829000,2094.0
1,5,1519631363729000,2119.0
1,5,1519631364629000,2148.0
1,5,1519631365529000,2179.0
1,5,1519631366429000,2198.0
1,5,1519631367359000,2188.0
1,5,1519631368257999,2174.0
1,5,1519631369158000,2155.0
1,5,1519631370059000,2139.0
1,5,1519631370960000,2122.0
1,5,1519631371859000,2109.0
1,5,1519631372759000,2103.0
1,5,1519631373660000,2092.0
1,5,1519631374559000,2083.0
1,5,1519631375459000,2075.0
1,5,1519631376359000,2071.0
1,5,1519631377229000,2067.0
1,5,1519631378128000,2061.0
1,5,1519631379059000,2063.0
1,5,1519631379959000,2065.0
1,5,1519631380829000,2080.0
1,5,1519631381759000,2097.0
1,5,1519631382659000,2144.0
1,5,1519631383499000,2174.0
1,5,1519631384340000,2206.0
1,5,1519631385209000,2236.0
1,5,1519631386079000,2257.0
1,5,1519631386949000,2282.0
1,5,1519631387759000,2285.0
1,5,1519631388541000,2286.0
1,5,1519631389289999,2278.0
1,5,1519631390040000,2269.0
1,5,1519631390819000,2263.0
1,5,1519631391629000,2265.0
1,5,1519631392440000,2273.0
1,5,1519631393189000,2284.0
1,5,1519631393940000,2285.0
1,5,1519631394691000,2312.0
1,5,1519631395440000,2321.0
1,5,1519631396220000,2323.0
1,5,1519631397089000,2327.0
1,5,1519631397869000,2323.0
1,5,1519631398709000,2326.0
1,5,1519631399549000,2325.0
1,5,1519631400419000,2318.0
1,5,1519631401231000,2284.0
1,5,1519631402068000,2240.0
1,5,1519631402819000,2214.0
1,5,1519631403630000,2186.0
1,5,1519631404529999,2153.0
1,5,1519631405369000,2136.0
1,5,1519631406118000,2118.0
1,5,1519631406928000,2097.0
1,5,1519631407680000,2081.0
1,5,1519631408430000,2064.0
1,5,1519631409179000,2063.0
1,5,1519631410019000,2051.0
1,5,1519631410769000,2052.0
1,5,1519631411518000,2053.0
1,5,1519631413078000,2063.0
1,5,1519631413830000,2075.0
1,5,1519631414580000,2085.0
1,5,1519631415334000,2084.0
1,5,1519631416079000,2078.0
1,5,1519631416919000,2068.0
1,5,1519631417669000,2054.0
1,5,1519631418417999,2047.0
1,5,1519631419168000,2049.0
1,5,1519631419918000,2051.0
1,5,1519631420668000,2054.0
1,5,1519631421417999,2059.0
1,5,1519631422229000,2073.0
1,5,1519631422979000,2082.0
1,5,1519631423731000,2081.0
1,5,1519631424480000,2080.0
1,5,1519631426788000,2081.0
1,5,1519631429820000,2080.0
1,5,1519631431318000,2071.0
1,5,1519631432071000,2038.0
1,5,1519631432820000,2036.0
1,5,1519631433598000,2016.0
1,5,1519631434409000,1991.0
1,5,1519631435309000,1975.0
1,5,1519631436209000,1958.0
1,5,1519631437108000,1934.0
1,5,1519631438009000,1904.0
1,5,1519631438909000,1862.0
1,5,1519631439808000,1846.0
1,5,1519631440709000,1845.0
1,5,1519631442508000,1852.0
1,5,1519631443408000,1847.0
1,5,1519631444308000,1843.0
1,5,1519631445208000,1831.0
1,5,1519631446108000,1817.0
1,5,1519631447068000,1792.0
1,5,1519631447968000,1773.0
1,5,1519631448868000,1760.0
1,5,1519631449768000,1758.0
1,5,1519631450668000,1761.0
1,5,1519631451568000,1765.0
1,5,1519631453368000,1763.0
1,5,1519631454268000,1762.0
1,5,1519631455168000,1765.0
1,5,1519631456068000,1770.0
1,5,1519631456998000,1785.0
1,5,1519631457897999,1798.0
1,5,1519631458799000,1809.0
1,5,1519631459697999,1815.0
1,5,1519631460598000,1816.0
1,5,1519631461529000,1813.0
1,5,1519631462428000,1819.0
1,5,1519631463328000,1830.0
1,5,1519631464227000,1852.0
1,5,1519631465127000,1867.0
1,5,1519631466027000,1879.0
1,5,1519631466958000,1893.0
1,5,1519631467857999,1917.0
1,5,1519631468758000,1941.0
1,5,1519631469657999,1976.0
1,5,1519631470558000,2001.0
1,5,1519631471518000,2014.0
1,5,1519631472508000,2024.0
1,5,1519631473414000,2036.0
1,5,1519631474308000,2047.0
1,5,1519631475208000,2049.0
1,5,1519631476108000,2038.0
1,5,1519631477008000,2028.0
1,5,1519631477909000,2022.0
1,5,1519631479709000,2026.0
1,5,1519631480608000,2024.0
1,5,1519631481509000,2015.0
1,5,1519631482408000,1998.0
1,5,1519631483308000,1981.0
1,5,1519631484177000,1963.0
1,5,1519631485079000,1947.0
1,5,1519631485977999,1935.0
1,5,1519631486878000,1943.0
1,5,1519631487777999,1951.0
1,5,1519631488648000,1957.0
1,5,1519631489548000,1956.0
1,5,1519631490417999,1954.0
1,5,1519631491318000,1957.0
1,5,1519631492247000,1970.0
1,5,1519631493118000,1986.0
1,5,1519631494017999,1999.0
1,5,1519631495757000,1975.0
1,5,1519631496598000,1972.0
1,5,1519631497528000,1993.0
1,5,1519631498457999,1951.0
1,5,1519631499297999,1958.0
1,5,1519631500137000,1963.0
1,5,1519631501038000,1967.0
1,5,1519631502627000,1964.0
1,5,1519631503438000,1967.0
1,5,1519631504188000,1969.0
1,5,1519631504937999,1982.0
1,5,1519631505687000,1997.0
1,5,1519631506499000,2015.0
1,5,1519631507337999,2031.0
1,5,1519631508087000,2035.0
1,5,1519631508837000,2031.0
1,5,1519631509617999,2022.0
1,5,1519631510401000,2015.0
1,5,1519631511148000,2008.0
1,5,1519631511903000,2000.0
1,5,1519631512737999,1996.0
1,5,1519631513577999,2000.0
1,5,1519631514417999,2008.0
1,5,1519631515289999,2026.0
1,5,1519631516128000,2047.0
1,5,1519631516937000,2060.0
1,5,1519631517689000,2082.0
1,5,1519631518439000,2094.0
1,5,1519631519187000,2056.0
1,5,1519631520057000,2070.0
1,5,1519631520927000,2046.0
1,5,1519631521677000,2033.0
1,5,1519631522489000,2020.0
1,5,1519631523241000,2014.0
1,5,1519631524077000,2010.0
1,5,1519631524829000,2009.0
1,5,1519631525577000,2008.0
1,5,1519631526328000,2014.0
1,5,1519631527227000,2021.0
1,5,1519631527977999,2033.0
1,5,1519631528787000,2039.0
1,5,1519631529539000,2037.0
1,5,1519631530288000,2030.0
1,5,1519631531070000,1999.0
1,5,1519631531847000,1993.0
1,5,1519631532627000,2024.0
1,5,1519631533377000,1972.0
1,5,1519631534127000,1979.0
1,5,1519631534877000,1987.0
1,5,1519631535627000,2001.0
1,5,1519631536377000,2020.0
1,5,1519631537189000,2034.0
1,5,1519631537939000,2046.0
1,5,1519631538718000,2059.0
1,5,1519631539441000,2071.0
1,5,1519631540188000,2072.0
1,5,1519631540939000,2071.0
1,5,1519631541718000,2074.0
1,5,1519631542529000,2082.0
1,5,1519631543337999,2083.0
1,5,1519631544237000,2090.0
1,5,1519631545137000,2111.0
1,5,1519631545977000,2126.0
1,5,1519631546787000,2103.0
1,5,1519631547719000,2104.0
1,5,1519631548617000,2084.0
1,5,1519631549547000,2057.0
1,5,1519631550447000,2034.0
1,5,1519631551347000,2005.0
1,5,1519631552277000,1991.0
1,5,1519631553177000,1986.0
1,5,1519631554079000,1995.0
1,5,1519631554977000,2010.0
1,5,1519631555907000,2027.0
1,5,1519631556807000,2037.0
1,5,1519631557708000,2070.0
1,5,1519631558607000,2084.0
1,5,1519631559507000,2114.0
1,5,1519631560409000,2138.0
1,5,1519631561308000,2162.0
1,5,1519631562237000,2176.0
1,5,1519631563197000,2204.0
1,5,1519631564096000,2232.0
1,5,1519631564997000,2242.0
1,5,1519631565927000,2234.0
1,5,1519631566857000,2218.0
1,5,1519631567757000,2196.0
1,5,1519631568657000,2185.0
1,5,1519631569558000,2174.0
1,5,1519631570487000,2175.0
1,5,1519631571387000,2183.0
1,5,1519631572317000,2198.0
1,5,1519631573217000,2204.0
1,5,1519631574117000,2222.0
1,5,1519631575017999,2236.0
1,5,1519631575917000,2248.0
1,5,1519631576816000,2250.0
1,5,1519631577717000,2245.0
1,5,1519631578617000,2242.0
1,5,1519631579517000,2237.0
1,5,1519631580417000,2233.0
1,5,1519631581317000,2239.0
1,5,1519631582247000,2249.0
1,5,1519631583145999,2253.0
1,5,1519631584047000,2249.0
1,5,1519631584977000,2257.0
1,5,1519631585876000,2276.0
1,5,1519631586837000,2288.0
1,5,1519631587737000,2278.0
1,5,1519631588637000,2262.0
1,5,1519631589537000,2249.0
1,5,1519631590437000,2238.0
1,5,1519631591337000,2225.0
1,5,1519631592207000,2227.0
1,5,1519631593105999,2228.0
1,5,1519631593977000,2238.0
1,5,1519631594878000,2241.0
1,5,1519631595719000,2242.0
1,5,1519631596647000,2237.0
1,5,1519631597519000,2236.0
1,5,1519631598359000,2232.0
1,5,1519631599257000,2218.0
1,5,1519631600187000,2208.0
1,5,1519631601116000,2203.0
1,5,1519631602047000,2197.0
1,5,1519631602947000,2196.0
1,5,1519631603847000,2199.0
1,5,1519631604717000,2207.0
1,5,1519631605617000,2215.0
1,5,1519631606487000,2218.0
1,5,1519631607387000,2226.0
1,5,1519631608257999,2222.0
1,5,1519631609187000,2215.0
1,5,1519631610089000,2208.0
1,5,1519631610958000,2228.0
1,5,1519631611887000,2275.0
1,5,1519631612787000,2323.0
1,5,1519631613687000,2371.0
1,5,1519631614527000,2410.0
1,5,1519631615367000,2454.0
1,5,1519631616147000,2489.0
1,5,1519631617052000,2526.0
1,5,1519631617857999,2564.0
1,5,1519631618609000,2592.0
1,5,1519631619387000,2622.0
1,5,1519631620197000,2654.0
1,5,1519631620947000,2682.0
1,5,1519631621697000,2715.0
1,5,1519631622508000,2748.0
1,5,1519631623257999,2775.0
1,5,1519631624008000,2808.0
1,5,1519631624757000,2829.0
1,5,1519631625508000,2858.0
1,5,1519631626316000,2885.0
1,5,1519631627156000,2913.0
1,5,1519631627998000,2941.0
1,5,1519631628897000,2975.0
1,5,1519631629736000,3001.0
1,5,1519631630486000,3027.0
1,5,1519631631297999,2996.0
1,5,1519631632136000,2942.0
1,5,1519631632886000,2903.0
1,5,1519631633636000,2892.0
1,5,1519631634385999,2914.0
1,5,1519631635136000,2940.0
1,5,1519631635948000,2973.0
1,5,1519631636697999,2999.0
1,5,1519631637448000,3026.0
1,5,1519631638199000,3052.0
1,5,1519631638948000,3072.0
1,5,1519631639697999,3064.0
1,5,1519631640448000,3049.0
1,5,1519631641197000,3035.0
1,5,1519631642037000,3026.0
1,5,1519631642785999,3015.0
1,5,1519631643536000,3004.0
1,5,1519631644286000,2975.0
1,5,1519631645036000,2932.0
1,5,1519631645785000,2861.0
1,5,1519631646536000,2820.0
1,5,1519631647348000,2755.0
1,5,1519631648096000,2656.0
1,5,1519631648848000,2534.0
1,5,1519631649686000,2405.0
1,5,1519631650436000,2365.0
1,5,1519631651185999,2351.0
1,5,1519631652087000,2348.0
1,5,1519631653017000,2272.0
1,5,1519631653917000,2166.0
1,5,1519631654815000,2100.0
1,5,1519631655688000,2091.0
1,5,1519631656496000,2076.0
1,5,1519631657427000,2083.0
1,5,1519631658385999,2096.0
1,5,1519631660217000,2071.0
1,5,1519631661145999,2047.0
1,5,1519631662048000,2022.0
1,5,1519631662947000,2012.0
1,5,1519631663846000,2045.0
1,5,1519631664745999,2086.0
1,5,1519631665646000,2090.0
1,5,1519631666545999,2088.0
1,5,1519631667476000,2070.0
1,5,1519631668376000,2056.0
1,5,1519631669276000,2036.0
1,5,1519631670206000,2026.0
1,5,1519631671105000,2025.0
1,5,1519631672036000,2041.0
1,5,1519631672937000,2058.0
1,5,1519631673836000,2081.0
1,5,1519631674736000,2119.0
1,5,1519631675636000,2162.0
1,5,1519631676567000,2208.0
1,5,1519631677496000,2251.0
1,5,1519631678397000,2287.0
1,5,1519631679296000,2333.0
1,5,1519631680196000,2369.0
1,5,1519631681095000,2403.0
1,5,1519631681998000,2440.0
1,5,1519631682896000,2477.0
1,5,1519631683796000,2509.0
1,5,1519631684695000,2539.0
1,5,1519631685596000,2574.0
1,5,1519631686496000,2599.0
1,5,1519631687396000,2631.0
1,5,1519631688296000,2656.0
1,5,1519631689225999,2682.0
1,5,1519631690125000,2713.0
1,5,1519631691025999,2740.0
1,5,1519631691957000,2766.0
1,5,1519631692856000,2792.0
1,5,1519631693756000,2813.0
1,5,1519631694656000,2839.0
1,5,1519631695556000,2866.0
1,5,1519631696456000,2891.0
1,5,1519631697356000,2917.0
1,5,1519631698256000,2943.0
1,5,1519631699156000,2973.0
1,5,1519631700055000,3003.0
1,5,1519631700956000,3028.0
1,5,1519631701886000,3052.0
1,5,1519631702785999,3085.0
1,5,1519631703657000,3112.0
1,5,1519631704556000,3142.0
1,5,1519631705486000,3168.0
1,5,1519631706355000,3194.0
1,5,1519631707255000,3222.0
1,5,1519631708156000,3240.0
1,5,1519631709025999,3238.0
1,5,1519631709926000,3224.0
1,5,1519631710766000,3208.0
1,5,1519631712505000,3225.0
1,5,1519631713406000,3242.0
1,5,1519631714305999,3251.0
1,5,1519631715205000,3252.0
1,5,1519631716079000,3257.0
1,5,1519631717036000,3270.0
1,5,1519631717936000,3287.0
1,5,1519631718836000,3297.0
1,5,1519631719765000,3309.0
1,5,1519631720636000,3321.0
1,5,1519631721536000,3333.0
1,5,1519631722436000,3338.0
1,5,1519631723305999,3346.0
1,5,1519631724206000,3360.0
1,5,1519631725046000,3369.0
1,5,1519631725886000,3377.0
1,5,1519631726756000,3385.0
1,5,1519631727625999,3373.0
1,5,1519631728465999,3331.0
1,5,1519631729305999,3283.0
1,5,1519631730145999,3248.0
1,5,1519631730956000,3188.0
1,5,1519631731768000,3084.0
1,5,1519631732605000,2989.0
1,5,1519631733356000,2890.0
1,5,1519631734105000,2778.0
1,5,1519631734855000,2663.0
1,5,1519631735635000,2534.0
1,5,1519631736417000,2408.0
1,5,1519631737256000,2318.0
1,5,1519631738005000,2238.0
1,5,1519631738755000,2221.0
1,5,1519631739505000,2202.0
1,5,1519631740255000,2187.0
1,5,1519631741095000,2169.0
1,5,1519631741965000,2147.0
1,5,1519631742807000,2129.0
1,5,1519631743646000,2060.0
1,5,1519631744425000,2021.0
1,5,1519631745295000,2007.0
1,5,1519631746105999,1990.0
1,5,1519631746975000,1978.0
1,5,1519631747758000,1960.0
1,5,1519631748507000,1942.0
1,5,1519631749256000,1925.0
1,5,1519631750007000,1912.0
1,5,1519631750757000,1897.0
1,5,1519631751595000,1836.0
1,5,1519631752406000,1768.0
1,5,1519631753156000,1739.0
1,5,1519631753907000,1727.0
1,5,1519631754657000,1724.0
1,5,1519631755407000,1721.0
1,5,1519631756156000,1715.0
1,5,1519631756907000,1708.0
1,5,1519631757657000,1706.0
1,5,1519631759156000,1700.0
1,5,1519631759907000,1703.0
1,5,1519631760657999,1708.0
1,5,1519631761407000,1711.0
1,5,1519631762245000,1713.0
1,5,1519631762995000,1716.0
1,5,1519631763745000,1721.0
1,5,1519631764495000,1744.0
1,5,1519631765245000,1787.0
1,5,1519631765993999,1834.0
1,5,1519631766745999,1886.0
1,5,1519631767585000,1936.0
1,5,1519631768485000,1998.0
1,5,1519631769385999,2043.0
1,5,1519631770285000,2108.0
1,5,1519631771185000,2157.0
1,5,1519631772115000,2210.0
1,5,1519631773015000,2259.0
1,5,1519631773916000,2309.0
1,5,1519631774815000,2356.0
1,5,1519631775713999,2400.0
1,5,1519631776615000,2439.0
1,5,1519631777516000,2488.0
1,5,1519631778445000,2529.0
1,5,1519631779375000,2574.0
1,5,1519631780305000,2617.0
1,5,1519631781235000,2651.0
1,5,1519631782165000,2693.0
1,5,1519631783095000,2736.0
1,5,1519631783995000,2779.0
1,5,1519631784895000,2815.0
1,5,1519631785825000,2785.0
1,5,1519631786725000,2740.0
1,5,1519631787655000,2706.0
1,5,1519631788555000,2707.0
1,5,1519631789455000,2708.0
1,5,1519631790355000,2683.0
1,5,1519631791285000,2654.0
1,5,1519631792185000,2614.0
1,5,1519631793085000,2578.0
1,5,1519631793985000,2531.0
1,5,1519631794885000,2495.0
1,5,1519631795785000,2456.0
1,5,1519631796685000,2428.0
1,5,1519631797615000,2404.0
1,5,1519631798515000,2374.0
1,5,1519631799416000,2342.0
1,5,1519631800315000,2314.0
1,5,1519631801215000,2283.0
1,5,1519631802113999,2248.0
1,5,1519631803016000,2241.0
1,5,1519631803915000,2229.0
1,5,1519631804845000,2216.0
1,5,1519631805745000,2209.0
1,5,1519631806645000,2198.0
1,5,1519631807575000,2189.0
1,5,1519631808475000,2176.0
1,5,1519631809375000,2167.0
1,5,1519631810275000,2152.0
1,5,1519631811175000,2142.0
1,5,1519631812104000,2123.0
1,5,1519631813065000,2109.0
1,5,1519631813965000,2093.0
1,5,1519631814836000,2082.0
1,5,1519631815735000,2068.0
1,5,1519631816635000,2050.0
1,5,1519631817595000,2029.0
1,5,1519631818495000,2012.0
1,5,1519631819365000,1985.0
1,5,1519631820265000,1961.0
1,5,1519631821135000,1933.0
1,5,1519631822005000,1914.0
1,5,1519631822875000,1893.0
1,5,1519631823775000,1871.0
1,5,1519631824615000,1850.0
1,5,1519631825454000,1833.0
1,5,1519631826325000,1816.0
1,5,1519631827225000,1805.0
1,5,1519631828125000,1804.0
1,5,1519631828995000,1790.0
1,5,1519631829895000,1775.0
1,5,1519631830765000,1756.0
1,5,1519631831665000,1752.0
1,5,1519631832625000,1726.0
1,5,1519631833525000,1691.0
1,5,1519631834395000,1656.0
1,5,1519631835295000,1620.0
1,5,1519631836224000,1587.0
1,5,1519631837155000,1564.0
1,5,1519631838056000,1543.0
1,5,1519631838984000,1536.0
1,5,1519631839915000,1533.0
1,5,1519631840815000,1548.0
1,5,1519631841595000,1529.0
1,5,1519631842495000,1497.0
1,5,1519631843334000,1422.0
1,5,1519631844175000,1355.0
1,5,1519631844926000,1299.0
1,5,1519631845765000,895.0
1,5,1519631846515000,1468.0
1,5,1519631847264000,1586.0
1,5,1519631848014000,1487.0
1,5,1519631848764000,1430.0
1,5,1519631849513999,1402.0
1,5,1519631850264000,1355.0
1,5,1519631851015000,1332.0
1,5,1519631851766000,1323.0
1,5,1519631852576000,1309.0
1,5,1519631853326000,1292.0
1,5,1519631854076000,1248.0
1,5,1519631854825999,934.0
1,5,1519631855575000,954.0
1,5,1519631856414000,870.0
1,5,1519631857254000,879.0
1,5,1519631858095000,887.0
1,5,1519631858904000,894.0
1,5,1519631859716000,899.0
1,5,1519631860553000,900.0
1,5,1519631861305000,899.0
1,5,1519631862953999,900.0
1,5,1519631863704000,898.0
1,5,1519631864454000,1028.0
1,5,1519631865204000,1103.0
1,5,1519631866016000,1293.0
1,5,1519631866766000,1411.0
1,5,1519631867604000,1416.0
1,5,1519631868353999,1402.0
1,5,1519631869104000,1383.0
1,5,1519631869854000,1364.0
1,5,1519631870667000,1343.0
1,5,1519631871416000,1324.0
1,5,1519631872166000,1370.0
1,5,1519631872913999,1418.0
1,5,1519631873664000,1494.0
1,5,1519631874416000,1532.0
1,5,1519631875166000,1545.0
1,5,1519631875916000,1527.0
1,5,1519631876665999,1586.0
1,5,1519631877504000,1657.0
1,5,1519631878256000,1756.0
1,5,1519631879004000,1704.0
1,5,1519631879753999,913.0
1,5,1519631880505999,1215.0
1,5,1519631881254000,1221.0
1,5,1519631882004000,1232.0
1,5,1519631882753999,1262.0
1,5,1519631883504000,1289.0
1,5,1519631884256000,1304.0
1,5,1519631885005000,1316.0
1,5,1519631885753999,1328.0
1,5,1519631886504000,1353.0
1,5,1519631887375000,1387.0
1,5,1519631888275000,1427.0
1,5,1519631889174000,1479.0
1,5,1519631890073999,1550.0
1,5,1519631890974000,1606.0
1,5,1519631891873999,1618.0
1,5,1519631892804000,1620.0
1,5,1519631893704000,1615.0
1,5,1519631894604000,1618.0
1,5,1519631895504000,1611.0
1,5,1519631896404000,1598.0
1,5,1519631897334000,1574.0
1,5,1519631898263000,1554.0
1,5,1519631899163000,1531.0
1,5,1519631900093000,1507.0
1,5,1519631900995000,1484.0
1,5,1519631901894000,1458.0
1,5,1519631902854000,1247.0
1,5,1519631903755000,887.0
1,5,1519631904656000,894.0
1,5,1519631905555000,1620.0
1,5,1519631906456000,1737.0
1,5,1519631907385999,1728.0
1,5,1519631908285000,1773.0
1,5,1519631909185999,1855.0
1,5,1519631910085000,1931.0
1,5,1519631910987000,2001.0
1,5,1519631911887000,2102.0
1,5,1519631912817000,2176.0
1,5,1519631913717000,1172.0
1,5,1519631914617000,1381.0
1,5,1519631915516000,1481.0
1,5,1519631916417999,1566.0
1,5,1519631917317000,1615.0
1,5,1519631918217000,1593.0
1,5,1519631919116000,1558.0
1,5,1519631920017000,1561.0
1,5,1519631920917000,1576.0
1,5,1519631921817000,1608.0
1,5,1519631922745999,1674.0
1,5,1519631923647000,1741.0
1,5,1519631924548000,1807.0
1,5,1519631925447000,1911.0
1,5,1519631926347000,2088.0
1,5,1519631927307000,2346.0
1,5,1519631928237000,2470.0
1,5,1519631929137000,1758.0
1,5,1519631930068000,1811.0
1,5,1519631930997000,1803.0
1,5,1519631931897000,1762.0
1,5,1519631932830000,1734.0
1,5,1519631933727000,1712.0
1,5,1519631934627000,1707.0
1,5,1519631936427000,1691.0
1,5,1519631937328000,1707.0
1,5,1519631938229000,1695.0
1,5,1519631939126000,1730.0
1,5,1519631940036000,1787.0
1,5,1519631940927000,1840.0
1,5,1519631941828000,1868.0
1,5,1519631942728000,1878.0
1,5,1519631943598000,1877.0
1,5,1519631944497999,1875.0
1,5,1519631945368000,1865.0
1,5,1519631946268000,1855.0
1,5,1519631947198000,1848.0
1,5,1519631948067000,1840.0
1,5,1519631948968000,1836.0
1,5,1519631949839000,1838.0
1,5,1519631950708000,1840.0
1,5,1519631951547000,1842.0
1,5,1519631952389000,1845.0
1,5,1519631953287000,1850.0
1,5,1519631954127000,1858.0
1,5,1519631954968000,1870.0
1,5,1519631955808000,1880.0
1,5,1519631956647000,1893.0
1,5,1519631957576000,1899.0
1,5,1519631958389000,1891.0
1,5,1519631959227000,1893.0
1,5,1519631959977000,1869.0
1,5,1519631960727000,1863.0
1,5,1519631962289000,1865.0
1,5,1519631963039000,1867.0
1,5,1519631963789000,1876.0
1,5,1519631964539000,1889.0
1,5,1519631965288000,1903.0
1,5,1519631966039000,1912.0
1,5,1519631966790000,1927.0
1,5,1519631967627000,1940.0
1,5,1519631968377999,1946.0
1,5,1519631969127000,1961.0
1,5,1519631969877000,1971.0
1,5,1519631970718000,1980.0
1,5,1519631971529000,1993.0
1,5,1519631972369000,2005.0
1,5,1519631973147000,2016.0
1,5,1519631973929000,2030.0
1,5,1519631974767000,2042.0
1,5,1519631975579000,2061.0
1,5,1519631976329000,2083.0
1,5,1519631977079000,2105.0
1,5,1519631977829000,2127.0
1,5,1519631978580000,2138.0
1,5,1519631979328000,2146.0
1,5,1519631980079000,2155.0
1,5,1519631980828000,2163.0
1,5,1519631981579000,2173.0
1,5,1519631982328000,2171.0
1,5,1519631983078000,2152.0
1,5,1519631983829000,2111.0
1,5,1519631984579000,2056.0
1,5,1519631985328000,2037.0
1,5,1519631986079000,2027.0
1,5,1519631986829000,2031.0
1,5,1519631987667000,2037.0
1,5,1519631988417000,2052.0
1,5,1519631989167000,2059.0
1,5,1519631989918000,2075.0
1,5,1519631990667000,2092.0
1,5,1519631991417000,2102.0
1,5,1519631992228000,2112.0
1,5,1519631992979000,2105.0
1,5,1519631993728000,2097.0
1,5,1519631994479000,2085.0
1,5,1519631995228000,2067.0
1,5,1519631995979000,2048.0
1,5,1519631996728000,2024.0
1,5,1519631997567000,2017.0
1,5,1519631998317000,2013.0
1,5,1519631999069000,2002.0
1,5,1519631999817000,1992.0
1,5,1519632000598000,1978.0
1,5,1519632001497000,1950.0
1,5,1519632002427000,1923.0
1,5,1519632003328000,1883.0
1,5,1519632004197000,1844.0
1,5,1519632005097000,1821.0
1,5,1519632005996000,1804.0
1,5,1519632006897000,1807.0
1,5,1519632007827000,1793.0
1,5,1519632008727000,1781.0
1,5,1519632009627000,1743.0
1,5,1519632010527000,1209.0
1,5,1519632011457000,1445.0
1,5,1519632012387000,1686.0
1,5,1519632013287000,1755.0
1,5,1519632014187000,1826.0
1,5,1519632015086000,1889.0
1,5,1519632015987000,1885.0
1,5,1519632016887000,1860.0
1,5,1519632017787000,1840.0
1,5,1519632018687000,1788.0
1,5,1519632019617000,1711.0
1,5,1519632020547000,1668.0
1,5,1519632021447000,1657.0
1,5,1519632022377000,1660.0
1,5,1519632023277000,1667.0
1,5,1519632024177000,1668.0
1,5,1519632025077000,1671.0
1,5,1519632025977000,1693.0
1,5,1519632026877000,1721.0
1,5,1519632027807000,1768.0
1,5,1519632028705999,1806.0
1,5,1519632029607000,1847.0
1,5,1519632030505999,1924.0
1,5,1519632031407000,2035.0
1,5,1519632032337000,2156.0
1,5,1519632033236000,2275.0
1,5,1519632034137000,2389.0
1,5,1519632035036000,2501.0
1,5,1519632035966000,2616.0
1,5,1519632036867000,2722.0
1,5,1519632037797000,2818.0
1,5,1519632038697000,2194.0
1,5,1519632039597000,2197.0
1,5,1519632040497000,2217.0
1,5,1519632041397000,2201.0
1,5,1519632042327000,2160.0
1,5,1519632043227000,2116.0
1,5,1519632044126000,2099.0
1,5,1519632045027000,2071.0
1,5,1519632045927000,2053.0
1,5,1519632046827000,2034.0
1,5,1519632047756000,2020.0
1,5,1519632048657000,2014.0
1,5,1519632049557000,2011.0
1,5,1519632050486000,2015.0
1,5,1519632051385999,1988.0
1,5,1519632052256000,1921.0
1,5,1519632053156000,1854.0
1,5,1519632053996000,1801.0
1,5,1519632054835000,1766.0
1,5,1519632055705999,1726.0
1,5,1519632056605000,1707.0
1,5,1519632057505000,1693.0
1,5,1519632058375000,1685.0
1,5,1519632059276000,1715.0
1,5,1519632060145999,1764.0
1,5,1519632061045000,1808.0
1,5,1519632061886000,1856.0
1,5,1519632062785999,1896.0
1,5,1519632063655000,1943.0
1,5,1519632064556000,1994.0
1,5,1519632065395000,2040.0
1,5,1519632066235000,2077.0
1,5,1519632067075000,2127.0
1,5,1519632067947000,2177.0
1,5,1519632068787000,2198.0
1,5,1519632069686000,2213.0
1,5,1519632070496000,2222.0
1,5,1519632071249000,2036.0
1,5,1519632072085000,1843.0
1,5,1519632072897000,1846.0
1,5,1519632073653000,1855.0
1,5,1519632074397000,1860.0
1,5,1519632075147000,1862.0
1,5,1519632075897999,1864.0
1,5,1519632076648000,1861.0
1,5,1519632077398000,1856.0
1,5,1519632078176000,1852.0
1,5,1519632078897999,1843.0
1,5,1519632079648000,1837.0
1,5,1519632080398000,1829.0
1,5,1519632081147000,1826.0
1,5,1519632081897999,1820.0
1,5,1519632082736000,1812.0
1,5,1519632083486000,1810.0
1,5,1519632084238000,1807.0
1,5,1519632085046000,1803.0
1,5,1519632085886000,1810.0
1,5,1519632086638000,1825.0
1,5,1519632087537999,1853.0
1,5,1519632088287000,1879.0
1,5,1519632089038000,1919.0
1,5,1519632089788000,1960.0
1,5,1519632090540000,2004.0
1,5,1519632091288000,2038.0
1,5,1519632092037000,2079.0
1,5,1519632092937999,2127.0
1,5,1519632093687000,2175.0
1,5,1519632094526000,2212.0
1,5,1519632095276000,2250.0
1,5,1519632096025000,2288.0
1,5,1519632096776000,2327.0
1,5,1519632097526000,2359.0
1,5,1519632098276000,2393.0
1,5,1519632099025999,2439.0
1,5,1519632099806000,2470.0
1,5,1519632100587000,2511.0
1,5,1519632101337000,2541.0
1,5,1519632102089000,2576.0
1,5,1519632102839000,2605.0
1,5,1519632103588000,2647.0
1,5,1519632104337000,2672.0
1,5,1519632105087000,2703.0
1,5,1519632105837000,2733.0
1,5,1519632106587000,2764.0
1,5,1519632107425999,2792.0
1,5,1519632108175000,2824.0
1,5,1519632108926000,2847.0
1,5,1519632109677000,2883.0
1,5,1519632110425999,2906.0
1,5,1519632111175000,2930.0
1,5,1519632111926000,2960.0
1,5,1519632112766000,2988.0
1,5,1519632113665999,3013.0
1,5,1519632114596000,2968.0
1,5,1519632115497000,2912.0
1,5,1519632116396000,2863.0
1,5,1519632117356000,2835.0
1,5,1519632118256000,2811.0
1,5,1519632119156000,2786.0
1,5,1519632120055000,2734.0
1,5,1519632120957000,2684.0
1,5,1519632121856000,2640.0
1,5,1519632122785999,2589.0
1,5,1519632123686000,2549.0
1,5,1519632124585999,2506.0
1,5,1519632125493000,2463.0
1,5,1519632126385999,2425.0
1,5,1519632127345999,2384.0
1,5,1519632128246000,2345.0
1,5,1519632129145999,2305.0
1,5,1519632130046000,2274.0
1,5,1519632130945999,2233.0
1,5,1519632131846000,2134.0
1,5,1519632132745999,1379.0
1,5,1519632133647000,2326.0
1,5,1519632134545999,2223.0
1,5,1519632135445000,2127.0
1,5,1519632136345999,1379.0
1,5,1519632137276000,2487.0
1,5,1519632138175000,2444.0
1,5,1519632139076000,2393.0
1,5,1519632139976000,2362.0
1,5,1519632141776000,2412.0
1,5,1519632142676000,2490.0
1,5,1519632143576000,2630.0
1,5,1519632144476000,2771.0
1,5,1519632145376000,2214.0
1,5,1519632146275000,2233.0
1,5,1519632147206000,2320.0
1,5,1519632148105000,2407.0
1,5,1519632149006000,2391.0
1,5,1519632149905000,2049.0
1,5,1519632150806000,2044.0
1,5,1519632151705000,2037.0
1,5,1519632152635000,2011.0
1,5,1519632153566000,1929.0
1,5,1519632154465999,1799.0
1,5,1519632155366000,1749.0
1,5,1519632156265000,1684.0
1,5,1519632157196000,1610.0
1,5,1519632158095000,898.0
1,5,1519632159025999,1329.0
1,5,1519632159895000,1592.0
1,5,1519632160825000,1611.0
1,5,1519632161725000,1653.0
1,5,1519632162568000,1695.0
1,5,1519632163465999,1733.0
1,5,1519632164336000,1774.0
1,5,1519632165233999,1810.0
1,5,1519632166075000,1838.0
1,5,1519632166915000,1847.0
1,5,1519632167845000,1848.0
1,5,1519632168685000,1838.0
1,5,1519632169555000,1882.0
1,5,1519632170425000,1836.0
1,5,1519632171295000,1854.0
1,5,1519632172195000,1889.0
1,5,1519632173065000,1909.0
1,5,1519632173965000,1913.0
1,5,1519632174835000,1911.0
1,5,1519632175735000,1914.0
1,5,1519632176607000,1904.0
1,5,1519632177505000,1891.0
1,5,1519632178404000,1874.0
1,5,1519632179335000,1857.0
1,5,1519632180174000,1838.0
1,5,1519632181015000,1825.0
1,5,1519632181857000,1820.0
1,5,1519632182695000,1823.0
1,5,1519632183595000,1834.0
1,5,1519632184435000,1844.0
1,5,1519632185275000,1858.0
1,5,1519632186055000,1876.0
1,5,1519632186895000,1892.0
1,5,1519632187707000,1923.0
1,5,1519632188545000,1946.0
1,5,1519632189295000,1966.0
1,5,1519632190045000,1991.0
1,5,1519632190795000,2015.0
1,5,1519632191545000,2048.0
1,5,1519632192295000,2075.0
1,5,1519632193045000,2110.0
1,5,1519632193795000,2140.0
1,5,1519632194545000,2163.0
1,5,1519632195295000,2193.0
1,5,1519632196045000,2217.0
1,5,1519632196795000,2239.0
1,5,1519632197545000,2251.0
1,5,1519632198295000,2267.0
1,5,1519632199105999,2271.0
1,5,1519632200637000,2268.0
1,5,1519632201385000,2261.0
1,5,1519632202254000,2253.0
1,5,1519632203095000,2235.0
1,5,1519632203847000,2191.0
1,5,1519632204685000,2134.0
1,5,1519632205496000,2105.0
1,5,1519632206246000,2082.0
1,5,1519632207085000,2057.0
1,5,1519632207835000,2031.0
1,5,1519632208585000,2002.0
1,5,1519632209335000,1953.0
1,5,1519632210084000,1880.0
1,5,1519632210835000,1832.0
1,5,1519632211585000,1792.0
1,5,1519632212396000,1760.0
1,5,1519632213145999,1741.0
1,5,1519632213896000,1705.0
1,5,1519632214647000,1696.0
1,5,1519632215397000,1674.0
1,5,1519632216145000,1648.0
1,5,1519632216896000,1650.0
1,5,1519632217735000,1630.0
1,5,1519632218486000,1629.0
1,5,1519632219235000,1643.0
1,5,1519632219985000,1664.0
1,5,1519632220735000,1689.0
1,5,1519632221485000,1707.0
1,5,1519632222295000,1725.0
1,5,1519632223047000,1759.0
1,5,1519632223825000,1791.0
1,5,1519632224728000,1835.0
1,5,1519632225625000,1871.0
1,5,1519632226525000,1915.0
1,5,1519632227455000,1956.0
1,5,1519632228355000,1990.0
1,5,1519632229255000,2025.0
1,5,1519632230155000,2072.0
1,5,1519632231055000,2103.0
1,5,1519632231955000,2135.0
1,5,1519632232915000,2165.0
1,5,1519632233817000,2200.0
1,5,1519632234715000,2225.0
1,5,1519632235615000,2250.0
1,5,1519632236515000,2282.0
1,5,1519632237473000,2316.0
1,5,1519632238375000,2344.0
1,5,1519632239275000,2377.0
1,5,1519632240174000,2408.0
1,5,1519632241075000,2427.0
1,5,1519632241975000,2436.0
1,5,1519632242905000,2439.0
1,5,1519632243805000,2423.0
1,5,1519632244705000,2390.0
1,5,1519632245605000,2361.0
1,5,1519632246505000,2341.0
1,5,1519632247437000,2324.0
1,5,1519632248335000,2312.0
1,5,1519632249235000,2307.0
1,5,1519632251035000,2287.0
1,5,1519632251934000,2247.0
1,5,1519632252895000,2219.0
1,5,1519632253793999,2218.0
1,5,1519632254695000,2212.0
1,5,1519632255595000,2223.0
1,5,1519632256495000,2235.0
1,5,1519632257454000,2253.0
1,5,1519632258353999,2266.0
1,5,1519632259254000,2288.0
1,5,1519632260153999,2323.0
1,5,1519632261055000,2355.0
1,5,1519632261955000,2384.0
1,5,1519632262884000,2386.0
1,5,1519632263784000,2379.0
1,5,1519632264684000,2348.0
1,5,1519632265585000,2321.0
1,5,1519632266485000,2306.0
1,5,1519632267444000,2308.0
1,5,1519632268344000,2291.0
1,5,1519632269214000,2296.0
1,5,1519632270113999,2310.0
1,5,1519632271015000,2320.0
1,5,1519632271884000,2332.0
1,5,1519632272784000,2341.0
1,5,1519632273654000,2346.0
1,5,1519632274553999,2341.0
1,5,1519632275425000,2285.0
1,5,1519632276324000,2306.0
1,5,1519632277255000,2275.0
1,5,1519632278125000,2274.0
1,5,1519632278993999,2279.0
1,5,1519632279833999,2286.0
1,5,1519632280676000,2298.0
1,5,1519632281513999,2329.0
1,5,1519632282473999,2373.0
1,5,1519632283315000,2406.0
1,5,1519632284184000,2432.0
1,5,1519632285024000,2421.0
1,5,1519632285833999,2404.0
1,5,1519632286734000,2394.0
1,5,1519632287667000,2402.0
1,5,1519632288564000,2409.0
1,5,1519632289463000,2420.0
1,5,1519632290334000,2424.0
1,5,1519632291233999,2428.0
1,5,1519632292103000,2430.0
1,5,1519632293004000,2441.0
1,5,1519632293904000,2446.0
1,5,1519632294774000,2454.0
1,5,1519632295616000,2464.0
1,5,1519632296515000,2467.0
1,5,1519632297415000,2474.0
1,5,1519632298313999,2478.0
1,5,1519632299214000,2486.0
1,5,1519632300032000,2494.0
1,5,1519632300804000,2504.0
1,5,1519632301553999,2521.0
1,5,1519632302366000,2539.0
1,5,1519632303115000,2554.0
1,5,1519632303867000,2571.0
1,5,1519632304616000,2569.0
1,5,1519632305366000,2547.0
1,5,1519632306115000,2529.0
1,5,1519632306864000,2511.0
1,5,1519632307616000,2506.0
1,5,1519632308365000,2512.0
1,5,1519632309113999,2515.0
1,5,1519632309864000,2516.0
1,5,1519632310616000,2509.0
1,5,1519632311367000,2492.0
1,5,1519632312115000,2468.0
1,5,1519632312865999,2453.0
1,5,1519632313616000,2446.0
1,5,1519632314424000,2448.0
1,5,1519632315204000,2459.0
1,5,1519632315956000,2462.0
1,5,1519632316704000,2460.0
1,5,1519632317544000,2458.0
1,5,1519632318294000,2456.0
1,5,1519632319044000,2457.0
1,5,1519632319793999,2455.0
1,5,1519632320544000,2461.0
1,5,1519632321294000,2463.0
1,5,1519632322044000,2458.0
1,5,1519632322793999,2440.0
1,5,1519632323544000,2427.0
1,5,1519632324353999,2403.0
1,5,1519632325105000,2392.0
1,5,1519632325856000,2376.0
1,5,1519632326605000,2358.0
1,5,1519632327444000,2337.0
1,5,1519632328193999,2309.0
1,5,1519632328944000,2297.0
1,5,1519632329694000,2277.0
1,5,1519632330444000,2258.0
1,5,1519632331193999,2227.0
1,5,1519632331944000,2214.0
1,5,1519632332756000,2183.0
1,5,1519632333505000,2162.0
1,5,1519632334254000,2135.0
1,5,1519632335005000,2129.0
1,5,1519632335764000,2107.0
1,5,1519632336505999,2104.0
1,5,1519632337313999,2109.0
1,5,1519632338123000,2118.0
1,5,1519632338993999,2124.0
1,5,1519632339894000,2135.0
1,5,1519632340793999,2145.0
1,5,1519632341694000,2157.0
1,5,1519632342593999,2166.0
1,5,1519632343495000,2175.0
1,5,1519632344393999,2179.0
1,5,1519632345294000,2186.0
1,5,1519632346193999,2187.0
1,5,1519632347093000,2188.0
1,5,1519632347993999,2191.0
1,5,1519632348894000,2190.0
1,5,1519632349823000,2193.0
1,5,1519632350724000,2191.0
1,5,1519632351624000,2194.0
1,5,1519632352555000,2193.0
1,5,1519632353454000,2191.0
1,5,1519632354353999,2189.0
1,5,1519632355254000,2192.0
1,5,1519632356153999,2194.0
1,5,1519632357054000,2198.0
1,5,1519632358014000,2200.0
1,5,1519632358913999,2197.0
1,5,1519632359814000,2198.0
1,5,1519632361644000,2200.0
1,5,1519632363473999,2202.0
1,5,1519632365273999,2201.0
1,5,1519632366173000,2203.0
1,5,1519632367075000,2193.0
1,5,1519632367974000,2195.0
1,5,1519632368873999,2198.0
1,5,1519632369774000,2191.0
1,5,1519632370673999,2192.0
1,5,1519632371575000,2188.0
1,5,1519632372504000,2189.0
1,5,1519632373403000,2191.0
1,5,1519632375203000,2187.0
1,5,1519632376103000,2189.0
1,5,1519632377005000,2185.0
1,5,1519632377933000,2178.0
1,5,1519632378833999,2182.0
1,5,1519632379734000,2177.0
1,5,1519632380633999,2180.0
1,5,1519632381534000,2177.0
1,5,1519632382433000,2176.0
1,5,1519632383334000,2178.0
1,5,1519632384233000,2175.0
1,5,1519632385103000,2177.0
1,5,1519632386873000,2174.0
1,5,1519632387774000,2173.0
1,5,1519632388673000,2171.0
1,5,1519632389513000,2172.0
1,5,1519632390353000,2174.0
1,5,1519632392123000,2173.0
1,5,1519632393083000,2172.0
1,5,1519632393923000,2167.0
1,5,1519632394793000,2164.0
1,5,1519632396473000,2163.0
1,5,1519632397373000,2160.0
1,5,1519632398183000,2167.0
1,5,1519632399023000,2163.0
1,5,1519632399803000,2168.0
1,5,1519632400585999,2172.0
1,5,1519632401484000,2173.0
1,5,1519632402382000,2178.0
1,5,1519632403253000,2186.0
1,5,1519632405023000,2193.0
1,5,1519632405923000,2196.0
1,5,1519632406764000,2197.0
1,5,1519632407603000,2203.0
1,5,1519632408443000,2207.0
1,5,1519632409313000,2210.0
1,5,1519632410123000,2207.0
1,5,1519632411025000,2202.0
1,5,1519632411863000,2200.0
1,5,1519632412733000,2206.0
1,5,1519632413513000,2197.0
1,5,1519632414325000,2200.0
1,5,1519632415164000,2191.0
1,5,1519632415913000,2183.0
1,5,1519632416725000,2192.0
1,5,1519632417475000,2186.0
1,5,1519632418225000,2182.0
1,5,1519632419725000,2181.0
1,5,1519632420475000,2179.0
1,5,1519632421975000,2178.0
1,5,1519632423593999,2180.0
1,5,1519632424375000,2179.0
1,5,1519632426715000,2178.0
1,5,1519632427523000,2179.0
1,5,1519632428273999,2180.0
1,5,1519632429803000,2178.0
1,5,1519632430553000,2177.0
1,5,1519632431303000,2174.0
1,5,1519632432053000,2179.0
1,5,1519632433553000,2181.0
1,5,1519632434303000,2185.0
1,5,1519632435053000,2186.0
1,5,1519632435803000,2184.0
1,5,1519632436553000,2188.0
1,5,1519632438053000,2186.0
1,5,1519632438803000,2185.0
1,5,1519632439553000,2187.0
1,5,1519632440303000,2189.0
1,5,1519632441053000,2190.0
1,5,1519632441803000,2194.0
1,5,1519632444113000,2190.0
1,5,1519632444864000,2191.0
1,5,1519632445615000,2185.0
1,5,1519632446365000,2178.0
1,5,1519632447867000,2176.0
1,5,1519632448615000,2175.0
1,5,1519632449364000,2173.0
1,5,1519632450113000,2174.0
1,5,1519632450864000,2179.0
1,5,1519632451614000,2176.0
1,5,1519632452423000,2173.0
1,5,1519632453263000,2167.0
1,5,1519632454163000,2161.0
1,5,1519632455092000,2151.0
1,5,1519632455993000,2135.0
1,5,1519632456893000,2118.0
1,5,1519632457765000,2107.0
1,5,1519632459563000,2112.0
1,5,1519632460464000,2122.0
1,5,1519632461363000,2134.0
1,5,1519632462263000,2145.0
1,5,1519632463193000,2155.0
1,5,1519632464092000,2156.0
1,5,1519632464993000,2166.0
1,5,1519632465894000,2187.0
1,5,1519632466793000,2198.0
1,5,1519632467752000,2216.0
1,5,1519632468653000,2227.0
1,5,1519632469553000,2233.0
1,5,1519632470481999,2241.0
1,5,1519632471413000,2240.0
1,5,1519632472313000,2249.0
1,5,1519632473213000,2253.0
1,5,1519632474112000,2258.0
1,5,1519632475013000,2260.0
1,5,1519632475913000,2257.0
1,5,1519632476813000,2259.0
1,5,1519632477743000,2257.0
1,5,1519632478645000,2258.0
1,5,1519632479544000,2259.0
1,5,1519632480441999,2261.0
1,5,1519632482243000,2263.0
1,5,1519632483173000,2256.0
1,5,1519632484073000,2259.0
1,5,1519632485003000,2266.0
1,5,1519632485902000,2267.0
1,5,1519632486803000,2271.0
1,5,1519632487733000,2263.0
1,5,1519632488633000,2265.0
1,5,1519632489532000,2266.0
1,5,1519632490433000,2255.0
1,5,1519632491333000,2236.0
1,5,1519632492232000,2211.0
1,5,1519632493161999,2183.0
1,5,1519632494063000,2136.0
1,5,1519632494963000,2095.0
1,5,1519632495863000,2057.0
1,5,1519632496761999,2042.0
1,5,1519632497693000,2019.0
1,5,1519632498592000,2022.0
1,5,1519632500422000,2029.0
1,5,1519632501321999,2035.0
1,5,1519632502222000,2043.0
1,5,1519632503121999,2044.0
1,5,1519632504023000,2055.0
1,5,1519632504894000,2065.0
1,5,1519632505793000,2081.0
1,5,1519632506693000,2106.0
1,5,1519632507561999,2122.0
1,5,1519632508462000,2135.0
1,5,1519632509302000,2142.0
1,5,1519632510142000,2146.0
1,5,1519632510982000,2156.0
1,5,1519632511883000,2170.0
1,5,1519632512813000,2178.0
1,5,1519632513654000,2181.0
1,5,1519632514432000,2189.0
1,5,1519632515182000,2191.0
1,5,1519632515991000,2192.0
1,5,1519632516893000,2193.0
1,5,1519632517761999,2194.0
1,5,1519632518662000,2203.0
1,5,1519632519532000,2200.0
1,5,1519632520433000,2198.0
1,5,1519632521272000,2200.0
1,5,1519632522111000,2202.0
1,5,1519632522984000,2199.0
1,5,1519632523852000,2201.0
1,5,1519632524692000,2177.0
1,5,1519632525532000,2157.0
1,5,1519632526372000,2130.0
1,5,1519632527182000,2108.0
1,5,1519632528022000,2089.0
1,5,1519632528772000,2072.0
1,5,1519632529583000,2059.0
1,5,1519632530334000,2047.0
1,5,1519632531081999,2040.0
1,5,1519632531833999,2030.0
1,5,1519632532672000,2026.0
1,5,1519632533422000,2023.0
1,5,1519632534172000,2026.0
1,5,1519632534921999,2035.0
1,5,1519632535673000,2044.0
1,5,1519632536422000,2057.0
1,5,1519632537172000,2070.0
1,5,1519632537983000,2087.0
1,5,1519632538734000,2106.0
1,5,1519632539483000,2118.0
1,5,1519632540232000,2130.0
1,5,1519632541013000,2142.0
1,5,1519632541734000,2149.0
1,5,1519632542483000,2160.0
1,5,1519632543233000,2164.0
1,5,1519632543983000,2168.0
1,5,1519632544824000,2175.0
1,5,1519632545662000,2179.0
1,5,1519632546473999,2180.0
1,5,1519632547222000,2184.0
1,5,1519632548062000,2185.0
1,5,1519632549561999,2186.0
1,5,1519632550313000,2188.0
1,5,1519632551062000,2187.0
1,5,1519632551812000,2188.0
1,5,1519632552622000,2186.0
1,5,1519632553373000,2187.0
1,5,1519632554121999,2189.0
1,5,1519632554873000,2184.0
1,5,1519632555623000,2188.0
1,5,1519632556374000,2190.0
1,5,1519632557121999,2187.0
1,5,1519632557963000,2182.0
1,5,1519632558862000,2176.0
1,5,1519632559761999,2177.0
1,5,1519632560662000,2172.0
1,5,1519632561561999,2171.0
1,5,1519632562493000,2166.0
1,5,1519632563392000,2170.0
1,5,1519632564292000,2173.0
1,5,1519632565192000,2172.0
1,5,1519632566092000,2175.0
1,5,1519632568822000,2179.0
1,5,1519632569721999,2176.0
1,5,1519632570622000,2181.0
1,5,1519632571521999,2180.0
1,5,1519632572422000,2186.0
1,5,1519632573321999,2184.0
1,5,1519632574222000,2189.0
1,5,1519632575121000,2190.0
1,5,1519632576021000,2187.0
1,5,1519632576921999,2194.0
1,5,1519632577852000,2190.0
1,5,1519632578753999,2188.0
1,5,1519632580552000,2185.0
1,5,1519632581452000,2183.0
1,5,1519632582352000,2180.0
1,5,1519632583312000,2177.0
1,5,1519632584212000,2181.0
1,5,1519632585111000,2175.0
1,5,1519632586041999,2178.0
1,5,1519632586942000,2183.0
1,5,1519632587841999,2179.0
1,5,1519632588742000,2183.0
1,5,1519632589641999,2185.0
1,5,1519632590542000,2188.0
1,5,1519632591441999,2190.0
1,5,1519632592401999,2187.0
1,5,1519632593331000,2189.0
1,5,1519632594232000,2192.0
1,5,1519632595131000,2194.0
1,5,1519632596032000,2188.0
1,5,1519632596932000,2190.0
1,5,1519632597862000,2192.0
1,5,1519632599692000,2191.0
1,5,1519632600591000,2190.0
1,5,1519632601492000,2192.0
1,5,1519632602392000,2196.0
1,5,1519632604221000,2193.0
1,5,1519632605121000,2195.0
1,5,1519632606021000,2197.0
1,5,1519632607852000,2198.0
1,5,1519632608782000,2202.0
1,5,1519632610611000,2205.0
1,5,1519632611512000,2201.0
1,5,1519632612412000,2202.0
1,5,1519632613312000,2200.0
1,5,1519632614181000,2202.0
1,5,1519632615081000,2198.0
1,5,1519632615953000,2196.0
1,5,1519632616851000,2194.0
1,5,1519632618681000,2195.0
1,5,1519632619551000,2194.0
1,5,1519632621291000,2192.0
1,5,1519632622132000,2197.0
1,5,1519632623062000,2195.0
1,5,1519632623901000,2193.0
1,5,1519632624741000,2198.0
1,5,1519632625641000,2194.0
1,5,1519632626453000,2195.0
1,5,1519632627231000,2188.0
1,5,1519632628041000,2190.0
1,5,1519632628853000,2189.0
1,5,1519632630532000,2191.0
1,5,1519632632241000,2186.0
1,5,1519632633171000,2188.0
1,5,1519632634011000,2190.0
1,5,1519632634881000,2192.0
1,5,1519632635750000,2190.0
1,5,1519632636591000,2185.0
1,5,1519632637431000,2187.0
1,5,1519632638361000,2186.0
1,5,1519632639231000,2183.0
1,5,1519632640043000,2178.0
1,5,1519632640881000,2175.0
1,5,1519632641691000,2179.0
1,5,1519632642441999,2178.0
1,5,1519632644693000,2176.0
1,5,1519632645443000,2174.0
1,5,1519632646191000,2178.0
1,5,1519632646943000,2180.0
1,5,1519632647781000,2186.0
1,5,1519632648531000,2191.0
1,5,1519632649281000,2193.0
1,5,1519632650031000,2191.0
1,5,1519632650781000,2195.0
1,5,1519632651592000,2197.0
1,5,1519632653181000,2198.0
1,5,1519632653931000,2197.0
1,5,1519632654681000,2198.0
1,5,1519632655431000,2199.0
1,5,1519632656993000,2202.0
1,5,1519632657831000,2205.0
1,5,1519632658581000,2201.0
1,5,1519632659333000,2200.0
1,5,1519632660081000,2198.0
1,5,1519632660832000,2197.0
1,5,1519632662421000,2198.0
1,5,1519632663171000,2195.0
1,5,1519632664671000,2196.0
1,5,1519632665420000,2193.0
1,5,1519632666171000,2192.0
1,5,1519632666921999,2191.0
1,5,1519632667671000,2190.0
1,5,1519632668481999,2191.0
1,5,1519632669413000,2188.0
1,5,1519632670343000,2190.0
1,5,1519632671243000,2189.0
1,5,1519632672143000,2191.0
1,5,1519632673073000,2189.0
1,5,1519632673973000,2187.0
1,5,1519632674875000,2185.0
1,5,1519632675773000,2186.0
1,5,1519632676673000,2182.0
1,5,1519632677574000,2186.0
1,5,1519632678473999,2181.0
1,5,1519632679374000,2186.0
1,5,1519632680273999,2185.0
1,5,1519632681174000,2187.0
1,5,1519632683004000,2189.0
1,5,1519632683905000,2187.0
1,5,1519632684804000,2189.0
1,5,1519632685704000,2190.0
1,5,1519632686604000,2189.0
1,5,1519632687565000,2191.0
1,5,1519632688464000,2187.0
1,5,1519632691164000,2181.0
1,5,1519632692065000,2183.0
1,5,1519632693894000,2181.0
1,5,1519632694795000,2184.0
1,5,1519632695731000,2183.0
1,5,1519632696654000,2179.0
1,5,1519632697585999,2177.0
1,5,1519632698485000,2175.0
1,5,1519632699415000,2178.0
1,5,1519632700345000,2179.0
1,5,1519632701245000,2181.0
1,5,1519632702144000,2184.0
1,5,1519632703945000,2187.0
1,5,1519632704845000,2190.0
1,5,1519632705745000,2196.0
1,5,1519632706644000,2203.0
1,5,1519632707605000,2202.0
1,5,1519632708505000,2201.0
1,5,1519632709405000,2205.0
1,5,1519632710305000,2203.0
1,5,1519632711205000,2199.0
1,5,1519632712104000,2205.0
1,5,1519632713005000,2211.0
1,5,1519632713905000,2208.0
1,5,1519632714805000,2204.0
1,5,1519632715705000,2200.0
1,5,1519632716605000,2197.0
1,5,1519632717535000,2184.0
1,5,1519632718433999,2171.0
1,5,1519632719335000,2152.0
1,5,1519632720233999,2113.0
1,5,1519632721134000,2070.0
1,5,1519632722064000,2023.0
1,5,1519632722964000,1984.0
1,5,1519632723864000,1966.0
1,5,1519632724764000,1950.0
1,5,1519632725635000,1951.0
1,5,1519632726535000,1943.0
1,5,1519632727405000,1945.0
1,5,1519632728305000,1943.0
1,5,1519632729205000,1950.0
1,5,1519632730073999,1954.0
1,5,1519632730974000,1959.0
1,5,1519632731845000,1963.0
1,5,1519632732805000,1973.0
1,5,1519632733673000,1975.0
1,5,1519632734516000,1976.0
1,5,1519632735357000,1963.0
1,5,1519632736254000,1968.0
1,5,1519632737096000,1953.0
1,5,1519632737935000,1946.0
1,5,1519632738774000,1940.0
1,5,1519632739615000,1937.0
1,5,1519632740455000,1941.0
1,5,1519632741265999,1933.0
1,5,1519632742016000,1934.0
1,5,1519632743605000,1932.0
1,5,1519632744355000,1935.0
1,5,1519632745256000,1933.0
1,5,1519632746124000,1932.0
1,5,1519632747864000,1902.0
1,5,1519632748705999,1884.0
1,5,1519632749605000,1858.0
1,5,1519632750445000,1834.0
1,5,1519632751285000,1811.0
1,5,1519632752125000,1786.0
1,5,1519632752993999,1759.0
1,5,1519632753806000,1736.0
1,5,1519632754645000,1723.0
1,5,1519632755455000,1714.0
1,5,1519632756205000,1708.0
1,5,1519632756957000,1706.0
1,5,1519632757793999,1701.0
1,5,1519632758544000,1712.0
1,5,1519632759294000,1726.0
1,5,1519632760045000,1735.0
1,5,1519632760796000,1743.0
1,5,1519632761606000,1752.0
1,5,1519632762356000,1758.0
1,5,1519632763255000,1762.0
1,5,1519632764006000,1763.0
1,5,1519632764756000,1766.0
1,5,1519632765505999,1769.0
1,5,1519632766256000,1768.0
1,5,1519632767006000,1770.0
1,5,1519632767756000,1769.0
1,5,1519632768505999,1768.0
1,5,1519632770006000,1771.0
1,5,1519632770756000,1773.0
1,5,1519632771505999,1770.0
1,5,1519632772256000,1779.0
1,5,1519632773846000,1789.0
1,5,1519632774596000,1786.0
1,5,1519632775404000,1790.0
1,5,1519632776184000,1788.0
1,5,1519632777684000,1785.0
1,5,1519632778433999,1786.0
1,5,1519632779244000,1784.0
1,5,1519632780747000,1787.0
1,5,1519632781496000,1789.0
1,5,1519632782246000,1784.0
1,5,1519632782996000,1787.0
1,5,1519632783745000,1786.0
1,5,1519632785245000,1779.0
1,5,1519632786083000,1773.0
1,5,1519632786894000,1767.0
1,5,1519632787646000,1728.0
1,5,1519632788395000,1718.0
1,5,1519632789145000,1703.0
1,5,1519632789895000,1679.0
1,5,1519632790676000,1671.0
1,5,1519632791575000,1654.0
1,5,1519632792504000,1656.0
1,5,1519632793404000,1658.0
1,5,1519632794304000,1670.0
1,5,1519632795204000,1680.0
1,5,1519632796103000,1692.0
1,5,1519632797004000,1700.0
1,5,1519632797934000,1712.0
1,5,1519632798833999,1723.0
1,5,1519632799734000,1739.0
1,5,1519632800633999,1746.0
1,5,1519632801534000,1752.0
1,5,1519632802433999,1750.0
1,5,1519632803334000,1763.0
1,5,1519632804264000,1767.0
1,5,1519632805164000,1772.0
1,5,1519632806064000,1777.0
1,5,1519632809664000,1781.0
1,5,1519632810564000,1779.0
1,5,1519632811464000,1776.0
1,5,1519632812364000,1783.0
1,5,1519632814224000,1782.0
1,5,1519632815153000,1785.0
1,5,1519632816953999,1789.0
1,5,1519632817884000,1787.0
1,5,1519632818784000,1783.0
1,5,1519632819685000,1792.0
1,5,1519632820584000,1737.0
1,5,1519632821484000,1753.0
1,5,1519632822384000,1722.0
1,5,1519632823284000,1640.0
1,5,1519632824184000,1559.0
1,5,1519632825084000,1513.0
1,5,1519632826014000,1482.0
1,5,1519632826913999,1459.0
1,5,1519632827844000,1437.0
1,5,1519632828744000,1413.0
1,5,1519632829673000,1390.0
1,5,1519632830574000,1381.0
1,5,1519632831473999,1378.0
1,5,1519632832375000,1373.0
1,5,1519632833303000,1354.0
1,5,1519632834204000,1341.0
1,5,1519632835103000,1329.0
1,5,1519632836905999,1343.0
1,5,1519632837804000,1383.0
1,5,1519632838675000,1419.0
1,5,1519632839574000,1437.0
1,5,1519632840473999,1419.0
1,5,1519632841344000,1416.0
1,5,1519632842244000,1411.0
1,5,1519632843113000,1387.0
1,5,1519632844014000,1354.0
1,5,1519632844913999,1359.0
1,5,1519632845783000,1340.0
1,5,1519632846684000,1321.0
1,5,1519632847524000,1314.0
1,5,1519632848454000,1308.0
1,5,1519632849324000,1289.0
1,5,1519632850163000,1278.0
1,5,1519632851873999,1276.0
1,5,1519632852713999,1268.0
1,5,1519632853463000,1251.0
1,5,1519632854276000,1257.0
1,5,1519632855113999,1247.0
1,5,1519632855865000,1242.0
1,5,1519632856613000,1234.0
1,5,1519632857424000,1236.0
1,5,1519632858293000,1231.0
1,5,1519632859103000,1230.0
1,5,1519632860873999,1222.0
1,5,1519632861713000,1216.0
1,5,1519632862553999,1147.0
1,5,1519632863483000,879.0
1,5,1519632864353000,891.0
1,5,1519632865164000,893.0
1,5,1519632866064000,992.0
1,5,1519632866905000,1536.0
1,5,1519632867805000,1485.0
1,5,1519632868616000,931.0
1,5,1519632869453000,1043.0
1,5,1519632870264000,1421.0
1,5,1519632871015000,1328.0
1,5,1519632871764000,1245.0
1,5,1519632872513999,1159.0
1,5,1519632873353000,1070.0
1,5,1519632874103000,986.0
1,5,1519632874916000,883.0
1,5,1519632875665000,888.0
1,5,1519632876502000,892.0
1,5,1519632877254000,895.0
1,5,1519632878153999,900.0
1,5,1519632879654000,899.0
1,5,1519632880404000,900.0
1,5,1519632881153999,824.0
1,5,1519632881904000,911.0
1,5,1519632882713999,1018.0
1,5,1519632883465999,1115.0
1,5,1519632884214000,1127.0
1,5,1519632884965000,1074.0
1,5,1519632885715000,1078.0
1,5,1519632886465000,1151.0
1,5,1519632887244000,1257.0
1,5,1519632887993999,1365.0
1,5,1519632888744000,1455.0
1,5,1519632889495000,1546.0
1,5,1519632890244000,1611.0
1,5,1519632890993999,1622.0
1,5,1519632891744000,1623.0
1,5,1519632892494000,1642.0
1,5,1519632893244000,1682.0
1,5,1519632893993999,1724.0
1,5,1519632894744000,1761.0
1,5,1519632895494000,1772.0
1,5,1519632896244000,1769.0
1,5,1519632896993999,1786.0
1,5,1519632897804000,1809.0
1,5,1519632898557000,1825.0
1,5,1519632899307000,1851.0
1,5,1519632900054000,1878.0
1,5,1519632900807000,1906.0
1,5,1519632901556000,1932.0
1,5,1519632902305999,1935.0
1,5,1519632903204000,1937.0
1,5,1519632904104000,1940.0
1,5,1519632905004000,1947.0
1,5,1519632905903000,1964.0
1,5,1519632906805000,2000.0
1,5,1519632907793999,2121.0
1,5,1519632908725000,1551.0
1,5,1519632909624000,1382.0
1,5,1519632910524000,1371.0
1,5,1519632911424000,1375.0
1,5,1519632912385999,1368.0
1,5,1519632913315000,1361.0
1,5,1519632914214000,1366.0
1,5,1519632915143000,1384.0
1,5,1519632916052000,1399.0
1,5,1519632916945000,1413.0
1,5,1519632917845000,1421.0
1,5,1519632918747000,1435.0
1,5,1519632919673999,1451.0
1,5,1519632920604000,1476.0
1,5,1519632921504000,1520.0
1,5,1519632922404000,1568.0
1,5,1519632923334000,1628.0
1,5,1519632924233999,1712.0
1,5,1519632925163000,1753.0
1,5,1519632926065000,1791.0
1,5,1519632926964000,1868.0
1,5,1519632927924000,1994.0
1,5,1519632928828000,1615.0
1,5,1519632929724000,1479.0
1,5,1519632930624000,1489.0
1,5,1519632931524000,1487.0
1,5,1519632932424000,1509.0
1,5,1519632933324000,1523.0
1,5,1519632934254000,1543.0
1,5,1519632935153999,1544.0
1,5,1519632936053000,1534.0
1,5,1519632936953999,1527.0
1,5,1519632937855000,1528.0
1,5,1519632938753999,1497.0
1,5,1519632939715000,1358.0
1,5,1519632940617000,1309.0
1,5,1519632941485000,1266.0
1,5,1519632942390000,1227.0
1,5,1519632943285000,1211.0
1,5,1519632944153999,912.0
1,5,1519632945054000,878.0
1,5,1519632945953999,1645.0
1,5,1519632946885000,1538.0
1,5,1519632947814000,1464.0
1,5,1519632948713999,907.0
1,5,1519632949614000,893.0
1,5,1519632950486000,1300.0
1,5,1519632951385000,1324.0
1,5,1519632952284000,1210.0
1,5,1519632953153000,1129.0
1,5,1519632954085000,1089.0
1,5,1519632954985000,1055.0
1,5,1519632955855000,1039.0
1,5,1519632956753999,1024.0
1,5,1519632957625000,972.0
1,5,1519632958525000,903.0
1,5,1519632959454000,905.0
1,5,1519632960384000,930.0
1,5,1519632961283000,983.0
1,5,1519632962131000,1032.0
1,5,1519632963054000,1097.0
1,5,1519632963953999,1185.0
1,5,1519632964734000,1248.0
1,5,1519632965633999,1306.0
1,5,1519632966473999,1356.0
1,5,1519632967313999,1365.0
1,5,1519632968142000,1322.0
1,5,1519632968935000,1298.0
1,5,1519632969685000,1293.0
1,5,1519632970465000,1289.0
1,5,1519632971244000,1290.0
1,5,1519632972024000,1288.0
1,5,1519632972833999,1290.0
1,5,1519632973614000,1307.0
1,5,1519632974424000,1352.0
1,5,1519632975324000,1390.0
1,5,1519632976224000,1417.0
1,5,1519632977065000,1446.0
1,5,1519632977993999,1464.0
1,5,1519632978864000,1429.0
1,5,1519632979734000,1364.0
1,5,1519632980574000,1302.0
1,5,1519632981325000,1306.0
1,5,1519632982163000,1287.0
1,5,1519632982976000,1289.0
1,5,1519632983726000,1290.0
1,5,1519632984473999,1242.0
1,5,1519632985225000,1174.0
1,5,1519632985975000,1137.0
1,5,1519632986725000,1147.0
1,5,1519632987475000,1191.0
1,5,1519632988313999,1245.0
1,5,1519632989064000,1291.0
1,5,1519632989875000,1360.0
1,5,1519632990625999,1400.0
1,5,1519632991375000,1412.0
1,5,1519632992125000,1464.0
1,5,1519632992964000,1547.0
1,5,1519632993713999,1623.0
1,5,1519632994464000,1681.0
1,5,1519632995213000,1766.0
1,5,1519632995964000,1893.0
1,5,1519632996713999,2037.0
1,5,1519632997464000,1972.0
1,5,1519632998303000,1345.0
1,5,1519632999025999,1354.0
1,5,1519632999804000,1336.0
1,5,1519633000526000,1301.0
1,5,1519633001273999,1308.0
1,5,1519633002025000,1299.0
1,5,1519633002864000,1353.0
1,5,1519633003615000,1412.0
1,5,1519633004364000,1471.0
1,5,1519633005204000,1535.0
1,5,1519633005955000,1619.0
1,5,1519633006823000,1735.0
1,5,1519633007604000,1848.0
1,5,1519633008327000,1947.0
1,5,1519633009105000,2049.0
1,5,1519633009854000,2151.0
1,5,1519633010604000,1753.0
1,5,1519633011353999,1545.0
1,5,1519633012103000,1572.0
1,5,1519633012915000,1599.0
1,5,1519633015404000,1600.0
1,5,1519633018163000,1595.0
1,5,1519633019064000,1590.0
1,5,1519633019964000,1571.0
1,5,1519633020864000,1550.0
1,5,1519633021765000,1523.0
1,5,1519633022665000,1503.0
1,5,1519633023593999,1495.0
1,5,1519633024494000,1491.0
1,5,1519633025424000,1481.0
1,5,1519633026323000,1427.0
1,5,1519633027223000,1429.0
1,5,1519633028121999,1387.0
1,5,1519633029025999,1345.0
1,5,1519633029924000,883.0
1,5,1519633030823000,877.0
1,5,1519633031723000,1763.0
1,5,1519633032622000,1725.0
1,5,1519633033553000,1652.0
1,5,1519633034485000,1462.0
1,5,1519633035384000,878.0
1,5,1519633036283000,872.0
1,5,1519633037183000,866.0
1,5,1519633038143000,882.0
1,5,1519633039044000,890.0
1,5,1519633039944000,897.0
1,5,1519633040844000,898.0
1,5,1519633042675000,873.0
1,5,1519633043635000,778.0
1,5,1519633044563000,227.0
1,5,1519633045464000,0.0
1,5,1519633083983000,138.0
1,5,1519633084733000,1143.0
1,5,1519633085483000,1001.0
1,5,1519633086293000,989.0
1,5,1519633087045000,1615.0
1,5,1519633087855000,2323.0
1,5,1519633088633000,1846.0
1,5,1519633089384000,1390.0
1,5,1519633090253000,1692.0
1,5,1519633091096000,2099.0
1,5,1519633091933000,1533.0
1,5,1519633092803000,1298.0
1,5,1519633093584000,1219.0
1,5,1519633094423000,959.0
1,5,1519633095172000,1062.0
1,5,1519633095985000,1288.0
1,5,1519633096733000,943.0
1,5,1519633097573000,897.0
1,5,1519633098413000,898.0
1,5,1519633099134000,900.0
1,5,1519633099943000,972.0
1,5,1519633100724000,1275.0
1,5,1519633101473000,1705.0
1,5,1519633102222000,2081.0
1,5,1519633103033999,1965.0
1,5,1519633103784000,1362.0
1,5,1519633104535000,1380.0
1,5,1519633105283000,1614.0
1,5,1519633106033999,1949.0
1,5,1519633106785000,1698.0
1,5,1519633107535000,1263.0
1,5,1519633108373000,1244.0
1,5,1519633109126000,1277.0
1,5,1519633109876000,1280.0
1,5,1519633110623000,1272.0
1,5,1519633111373000,1267.0
1,5,1519633112123000,1261.0
1,5,1519633112933000,1265.0
1,5,1519633113686000,1266.0
1,5,1519633114435000,1229.0
1,5,1519633115183000,1191.0
1,5,1519633115933000,1162.0
1,5,1519633116684000,1135.0
1,5,1519633117433000,1118.0
1,5,1519633118273000,1080.0
1,5,1519633119024000,1037.0
1,5,1519633119774000,994.0
1,5,1519633120526000,1015.0
1,5,1519633121333000,956.0
1,5,1519633122112000,958.0
1,5,1519633122836000,953.0
1,5,1519633123613000,988.0
1,5,1519633124363000,1039.0
1,5,1519633125173000,1117.0
1,5,1519633125925000,1181.0
1,5,1519633126793000,1256.0
1,5,1519633127692000,1310.0
1,5,1519633128592000,1357.0
1,5,1519633129492000,1349.0
1,5,1519633130393000,1319.0
1,5,1519633131292000,1292.0
1,5,1519633132193000,1287.0
1,5,1519633133093000,1279.0
1,5,1519633133993000,1262.0
1,5,1519633134893000,1257.0
1,5,1519633135793000,1296.0
1,5,1519633136692000,1327.0
1,5,1519633137592000,1390.0
1,5,1519633138553000,1465.0
1,5,1519633139452000,1531.0
1,5,1519633140353000,1578.0
1,5,1519633141252000,1584.0
1,5,1519633142152000,1574.0
1,5,1519633143081999,1516.0
1,5,1519633143985000,867.0
1,5,1519633144944000,897.0
1,5,1519633145841999,1189.0
1,5,1519633146745000,1143.0
1,5,1519633147643000,888.0
1,5,1519633148544000,891.0
1,5,1519633149473999,894.0
1,5,1519633150371000,900.0
1,5,1519633151273000,809.0
1,5,1519633152201999,150.0
1,5,1519633153161999,0.0
1,5,1519633180283000,312.0
1,5,1519633181152000,976.0
1,5,1519633182052000,906.0
1,5,1519633183012000,887.0
1,5,1519633183912000,1395.0
1,5,1519633184813000,2004.0
1,5,1519633185681999,1093.0
1,5,1519633186582000,1123.0
1,5,1519633187452000,1106.0
1,5,1519633188351000,1131.0
1,5,1519633189192000,1084.0
1,5,1519633190093000,988.0
1,5,1519633190964000,902.0
1,5,1519633191863000,874.0
1,5,1519633192703000,885.0
1,5,1519633193632000,903.0
1,5,1519633194473000,901.0
1,5,1519633195252000,900.0
1,5,1519633196001999,876.0
1,5,1519633196782000,791.0
1,5,1519633197592000,213.0
1,5,1519633198411000,0.0
1,5,1519633238152000,286.0
1,5,1519633239067000,902.0
1,5,1519633239953999,927.0
1,5,1519633240823000,897.0
1,5,1519633241721999,1133.0
1,5,1519633242621000,1629.0
1,5,1519633243521999,1147.0
1,5,1519633244422000,1156.0
1,5,1519633245321999,1506.0
1,5,1519633246222000,2026.0
1,5,1519633247121000,2489.0
1,5,1519633248025000,1634.0
1,5,1519633248921000,1590.0
1,5,1519633249852000,1563.0
1,5,1519633250758000,1576.0
1,5,1519633251653000,1572.0
1,5,1519633252552000,1585.0
1,5,1519633253452000,1627.0
1,5,1519633254352000,1648.0
1,5,1519633255252000,1603.0
1,5,1519633256152000,1532.0
1,5,1519633257057000,1470.0
1,5,1519633258013000,1399.0
1,5,1519633258913999,1375.0
1,5,1519633259812000,1350.0
1,5,1519633260712000,1301.0
1,5,1519633261611000,1237.0
1,5,1519633262512000,1193.0
1,5,1519633263441000,1168.0
1,5,1519633264341000,1128.0
1,5,1519633265241000,994.0
1,5,1519633266141000,919.0
1,5,1519633267041999,903.0
1,5,1519633267942000,900.0
1,5,1519633268841999,901.0
1,5,1519633270641999,837.0
1,5,1519633271542000,765.0
1,5,1519633272441999,768.0
1,5,1519633274272000,769.0
1,5,1519633275171000,771.0
1,5,1519633276972000,768.0
1,5,1519633277871000,769.0
1,5,1519633279671000,770.0
1,5,1519633280571000,1059.0
1,5,1519633281471000,976.0
1,5,1519633282371000,1506.0
1,5,1519633283301000,1912.0
1,5,1519633284201000,1160.0
1,5,1519633285131000,1549.0
1,5,1519633286031000,1764.0
1,5,1519633286901000,1275.0
1,5,1519633287774000,1314.0
1,5,1519633288671000,1321.0
1,5,1519633289571000,1295.0
1,5,1519633290411000,1257.0
1,5,1519633291281000,1267.0
1,5,1519633292181000,1342.0
1,5,1519633293051000,1401.0
1,5,1519633293981000,1421.0
1,5,1519633294881000,1392.0
1,5,1519633295750000,1343.0
1,5,1519633296651000,1326.0
1,5,1519633297551000,1264.0
1,5,1519633298421000,1271.0
1,5,1519633299321999,1281.0
1,5,1519633300164000,1288.0
1,5,1519633301001000,1291.0
1,5,1519633301901000,1280.0
1,5,1519633302713000,1238.0
1,5,1519633303581000,1219.0
1,5,1519633304512000,1263.0
1,5,1519633305351000,1389.0
1,5,1519633306190000,1589.0
1,5,1519633307001000,1639.0
1,5,1519633307812000,1191.0
1,5,1519633308653000,1228.0
1,5,1519633309431000,1153.0
1,5,1519633310211000,1146.0
1,5,1519633311051000,1113.0
1,5,1519633311861000,1083.0
1,5,1519633312701000,938.0
1,5,1519633313449999,979.0
1,5,1519633314201000,1443.0
1,5,1519633314951000,1476.0
1,5,1519633315702000,1491.0
1,5,1519633316451000,1451.0
1,5,1519633317200000,1429.0
1,5,1519633317952000,1375.0
1,5,1519633318701000,1324.0
1,5,1519633319453000,1232.0
1,5,1519633320289999,1132.0
1,5,1519633321132000,869.0
1,5,1519633322032000,881.0
1,5,1519633322965000,889.0
1,5,1519633323801999,895.0
1,5,1519633324553000,899.0
1,5,1519633325451000,898.0
1,5,1519633326201000,900.0
1,5,1519633328541000,841.0
1,5,1519633329289999,770.0
1,5,1519633330041000,769.0
1,5,1519633330791000,768.0
1,5,1519633331541000,770.0
1,5,1519633332291000,768.0
1,5,1519633333104000,769.0
1,5,1519633333853000,770.0
1,5,1519633335352000,769.0
1,5,1519633336103000,770.0
1,5,1519633337604000,769.0
1,5,1519633339103000,771.0
1,5,1519633339854000,768.0
1,5,1519633340601000,770.0
1,5,1519633342104000,771.0
1,5,1519633342853000,770.0
1,5,1519633345853000,992.0
1,5,1519633346605000,959.0
1,5,1519633347352000,1388.0
1,5,1519633348103000,1993.0
1,5,1519633348880000,1640.0
1,5,1519633349604000,1309.0
1,5,1519633350411000,1617.0
1,5,1519633351311000,2153.0
1,5,1519633352211000,1714.0
1,5,1519633353201999,1471.0
1,5,1519633354103000,1509.0
1,5,1519633355001999,1517.0
1,5,1519633355900000,1536.0
1,5,1519633356831000,1526.0
1,5,1519633357731000,1463.0
1,5,1519633358662000,1432.0
1,5,1519633359561999,1428.0
1,5,1519633360461000,1440.0
1,5,1519633361360000,1463.0
1,5,1519633362260000,1492.0
1,5,1519633363163000,1479.0
1,5,1519633364060000,1455.0
1,5,1519633364961999,1419.0
1,5,1519633365863000,1417.0
1,5,1519633366761999,1444.0
1,5,1519633367662000,1465.0
1,5,1519633368590000,1502.0
1,5,1519633369491000,1555.0
1,5,1519633370391000,1615.0
1,5,1519633371289999,1652.0
1,5,1519633372190000,1632.0
1,5,1519633373091000,1559.0
1,5,1519633374051000,1491.0
1,5,1519633374951000,1441.0
1,5,1519633375849999,1431.0
1,5,1519633376751000,1458.0
1,5,1519633377649999,1484.0
1,5,1519633378550000,1474.0
1,5,1519633379451000,1423.0
1,5,1519633380350000,956.0
1,5,1519633381249999,905.0
1,5,1519633382150000,906.0
1,5,1519633383081000,889.0
1,5,1519633383981000,897.0
1,5,1519633384881000,899.0
1,5,1519633385780000,832.0
1,5,1519633386681000,766.0
1,5,1519633387581000,768.0
1,5,1519633390310000,769.0
1,5,1519633392110000,771.0
1,5,1519633393041999,769.0
1,5,1519633393940000,768.0
1,5,1519633394840000,770.0
1,5,1519633395740000,771.0
1,5,1519633397510000,770.0
1,5,1519633398382000,768.0
1,5,1519633399280000,770.0
1,5,1519633400180000,768.0
1,5,1519633401021000,770.0
1,5,1519633403721000,772.0
1,5,1519633404590000,768.0
1,5,1519633405521000,770.0
1,5,1519633406420000,768.0
1,5,1519633407321000,769.0
1,5,1519633408220000,770.0
1,5,1519633410020000,769.0
1,5,1519633410889999,770.0
1,5,1519633411791000,768.0
1,5,1519633412660000,769.0
1,5,1519633413559000,770.0
1,5,1519633414460000,771.0
1,5,1519633415329999,769.0
1,5,1519633416231000,773.0
1,5,1519633417071000,769.0
1,5,1519633417911000,770.0
1,5,1519633420462000,769.0
1,5,1519633421331000,771.0
1,5,1519633422171000,772.0
1,5,1519633422925000,773.0
1,5,1519633423761999,770.0
1,5,1519633425321999,772.0
1,5,1519633426073000,770.0
1,5,1519633426825999,769.0
1,5,1519633427573000,770.0
1,5,1519633429161999,771.0
1,5,1519633430663000,770.0
1,5,1519633432224000,861.0
1,5,1519633433032000,1048.0
1,5,1519633433813000,1021.0
1,5,1519633434652000,1210.0
1,5,1519633435521999,1973.0
1,5,1519633436361999,1798.0
1,5,1519633437201999,1223.0
1,5,1519633438102000,1186.0
1,5,1519633438852000,1083.0
1,5,1519633439603000,886.0
1,5,1519633440352000,890.0
1,5,1519633441102000,892.0
1,5,1519633441853000,896.0
1,5,1519633442601999,1007.0
1,5,1519633443413000,1048.0
1,5,1519633444166000,1005.0
1,5,1519633444916000,1183.0
1,5,1519633445663000,1286.0
1,5,1519633446416000,1290.0
1,5,1519633447163000,1258.0
1,5,1519633447972000,1234.0
1,5,1519633448755000,1395.0
1,5,1519633449502000,1610.0
1,5,1519633450251000,1564.0
1,5,1519633451003000,1379.0
1,5,1519633451752000,1259.0
1,5,1519633452502000,1161.0
1,5,1519633453316000,990.0
1,5,1519633454065999,899.0
1,5,1519633454902000,887.0
1,5,1519633455803000,900.0
1,5,1519633456702000,937.0
1,5,1519633457603000,1139.0
1,5,1519633458415000,1169.0
1,5,1519633459166000,1141.0
1,5,1519633460062000,1131.0
1,5,1519633460963000,1095.0
1,5,1519633461863000,1062.0
1,5,1519633462763000,1000.0
1,5,1519633463662000,881.0
1,5,1519633464563000,882.0
1,5,1519633465495000,922.0
1,5,1519633466393999,936.0
1,5,1519633467294000,918.0
1,5,1519633468223000,900.0
1,5,1519633469123000,897.0
1,5,1519633470024000,903.0
1,5,1519633470923000,900.0
1,5,1519633471825000,897.0
1,5,1519633473655000,916.0
1,5,1519633474555000,905.0
1,5,1519633475453000,903.0
1,5,1519633476353000,901.0
1,5,1519633477283000,899.0
1,5,1519633479115000,838.0
1,5,1519633480014000,769.0
1,5,1519633481841999,770.0
1,5,1519633482773000,769.0
1,5,1519633483675000,770.0
1,5,1519633484573000,769.0
1,5,1519633486373000,771.0
1,5,1519633487272000,769.0
1,5,1519633488203000,770.0
1,5,1519633490003000,771.0
1,5,1519633490902000,770.0
1,5,1519633491803000,768.0
1,5,1519633492703000,771.0
1,5,1519633493663000,770.0
1,5,1519633494563000,771.0
1,5,1519633495494000,769.0
1,5,1519633496392000,771.0
1,5,1519633497293000,770.0
1,5,1519633500923000,769.0
1,5,1519633501824000,771.0
1,5,1519633502724000,767.0
1,5,1519633503623000,769.0
1,5,1519633504523000,771.0
1,5,1519633505481999,769.0
1,5,1519633506382000,771.0
1,5,1519633507281999,770.0
1,5,1519633508152000,768.0
1,5,1519633509054000,769.0
1,5,1519633509921999,768.0
1,5,1519633510822000,770.0
1,5,1519633511721999,769.0
1,5,1519633512593000,771.0
1,5,1519633513521999,768.0
1,5,1519633514422000,770.0
1,5,1519633515262000,771.0
1,5,1519633517003000,736.0
1,5,1519633517841999,344.0
1,5,1519633518681999,0.0
1,5,1519633524893000,1072.0
1,5,1519633525761999,978.0
1,5,1519633526692000,1071.0
1,5,1519633527593000,1814.0
1,5,1519633528432000,2411.0
1,5,1519633529361999,1705.0
1,5,1519633530261000,1341.0
1,5,1519633531192000,1373.0
1,5,1519633532032000,1318.0
1,5,1519633532872000,1211.0
1,5,1519633533712000,1110.0
1,5,1519633534553000,1005.0
1,5,1519633535422000,914.0
1,5,1519633536292000,870.0
1,5,1519633537132000,884.0
1,5,1519633537972000,894.0
1,5,1519633538785000,900.0
1,5,1519633540372000,899.0
1,5,1519633541121999,900.0
1,5,1519633541872000,901.0
1,5,1519633542623000,852.0
1,5,1519633543435000,721.0
1,5,1519633544182000,115.0
1,5,1519633544936000,0.0
1,5,1519633595542000,1086.0
1,5,1519633596441000,1317.0
1,5,1519633597371000,1233.0
1,5,1519633598302000,1793.0
1,5,1519633599201000,2036.0
1,5,1519633600131000,1263.0
1,5,1519633601032000,1306.0
1,5,1519633601932000,1245.0
1,5,1519633602833000,963.0
1,5,1519633603765000,898.0
1,5,1519633604692000,901.0
1,5,1519633605593000,900.0
1,5,1519633607392000,899.0
1,5,1519633608352000,898.0
1,5,1519633610151000,899.0
1,5,1519633611055000,901.0
1,5,1519633611952000,900.0
1,5,1519633613782000,904.0
1,5,1519633614681999,898.0
1,5,1519633615582000,991.0
1,5,1519633616481999,912.0
1,5,1519633617382000,880.0
1,5,1519633618281000,788.0
1,5,1519633619181000,763.0
1,5,1519633620049999,212.0
1,5,1519633620951000,0.0
1,5,1519633671111000,305.0
1,5,1519633672011000,1073.0
1,5,1519633672912000,991.0
1,5,1519633673811000,1145.0
1,5,1519633674711000,1723.0
1,5,1519633675611000,2135.0
1,5,1519633676511000,1415.0
1,5,1519633677409999,1480.0
1,5,1519633678340000,1589.0
1,5,1519633679241000,1582.0
1,5,1519633680140000,1347.0
1,5,1519633681041000,1261.0
1,5,1519633681971000,1272.0
1,5,1519633682871000,1123.0
1,5,1519633683803000,909.0
1,5,1519633684701000,905.0
1,5,1519633685601000,891.0
1,5,1519633686501000,809.0
1,5,1519633687401000,222.0
1,5,1519633688331000,0.0
1,5,1519633748269000,319.0
1,5,1519633749169000,1184.0
1,5,1519633750012000,1053.0
1,5,1519633750910000,1542.0
1,5,1519633751809999,2180.0
1,5,1519633752710000,1188.0
1,5,1519633753640000,1403.0
1,5,1519633754540000,1498.0
1,5,1519633755409999,1502.0
1,5,1519633756310000,1503.0
1,5,1519633757181000,1502.0
1,5,1519633758081000,1489.0
1,5,1519633759009999,1495.0
1,5,1519633759853000,1480.0
1,5,1519633760750000,1463.0
1,5,1519633761590000,1419.0
1,5,1519633762429000,1300.0
1,5,1519633763301000,1183.0
1,5,1519633764140000,948.0
1,5,1519633765013000,913.0
1,5,1519633765849999,905.0
1,5,1519633766601999,903.0
1,5,1519633768102000,901.0
1,5,1519633768852000,868.0
1,5,1519633769689999,789.0
1,5,1519633770440000,773.0
1,5,1519633771190000,769.0
1,5,1519633771940000,770.0
1,5,1519633772691000,769.0
1,5,1519633774249999,771.0
1,5,1519633775001999,768.0
1,5,1519633775750000,769.0
1,5,1519633776502000,771.0
1,5,1519633777251000,769.0
1,5,1519633778001999,767.0
1,5,1519633778840000,769.0
1,5,1519633779590000,770.0
1,5,1519633780341000,843.0
1,5,1519633781150000,938.0
1,5,1519633781929999,933.0
1,5,1519633782679000,963.0
1,5,1519633783430000,912.0
1,5,1519633784180000,865.0
1,5,1519633784929999,829.0
1,5,1519633785742000,785.0
1,5,1519633786491000,773.0
1,5,1519633787241000,769.0
1,5,1519633787991000,772.0
1,5,1519633788830000,771.0
1,5,1519633789580000,773.0
1,5,1519633791080000,770.0
1,5,1519633792580000,771.0
1,5,1519633793393999,768.0
1,5,1519633794142000,767.0
1,5,1519633795644000,769.0
1,5,1519633796390000,768.0
1,5,1519633797139000,767.0
1,5,1519633797889999,770.0
1,5,1519633798644000,767.0
1,5,1519633799391000,770.0
1,5,1519633800894000,772.0
1,5,1519633801643000,774.0
1,5,1519633802392000,770.0
1,5,1519633803230000,771.0
1,5,1519633804069000,773.0
1,5,1519633804969999,771.0
1,5,1519633805869000,769.0
1,5,1519633806771000,770.0
1,5,1519633808571000,772.0
1,5,1519633811299000,774.0
1,5,1519633812199000,768.0
1,5,1519633813100000,769.0
1,5,1519633814900000,768.0
1,5,1519633815801000,769.0
1,5,1519633816699000,777.0
1,5,1519633817600000,757.0
1,5,1519633818529999,890.0
1,5,1519633819432000,940.0
1,5,1519633820360000,949.0
1,5,1519633821259000,965.0
1,5,1519633822160000,993.0
1,5,1519633823059000,911.0
1,5,1519633823991000,856.0
1,5,1519633824891000,812.0
1,5,1519633825791000,908.0
1,5,1519633826689999,947.0
1,5,1519633827590000,959.0
1,5,1519633828520000,970.0
1,5,1519633829419000,893.0
1,5,1519633830320000,844.0
1,5,1519633831249999,798.0
1,5,1519633832149000,768.0
1,5,1519633833049999,770.0
1,5,1519633834880000,771.0
1,5,1519633835779000,768.0
1,5,1519633837611000,770.0
1,5,1519633838540000,769.0
1,5,1519633839440000,772.0
1,5,1519633841270000,770.0
1,5,1519633843072000,767.0
1,5,1519633843971000,769.0
1,5,1519633844871000,771.0
1,5,1519633846671000,770.0
1,5,1519633847569999,771.0
1,5,1519633848500000,770.0
1,5,1519633849400000,769.0
1,5,1519633850299000,770.0
1,5,1519633851199000,767.0
1,5,1519633852100000,770.0
1,5,1519633853000000,769.0
1,5,1519633853869000,807.0
1,5,1519633854769000,935.0
1,5,1519633855670000,904.0
1,5,1519633857439000,901.0
1,5,1519633858279000,905.0
1,5,1519633859119000,1078.0
1,5,1519633860049000,1291.0
1,5,1519633860920000,1433.0
1,5,1519633861759000,1094.0
1,5,1519633862630000,953.0
1,5,1519633863470000,912.0
1,5,1519633864309000,925.0
1,5,1519633865148000,1027.0
1,5,1519633865958000,1289.0
1,5,1519633866772000,1425.0
1,5,1519633867548000,950.0
1,5,1519633868449000,1133.0
1,5,1519633869349000,1432.0
1,5,1519633870249000,1656.0
1,5,1519633871088000,1689.0
1,5,1519633871989000,1677.0
1,5,1519633872860000,1620.0
1,5,1519633873760000,1560.0
1,5,1519633874600000,1517.0
1,5,1519633875439000,1465.0
1,5,1519633876309000,1358.0
1,5,1519633877149000,1249.0
1,5,1519633877960000,898.0
1,5,1519633878859000,891.0
1,5,1519633879699000,896.0
1,5,1519633881260000,901.0
1,5,1519633882012000,899.0
1,5,1519633882760000,862.0
1,5,1519633883599000,786.0
1,5,1519633884349000,767.0
1,5,1519633885100000,772.0
1,5,1519633885849999,770.0
1,5,1519633886599000,768.0
1,5,1519633887349000,769.0
1,5,1519633888849000,770.0
1,5,1519633889599000,771.0
1,5,1519633890350000,769.0
1,5,1519633891159000,768.0
1,5,1519633892661000,1091.0
1,5,1519633893499000,1047.0
1,5,1519633894249000,1250.0
1,5,1519633895000000,1923.0
1,5,1519633895748000,1498.0
1,5,1519633896529999,1009.0
1,5,1519633897337999,1177.0
1,5,1519633898089000,1312.0
1,5,1519633898989000,1397.0
1,5,1519633899739000,1490.0
1,5,1519633900489999,1673.0
1,5,1519633901329000,1311.0
1,5,1519633902137999,1136.0
1,5,1519633902889000,1263.0
1,5,1519633903699000,1351.0
1,5,1519633904449000,1364.0
1,5,1519633905200000,1365.0
1,5,1519633905951000,1355.0
1,5,1519633906701000,1303.0
1,5,1519633907451000,1253.0
1,5,1519633908200000,1211.0
1,5,1519633909039000,1164.0
1,5,1519633909788000,1132.0
1,5,1519633910689000,867.0
1,5,1519633911439000,875.0
1,5,1519633912187000,1341.0
1,5,1519633912939000,1214.0
1,5,1519633913689999,1130.0
1,5,1519633914439000,1048.0
1,5,1519633915249000,999.0
1,5,1519633916000000,931.0
1,5,1519633916750000,868.0
1,5,1519633917529000,880.0
1,5,1519633918462000,892.0
1,5,1519633919359000,897.0
1,5,1519633920137999,1238.0
1,5,1519633921045000,1291.0
1,5,1519633921969000,1761.0
1,5,1519633922870000,1521.0
1,5,1519633923769000,910.0
1,5,1519633924669000,894.0
1,5,1519633925569999,896.0
1,5,1519633927369000,862.0
1,5,1519633928268000,674.0
1,5,1519633929169000,66.0
1,5,1519633930070000,0.0
1,5,1519633972733000,144.0
1,5,1519633973637000,992.0
1,5,1519633974531000,1033.0
1,5,1519633975373000,1091.0
1,5,1519633976211000,1041.0
1,5,1519633977081999,1829.0
1,5,1519633977921999,1636.0
1,5,1519633978823000,1178.0
1,5,1519633979721000,1377.0
1,5,1519633980561999,1484.0
1,5,1519633981312000,1578.0
1,5,1519633982181000,1569.0
1,5,1519633982961999,1560.0
1,5,1519633983861000,1629.0
1,5,1519633984761000,1660.0
1,5,1519633985660000,1736.0
1,5,1519633986531000,1719.0
1,5,1519633987432000,1636.0
1,5,1519633988301000,1521.0
1,5,1519633989231000,1362.0
1,5,1519633990131000,1302.0
1,5,1519633991032000,1237.0
1,5,1519633991903000,1137.0
1,5,1519633992774000,1008.0
1,5,1519633993641000,968.0
1,5,1519633994481000,971.0
1,5,1519633995321999,1053.0
1,5,1519633996161000,1118.0
1,5,1519633996973000,1108.0
1,5,1519633997723000,1090.0
1,5,1519633998561999,1127.0
1,5,1519633999312000,1103.0
1,5,1519634000061000,1057.0
1,5,1519634000811000,970.0
1,5,1519634001561999,906.0
1,5,1519634002311000,862.0
1,5,1519634003061000,896.0
1,5,1519634003873000,898.0
1,5,1519634004624000,901.0
1,5,1519634005373000,900.0
1,5,1519634006121000,901.0
1,5,1519634006875000,898.0
1,5,1519634007623000,930.0
1,5,1519634008431000,884.0
1,5,1519634009271000,873.0
1,5,1519634010024000,1027.0
1,5,1519634010771000,1240.0
1,5,1519634011521999,1271.0
1,5,1519634012361000,1344.0
1,5,1519634013111000,1630.0
1,5,1519634013951000,1084.0
1,5,1519634014769000,870.0
1,5,1519634015512000,932.0
1,5,1519634016261000,913.0
1,5,1519634017014000,905.0
1,5,1519634017763000,904.0
1,5,1519634018601000,902.0
1,5,1519634019351000,901.0
1,5,1519634020101000,898.0
1,5,1519634020913000,900.0
1,5,1519634021811000,868.0
1,5,1519634022651000,877.0
1,5,1519634023461000,911.0
1,5,1519634024212000,896.0
1,5,1519634024961999,1028.0
1,5,1519634025713000,1137.0
1,5,1519634026462000,1212.0
1,5,1519634027211000,972.0
1,5,1519634027961999,921.0
1,5,1519634028862000,909.0
1,5,1519634029614000,905.0
1,5,1519634030361999,903.0
1,5,1519634031261000,900.0
1,5,1519634032160000,901.0
1,5,1519634033061000,880.0
1,5,1519634033991000,984.0
1,5,1519634034891000,951.0
1,5,1519634035791000,916.0
1,5,1519634036691000,904.0
1,5,1519634037592000,901.0
1,5,1519634039391000,900.0
1,5,1519634041191000,871.0
1,5,1519634042089999,782.0
1,5,1519634042992000,766.0
1,5,1519634043921000,768.0
1,5,1519634045750000,769.0
1,5,1519634046651000,770.0
1,5,1519634047551000,767.0
1,5,1519634048511000,771.0
1,5,1519634049411000,770.0
1,5,1519634050341000,769.0
1,5,1519634051241000,771.0
1,5,1519634052140000,768.0
1,5,1519634053070000,770.0
1,5,1519634054001000,769.0
1,5,1519634054901000,1083.0
1,5,1519634055801000,1049.0
1,5,1519634056701000,1662.0
1,5,1519634057631000,2152.0
1,5,1519634058531000,1415.0
1,5,1519634059431000,1395.0
1,5,1519634060331000,1558.0
1,5,1519634061260000,1644.0
1,5,1519634062161000,1636.0
1,5,1519634063061000,1575.0
1,5,1519634063991000,1450.0
1,5,1519634064891000,998.0
1,5,1519634065793999,894.0
1,5,1519634066692000,895.0
1,5,1519634067590000,896.0
1,5,1519634069481000,843.0
1,5,1519634070381000,926.0
1,5,1519634071281000,922.0
1,5,1519634072180000,936.0
1,5,1519634073081000,891.0
1,5,1519634074009999,963.0
1,5,1519634074910000,1305.0
1,5,1519634075869000,1326.0
1,5,1519634076800000,1052.0
1,5,1519634077700000,924.0
1,5,1519634078600000,1210.0
1,5,1519634079501000,1901.0
1,5,1519634080400000,1163.0
1,5,1519634081269000,884.0
1,5,1519634082171000,889.0
1,5,1519634083043000,893.0
1,5,1519634083942000,897.0
1,5,1519634084871000,898.0
1,5,1519634085743000,896.0
1,5,1519634086641000,897.0
1,5,1519634087541000,896.0
1,5,1519634088441000,841.0
1,5,1519634089310000,770.0
1,5,1519634090181000,768.0
1,5,1519634091080000,898.0
1,5,1519634091980000,892.0
1,5,1519634092792000,897.0
1,5,1519634093630000,1097.0
1,5,1519634094502000,950.0
1,5,1519634095343000,906.0
1,5,1519634096180000,904.0
1,5,1519634097000000,901.0
1,5,1519634097830000,931.0
1,5,1519634098582000,898.0
1,5,1519634099331000,915.0
1,5,1519634100141000,977.0
1,5,1519634101009999,881.0
1,5,1519634101881000,911.0
1,5,1519634102780000,975.0
1,5,1519634103680000,903.0
1,5,1519634104551000,901.0
1,5,1519634107132000,904.0
1,5,1519634107969999,907.0
1,5,1519634108872000,966.0
1,5,1519634109800000,1031.0
1,5,1519634110640000,1209.0
1,5,1519634111420000,1303.0
1,5,1519634112232000,1368.0
1,5,1519634113070000,1439.0
1,5,1519634113881000,1502.0
1,5,1519634114689999,1546.0
1,5,1519634115500000,1571.0
1,5,1519634116281000,1575.0
1,5,1519634117031000,1588.0
1,5,1519634117782000,1589.0
1,5,1519634118621000,1546.0
1,5,1519634119369999,1522.0
1,5,1519634120120000,1490.0
1,5,1519634120870000,1443.0
1,5,1519634121621000,1283.0
1,5,1519634122436000,1038.0
1,5,1519634123181000,882.0
1,5,1519634123935000,859.0
1,5,1519634124683000,888.0
1,5,1519634125435000,927.0
1,5,1519634126181000,914.0
1,5,1519634126931000,905.0
1,5,1519634127685000,902.0
1,5,1519634128521999,901.0
1,5,1519634129271000,900.0
1,5,1519634130771000,897.0
1,5,1519634131521000,896.0
1,5,1519634132271000,902.0
1,5,1519634133109000,822.0
1,5,1519634134014000,765.0
1,5,1519634134761000,762.0
1,5,1519634135516000,919.0
1,5,1519634136261000,943.0
1,5,1519634137016000,971.0
1,5,1519634137760000,957.0
1,5,1519634138569000,934.0
1,5,1519634139329000,921.0
1,5,1519634140071000,957.0
1,5,1519634140824000,952.0
1,5,1519634141569999,930.0
1,5,1519634142380000,932.0
1,5,1519634143160000,940.0
1,5,1519634143969999,1011.0
1,5,1519634144720000,942.0
1,5,1519634145470000,920.0
1,5,1519634146222000,910.0
1,5,1519634146972000,945.0
1,5,1519634147721999,988.0
1,5,1519634148561999,909.0
1,5,1519634149461000,848.0
1,5,1519634150361000,909.0
1,5,1519634151261000,938.0
1,5,1519634152160000,951.0
1,5,1519634153060000,981.0
1,5,1519634153959000,938.0
1,5,1519634154889999,913.0
1,5,1519634155790000,983.0
1,5,1519634156689999,966.0
1,5,1519634157590000,960.0
1,5,1519634158550000,881.0
1,5,1519634159449000,924.0
1,5,1519634160350000,930.0
1,5,1519634161249999,870.0
1,5,1519634162180000,921.0
1,5,1519634163079000,913.0
1,5,1519634164011000,966.0
1,5,1519634164910000,952.0
1,5,1519634165809000,878.0
1,5,1519634166710000,835.0
1,5,1519634167609999,785.0
1,5,1519634168540000,919.0
1,5,1519634169440000,961.0
1,5,1519634170340000,899.0
1,5,1519634171240000,948.0
1,5,1519634172140000,880.0
1,5,1519634173040000,837.0
1,5,1519634174059000,256.0
1,7,1519629356439000,0.0
1,7,1519629371108000,1.0
1,7,1519629372008000,3.0
1,7,1519629372908000,4.0
1,7,1519629374678000,5.0
1,7,1519629375577999,8.0
1,7,1519629376478000,9.0
1,7,1519629377377999,8.0
1,7,1519629379208000,9.0
1,7,1519629380108000,13.0
1,7,1519629381008000,15.0
1,7,1519629381939000,14.0
1,7,1519629382838000,11.0
1,7,1519629383737999,10.0
1,7,1519629384638000,14.0
1,7,1519629385537999,18.0
1,7,1519629386439000,21.0
1,7,1519629387337999,28.0
1,7,1519629388237000,35.0
1,7,1519629390937999,36.0
1,7,1519629391838000,41.0
1,7,1519629392737999,44.0
1,7,1519629393638000,43.0
1,7,1519629394537999,40.0
1,7,1519629395497999,37.0
1,7,1519629396398000,33.0
1,7,1519629397299000,30.0
1,7,1519629398198000,27.0
1,7,1519629399097000,24.0
1,7,1519629399998000,22.0
1,7,1519629400897999,19.0
1,7,1519629401828000,13.0
1,7,1519629402729000,6.0
1,7,1519629404558000,10.0
1,7,1519629405457999,15.0
1,7,1519629406358000,19.0
1,7,1519629408158000,18.0
1,7,1519629409057999,16.0
1,7,1519629409958000,12.0
1,7,1519629410859000,7.0
1,7,1519629411758000,3.0
1,7,1519629412688000,1.0
1,7,1519629413588000,0.0
1,7,1519629428798000,1.0
1,7,1519629429697999,5.0
1,7,1519629430598000,11.0
1,7,1519629431468000,17.0
1,7,1519629432368000,22.0
1,7,1519629433267000,24.0
1,7,1519629434137000,32.0
1,7,1519629435008000,44.0
1,7,1519629435878000,47.0
1,7,1519629436749000,50.0
1,7,1519629437648000,55.0
1,7,1519629439358000,56.0
1,7,1519629440169000,57.0
1,7,1519629441969000,56.0
1,7,1519629443680000,54.0
1,7,1519629444473000,52.0
1,7,1519629445268000,50.0
1,7,1519629446168000,48.0
1,7,1519629446921000,44.0
1,7,1519629447669000,40.0
1,7,1519629448420000,38.0
1,7,1519629449168000,35.0
1,7,1519629449920000,32.0
1,7,1519629450758000,29.0
1,7,1519629452409999,31.0
1,7,1519629453249000,35.0
1,7,1519629454147000,38.0
1,7,1519629455077000,39.0
1,7,1519629455947000,37.0
1,7,1519629456758000,35.0
1,7,1519629457598000,33.0
1,7,1519629458497999,29.0
1,7,1519629459309000,22.0
1,7,1519629460087000,14.0
1,7,1519629460961000,7.0
1,7,1519629461798000,4.0
1,7,1519629462548000,5.0
1,7,1519629463297999,11.0
1,7,1519629464048000,16.0
1,7,1519629464798000,15.0
1,7,1519629465577999,12.0
1,7,1519629466448000,8.0
1,7,1519629467198000,9.0
1,7,1519629467948000,12.0
1,7,1519629468697999,17.0
1,7,1519629469508000,23.0
1,7,1519629470348000,24.0
1,7,1519629471158000,30.0
1,7,1519629471909000,40.0
1,7,1519629472659000,47.0
1,7,1519629473409000,48.0
1,7,1519629474158000,51.0
1,7,1519629474909000,54.0
1,7,1519629477909000,55.0
1,7,1519629478659000,54.0
1,7,1519629480158000,53.0
1,7,1519629481807000,52.0
1,7,1519629484358000,53.0
1,7,1519629485137000,54.0
1,7,1519629485887000,56.0
1,7,1519629486638000,58.0
1,7,1519629487389000,60.0
1,7,1519629488137000,62.0
1,7,1519629488888000,63.0
1,7,1519629490387000,64.0
1,7,1519629492187000,65.0
1,7,1519629494017999,66.0
1,7,1519629494918000,68.0
1,7,1519629495817999,70.0
1,7,1519629498548000,71.0
1,7,1519629499448000,72.0
1,7,1519629500348000,74.0
1,7,1519629501307000,75.0
1,7,1519629503107000,76.0
1,7,1519629506768000,77.0
1,7,1519629508568000,79.0
1,7,1519629509467000,77.0
1,7,1519629512168000,79.0
1,7,1519629513067000,81.0
1,7,1519629514057000,83.0
1,7,1519629514957000,85.0
1,7,1519629515857000,86.0
1,7,1519629517717000,88.0
1,7,1519629519517000,89.0
1,7,1519629521317000,88.0
1,7,1519629522217000,86.0
1,7,1519629523117000,84.0
1,7,1519629524017000,82.0
1,7,1519629524947000,80.0
1,7,1519629525848000,79.0
1,7,1519629526747000,77.0
1,7,1519629527677000,76.0
1,7,1519629528577000,74.0
1,7,1519629529477000,73.0
1,7,1519629530377000,72.0
1,7,1519629531277000,71.0
1,7,1519629532177000,70.0
1,7,1519629533077000,71.0
1,7,1519629533977000,73.0
1,7,1519629534877000,74.0
1,7,1519629535777000,75.0
1,7,1519629536677000,74.0
1,7,1519629542137000,75.0
1,7,1519629544837000,76.0
1,7,1519629545737000,77.0
1,7,1519629547598000,78.0
1,7,1519629550328000,77.0
1,7,1519629553057000,76.0
1,7,1519629557617000,77.0
1,7,1519629560167000,78.0
1,7,1519629562567000,79.0
1,7,1519629564067000,80.0
1,7,1519629566379000,81.0
1,7,1519629567878000,82.0
1,7,1519629570307000,83.0
1,7,1519629571237000,82.0
1,7,1519629574657000,81.0
1,7,1519629575407000,82.0
1,7,1519629578557000,83.0
1,7,1519629580057000,82.0
1,7,1519629583057000,81.0
1,7,1519629584557000,80.0
1,7,1519629586117000,78.0
1,7,1519629586868000,77.0
1,7,1519629587619000,76.0
1,7,1519629588369000,75.0
1,7,1519629589117000,74.0
1,7,1519629591457000,75.0
1,7,1519629592957000,76.0
1,7,1519629593707000,77.0
1,7,1519629594457000,78.0
1,7,1519629600457999,77.0
1,7,1519629601957000,76.0
1,7,1519629603459000,75.0
1,7,1519629604209000,74.0
1,7,1519629604987000,73.0
1,7,1519629605916000,71.0
1,7,1519629607747000,70.0
1,7,1519629608649000,71.0
1,7,1519629610447000,70.0
1,7,1519629611377000,68.0
1,7,1519629612277000,67.0
1,7,1519629613177000,66.0
1,7,1519629614977000,65.0
1,7,1519629615907000,64.0
1,7,1519629616837000,65.0
1,7,1519629619566000,64.0
1,7,1519629623167000,63.0
1,7,1519629624096000,62.0
1,7,1519629625928000,61.0
1,7,1519629628657000,60.0
1,7,1519629631357000,59.0
1,7,1519629635916000,58.0
1,7,1519629638646000,59.0
1,7,1519629641345999,60.0
1,7,1519629642246000,61.0
1,7,1519629644017000,62.0
1,7,1519629646687000,63.0
1,7,1519629648456000,64.0
1,7,1519629649356000,65.0
1,7,1519629651126000,66.0
1,7,1519629652896000,67.0
1,7,1519629656316000,68.0
1,7,1519629660876000,69.0
1,7,1519629662676000,70.0
1,7,1519629666276000,71.0
1,7,1519629667176000,70.0
1,7,1519629669846000,71.0
1,7,1519629673296000,72.0
1,7,1519629675727000,71.0
1,7,1519629677976000,70.0
1,7,1519629679505999,69.0
1,7,1519629680288000,68.0
1,7,1519629683438000,69.0
1,7,1519629684188000,70.0
1,7,1519629685028000,71.0
1,7,1519629689225999,70.0
1,7,1519629690815000,69.0
1,7,1519629692465999,68.0
1,7,1519629693966000,69.0
1,7,1519629697117000,70.0
1,7,1519629699428000,71.0
1,7,1519629703176000,72.0
1,7,1519629706928000,73.0
1,7,1519629707677000,72.0
1,7,1519629708425999,71.0
1,7,1519629709928000,70.0
1,7,1519629710736000,69.0
1,7,1519629716017999,70.0
1,7,1519629717517000,71.0
1,7,1519629718267000,72.0
1,7,1519629719766000,73.0
1,7,1519629720696000,75.0
1,7,1519629721609999,76.0
1,7,1519629722496000,77.0
1,7,1519629724296000,78.0
1,7,1519629727958000,77.0
1,7,1519629729756000,76.0
1,7,1519629731585999,75.0
1,7,1519629733385999,76.0
1,7,1519629736115000,77.0
1,7,1519629737017000,78.0
1,7,1519629737916000,79.0
1,7,1519629739716000,78.0
1,7,1519629740616000,79.0
1,7,1519629741545999,80.0
1,7,1519629742446000,81.0
1,7,1519629743345999,82.0
1,7,1519629745145999,83.0
1,7,1519629746947000,84.0
1,7,1519629749646000,85.0
1,7,1519629755046000,84.0
1,7,1519629756905999,83.0
1,7,1519629762305999,84.0
1,7,1519629764105999,83.0
1,7,1519629766806000,82.0
1,7,1519629768575000,81.0
1,7,1519629770345999,80.0
1,7,1519629771276000,79.0
1,7,1519629776495000,78.0
1,7,1519629779196000,77.0
1,7,1519629780125000,76.0
1,7,1519629781926000,75.0
1,7,1519629782797000,74.0
1,7,1519629783695000,73.0
1,7,1519629786305000,74.0
1,7,1519629793236000,73.0
1,7,1519629794797000,72.0
1,7,1519629795547000,71.0
1,7,1519629796385000,69.0
1,7,1519629797135000,68.0
1,7,1519629797885000,67.0
1,7,1519629798635000,66.0
1,7,1519629799385000,65.0
1,7,1519629800135000,64.0
1,7,1519629800945000,63.0
1,7,1519629802447000,64.0
1,7,1519629804095000,65.0
1,7,1519629804876000,66.0
1,7,1519629805745000,67.0
1,7,1519629807425999,65.0
1,7,1519629808206000,63.0
1,7,1519629809075000,61.0
1,7,1519629809887000,59.0
1,7,1519629810636000,58.0
1,7,1519629811473999,57.0
1,7,1519629812225000,59.0
1,7,1519629812975000,63.0
1,7,1519629813725000,66.0
1,7,1519629814475000,70.0
1,7,1519629815287000,74.0
1,7,1519629816036000,77.0
1,7,1519629816787000,81.0
1,7,1519629817537000,85.0
1,7,1519629818375000,90.0
1,7,1519629819125000,92.0
1,7,1519629819875000,91.0
1,7,1519629820625000,93.0
1,7,1519629821376000,97.0
1,7,1519629822125000,98.0
1,7,1519629822875000,97.0
1,7,1519629823625000,98.0
1,7,1519629824375000,101.0
1,7,1519629825125000,103.0
1,7,1519629825875000,105.0
1,7,1519629826625000,107.0
1,7,1519629827375000,110.0
1,7,1519629828125000,109.0
1,7,1519629840215000,110.0
1,7,1519629844805000,109.0
1,7,1519629845705000,106.0
1,7,1519629846635000,102.0
1,7,1519629847535000,99.0
1,7,1519629848435000,96.0
1,7,1519629849365000,94.0
1,7,1519629850265000,93.0
1,7,1519629851193999,91.0
1,7,1519629852094000,89.0
1,7,1519629852998000,86.0
1,7,1519629853895000,85.0
1,7,1519629859355000,84.0
1,7,1519629862987000,82.0
1,7,1519629863885000,81.0
1,7,1519629864815000,78.0
1,7,1519629865716000,75.0
1,7,1519629866646000,72.0
1,7,1519629867545999,70.0
1,7,1519629868446000,68.0
1,7,1519629869345999,67.0
1,7,1519629872105000,69.0
1,7,1519629873006000,71.0
1,7,1519629873905999,73.0
1,7,1519629874806000,76.0
1,7,1519629875705999,78.0
1,7,1519629877507000,80.0
1,7,1519629878376000,83.0
1,7,1519629879276000,86.0
1,7,1519629880145000,88.0
1,7,1519629881046000,89.0
1,7,1519629881945999,87.0
1,7,1519629882817999,85.0
1,7,1519629883716000,84.0
1,7,1519629884646000,82.0
1,7,1519629885518000,81.0
1,7,1519629887225999,80.0
1,7,1519629889745999,81.0
1,7,1519629890616000,82.0
1,7,1519629891517000,83.0
1,7,1519629895956000,84.0
1,7,1519629897726000,85.0
1,7,1519629898625999,86.0
1,7,1519629900396000,85.0
1,7,1519629901235000,84.0
1,7,1519629906336000,85.0
1,7,1519629908859000,87.0
1,7,1519629909608000,89.0
1,7,1519629910358000,91.0
1,7,1519629911196000,95.0
1,7,1519629911947000,98.0
1,7,1519629912696000,97.0
1,7,1519629913446000,99.0
1,7,1519629914196000,101.0
1,7,1519629915009000,102.0
1,7,1519629915816000,103.0
1,7,1519629923945999,102.0
1,7,1519629930096000,101.0
1,7,1519629940895000,100.0
1,7,1519629941647000,99.0
1,7,1519629943145999,98.0
1,7,1519629943897000,97.0
1,7,1519629945396000,96.0
1,7,1519629946897999,95.0
1,7,1519629949566000,94.0
1,7,1519629950496000,93.0
1,7,1519629951425999,92.0
1,7,1519629952325000,90.0
1,7,1519629954126000,89.0
1,7,1519629955025999,88.0
1,7,1519629955956000,85.0
1,7,1519629956886000,83.0
1,7,1519629957785999,80.0
1,7,1519629958687000,78.0
1,7,1519629959587000,77.0
1,7,1519629960486000,76.0
1,7,1519629961416000,70.0
1,7,1519629962316000,65.0
1,7,1519629963246000,61.0
1,7,1519629964145000,58.0
1,7,1519629965046000,54.0
1,7,1519629965975000,51.0
1,7,1519629966875000,48.0
1,7,1519629967775000,44.0
1,7,1519629968679000,39.0
1,7,1519629969576000,36.0
1,7,1519629970476000,34.0
1,7,1519629971436000,31.0
1,7,1519629972380000,29.0
1,7,1519629973265000,28.0
1,7,1519629975065000,26.0
1,7,1519629976025999,25.0
1,7,1519629976925000,23.0
1,7,1519629977825000,21.0
1,7,1519629978725000,19.0
1,7,1519629979656000,18.0
1,7,1519629980555000,17.0
1,7,1519629983256000,18.0
1,7,1519629985055000,19.0
1,7,1519629986855000,20.0
1,7,1519629987755000,22.0
1,7,1519629991476000,21.0
1,7,1519629992375000,20.0
1,7,1519629993275000,19.0
1,7,1519629994145000,17.0
1,7,1519629995073999,16.0
1,7,1519629996905999,17.0
1,7,1519629997837000,15.0
1,7,1519629998705999,16.0
1,7,1519630002277000,15.0
1,7,1519630003117000,16.0
1,7,1519630003958000,17.0
1,7,1519630004796000,18.0
1,7,1519630005665000,20.0
1,7,1519630006535000,21.0
1,7,1519630007375000,22.0
1,7,1519630008244000,21.0
1,7,1519630009145000,20.0
1,7,1519630010017000,21.0
1,7,1519630010915000,22.0
1,7,1519630012685000,21.0
1,7,1519630013585000,20.0
1,7,1519630014455000,21.0
1,7,1519630015355000,22.0
1,7,1519630016285000,23.0
1,7,1519630017968000,22.0
1,7,1519630020545000,23.0
1,7,1519630021476000,22.0
1,7,1519630022254000,21.0
1,7,1519630024656000,22.0
1,7,1519630025405000,23.0
1,7,1519630026217000,22.0
1,7,1519630026968000,21.0
1,7,1519630027717000,22.0
1,7,1519630029217000,23.0
1,7,1519630031555000,24.0
1,7,1519630032305999,25.0
1,7,1519630035305999,24.0
1,7,1519630036955000,23.0
1,7,1519630037707000,22.0
1,7,1519630040105000,23.0
1,7,1519630040915000,24.0
1,7,1519630046256000,25.0
1,7,1519630047758000,24.0
1,7,1519630048509000,22.0
1,7,1519630051595000,23.0
1,7,1519630053095000,24.0
1,7,1519630053845000,25.0
1,7,1519630054595000,26.0
1,7,1519630055345000,27.0
1,7,1519630056185000,28.0
1,7,1519630057657999,27.0
1,7,1519630058407000,26.0
1,7,1519630059155000,25.0
1,7,1519630059907000,24.0
1,7,1519630061405000,23.0
1,7,1519630064045000,22.0
1,7,1519630064945999,21.0
1,7,1519630068576000,20.0
1,7,1519630070375000,19.0
1,7,1519630071276000,18.0
1,7,1519630072175000,19.0
1,7,1519630073073999,20.0
1,7,1519630073975000,22.0
1,7,1519630074875000,24.0
1,7,1519630075776000,25.0
1,7,1519630076705000,27.0
1,7,1519630077605000,29.0
1,7,1519630078505000,31.0
1,7,1519630079405000,33.0
1,7,1519630080334000,35.0
1,7,1519630081295000,36.0
1,7,1519630083101000,37.0
1,7,1519630083995000,38.0
1,7,1519630084895000,39.0
1,7,1519630085793999,38.0
1,7,1519630086695000,36.0
1,7,1519630088526000,34.0
1,7,1519630090324000,33.0
1,7,1519630092124000,34.0
1,7,1519630093055000,36.0
1,7,1519630093955000,38.0
1,7,1519630094885000,40.0
1,7,1519630095785999,43.0
1,7,1519630096686000,45.0
1,7,1519630097615000,48.0
1,7,1519630098515000,50.0
1,7,1519630099415000,51.0
1,7,1519630100313999,50.0
1,7,1519630101214000,49.0
1,7,1519630102113999,48.0
1,7,1519630103014000,46.0
1,7,1519630103944000,45.0
1,7,1519630104844000,44.0
1,7,1519630106673999,43.0
1,7,1519630108504000,44.0
1,7,1519630113124000,45.0
1,7,1519630114024000,46.0
1,7,1519630114924000,48.0
1,7,1519630115853000,50.0
1,7,1519630116725000,51.0
1,7,1519630117625000,52.0
1,7,1519630120324000,51.0
1,7,1519630121135000,49.0
1,7,1519630122033999,48.0
1,7,1519630125487000,49.0
1,7,1519630129084000,48.0
1,7,1519630130884000,47.0
1,7,1519630131784000,45.0
1,7,1519630132715000,42.0
1,7,1519630133613000,38.0
1,7,1519630134454000,34.0
1,7,1519630135264000,30.0
1,7,1519630136134000,27.0
1,7,1519630136974000,25.0
1,7,1519630137905000,23.0
1,7,1519630138775000,21.0
1,7,1519630139615000,19.0
1,7,1519630140425000,17.0
1,7,1519630141264000,14.0
1,7,1519630142014000,12.0
1,7,1519630142827000,10.0
1,7,1519630143664000,9.0
1,7,1519630144414000,8.0
1,7,1519630146064000,10.0
1,7,1519630146814000,11.0
1,7,1519630147564000,10.0
1,7,1519630148313999,9.0
1,7,1519630149814000,10.0
1,7,1519630151376000,11.0
1,7,1519630153833999,13.0
1,7,1519630154673999,16.0
1,7,1519630155513999,17.0
1,7,1519630157104000,18.0
1,7,1519630158667000,17.0
1,7,1519630160254000,15.0
1,7,1519630161065000,12.0
1,7,1519630161816000,11.0
1,7,1519630162568000,10.0
1,7,1519630164068000,9.0
1,7,1519630165713999,8.0
1,7,1519630166553999,7.0
1,7,1519630167304000,6.0
1,7,1519630168054000,4.0
1,7,1519630168804000,3.0
1,7,1519630170303000,2.0
1,7,1519630171054000,4.0
1,7,1519630171804000,5.0
1,7,1519630172553999,4.0
1,7,1519630175615000,5.0
1,7,1519630176368000,7.0
1,7,1519630177113999,8.0
1,7,1519630181673999,10.0
1,7,1519630184375000,8.0
1,7,1519630186174000,9.0
1,7,1519630187073999,8.0
1,7,1519630187982000,7.0
1,7,1519630189776000,6.0
1,7,1519630190675000,4.0
1,7,1519630191604000,3.0
1,7,1519630193435000,4.0
1,7,1519630194334000,5.0
1,7,1519630196135000,4.0
1,7,1519630197964000,5.0
1,7,1519630198864000,7.0
1,7,1519630200663000,6.0
1,7,1519630202494000,5.0
1,7,1519630203424000,4.0
1,7,1519630204353000,3.0
1,7,1519630205254000,1.0
1,7,1519630208014000,2.0
1,7,1519630209815000,1.0
1,7,1519630210713999,3.0
1,7,1519630211644000,7.0
1,7,1519630212543000,8.0
1,7,1519630213443000,7.0
1,7,1519630214343000,6.0
1,7,1519630215243000,4.0
1,7,1519630216143000,3.0
1,7,1519630217044000,2.0
1,7,1519630217943000,1.0
1,7,1519630219774000,3.0
1,7,1519630220673999,7.0
1,7,1519630222533000,6.0
1,7,1519630223433000,5.0
1,7,1519630225233000,4.0
1,7,1519630226133000,5.0
1,7,1519630227005000,8.0
1,7,1519630229705000,7.0
1,7,1519630230601999,8.0
1,7,1519630231532000,12.0
1,7,1519630232373000,15.0
1,7,1519630234083000,16.0
1,7,1519630234953000,18.0
1,7,1519630235793000,20.0
1,7,1519630236633000,21.0
1,7,1519630239093000,22.0
1,7,1519630239873000,23.0
1,7,1519630240743000,24.0
1,7,1519630241643000,25.0
1,7,1519630242513999,27.0
1,7,1519630244285000,28.0
1,7,1519630247763000,27.0
1,7,1519630248603000,26.0
1,7,1519630250345000,25.0
1,7,1519630252023000,24.0
1,7,1519630254486000,25.0
1,7,1519630256132000,26.0
1,7,1519630257637000,27.0
1,7,1519630259885000,26.0
1,7,1519630263724000,25.0
1,7,1519630264533000,24.0
1,7,1519630265342000,22.0
1,7,1519630266182000,20.0
1,7,1519630266934000,18.0
1,7,1519630267686000,16.0
1,7,1519630268433999,15.0
1,7,1519630269214000,14.0
1,7,1519630270775000,16.0
1,7,1519630271613000,17.0
1,7,1519630272363000,19.0
1,7,1519630273113000,20.0
1,7,1519630273863000,21.0
1,7,1519630275363000,22.0
1,7,1519630276925000,21.0
1,7,1519630278425000,20.0
1,7,1519630279982000,19.0
1,7,1519630282325000,20.0
1,7,1519630285325000,19.0
1,7,1519630286097000,18.0
1,7,1519630286824000,16.0
1,7,1519630287580000,15.0
1,7,1519630288324000,14.0
1,7,1519630289913000,15.0
1,7,1519630291473999,14.0
1,7,1519630293244000,13.0
1,7,1519630294143000,12.0
1,7,1519630295943000,11.0
1,7,1519630296875000,10.0
1,7,1519630298675000,12.0
1,7,1519630299575000,14.0
1,7,1519630300504000,16.0
1,7,1519630303264000,15.0
1,7,1519630305964000,16.0
1,7,1519630307824000,17.0
1,7,1519630308725000,19.0
1,7,1519630309654000,20.0
1,7,1519630310555000,21.0
1,7,1519630313344000,20.0
1,7,1519630314244000,18.0
1,7,1519630315145000,16.0
1,7,1519630316073000,14.0
1,7,1519630317873999,16.0
1,7,1519630321504000,15.0
1,7,1519630324203000,16.0
1,7,1519630325108000,17.0
1,7,1519630326033000,18.0
1,7,1519630326936000,20.0
1,7,1519630327833999,21.0
1,7,1519630328734000,22.0
1,7,1519630330536000,23.0
1,7,1519630331433999,24.0
1,7,1519630332335000,25.0
1,7,1519630334164000,26.0
1,7,1519630336865000,25.0
1,7,1519630337766000,23.0
1,7,1519630338633999,22.0
1,7,1519630339534000,20.0
1,7,1519630341304000,19.0
1,7,1519630342203000,20.0
1,7,1519630343974000,22.0
1,7,1519630344844000,24.0
1,7,1519630345744000,28.0
1,7,1519630346644000,33.0
1,7,1519630350094000,34.0
1,7,1519630350934000,35.0
1,7,1519630351774000,36.0
1,7,1519630352644000,38.0
1,7,1519630354263000,39.0
1,7,1519630355105999,40.0
1,7,1519630355944000,41.0
1,7,1519630356785000,42.0
1,7,1519630357684000,41.0
1,7,1519630358584000,40.0
1,7,1519630360384000,39.0
1,7,1519630361224000,40.0
1,7,1519630362063000,41.0
1,7,1519630362935000,42.0
1,7,1519630363747000,43.0
1,7,1519630364644000,45.0
1,7,1519630365484000,46.0
1,7,1519630369596000,47.0
1,7,1519630371094000,48.0
1,7,1519630371935000,49.0
1,7,1519630372684000,50.0
1,7,1519630373433999,52.0
1,7,1519630374183000,54.0
1,7,1519630374934000,56.0
1,7,1519630375684000,55.0
1,7,1519630376494000,57.0
1,7,1519630377244000,58.0
1,7,1519630377996000,59.0
1,7,1519630378745999,60.0
1,7,1519630380244000,61.0
1,7,1519630380996000,63.0
1,7,1519630381894000,66.0
1,7,1519630382645000,68.0
1,7,1519630383393999,69.0
1,7,1519630384144000,70.0
1,7,1519630386486000,71.0
1,7,1519630389636000,72.0
1,7,1519630393473999,71.0
1,7,1519630394283000,69.0
1,7,1519630395035000,68.0
1,7,1519630395784000,67.0
1,7,1519630396624000,65.0
1,7,1519630397373000,64.0
1,7,1519630398123000,63.0
1,7,1519630398873000,62.0
1,7,1519630399624000,61.0
1,7,1519630401275000,58.0
1,7,1519630402024000,56.0
1,7,1519630402773000,55.0
1,7,1519630403525000,52.0
1,7,1519630404273000,50.0
1,7,1519630405023000,48.0
1,7,1519630405774000,47.0
1,7,1519630406553000,45.0
1,7,1519630407454000,43.0
1,7,1519630408353000,41.0
1,7,1519630409313000,39.0
1,7,1519630410213000,38.0
1,7,1519630411113000,35.0
1,7,1519630412013000,32.0
1,7,1519630412913000,30.0
1,7,1519630413844000,28.0
1,7,1519630414743000,26.0
1,7,1519630415643000,24.0
1,7,1519630416604000,22.0
1,7,1519630417564000,21.0
1,7,1519630420323000,22.0
1,7,1519630421253000,24.0
1,7,1519630422153000,25.0
1,7,1519630423953999,26.0
1,7,1519630424853000,28.0
1,7,1519630425757000,31.0
1,7,1519630427612000,30.0
1,7,1519630428513000,29.0
1,7,1519630431303000,31.0
1,7,1519630433103000,32.0
1,7,1519630434967000,33.0
1,7,1519630436795000,34.0
1,7,1519630438623000,35.0
1,7,1519630439523000,36.0
1,7,1519630440423000,37.0
1,7,1519630441383000,39.0
1,7,1519630442283000,40.0
1,7,1519630443183000,41.0
1,7,1519630444084000,42.0
1,7,1519630444983000,43.0
1,7,1519630445881999,42.0
1,7,1519630446813000,40.0
1,7,1519630449513000,41.0
1,7,1519630452243000,39.0
1,7,1519630453142000,37.0
1,7,1519630454043000,35.0
1,7,1519630454943000,32.0
1,7,1519630455843000,29.0
1,7,1519630456774000,28.0
1,7,1519630457703000,29.0
1,7,1519630458603000,31.0
1,7,1519630459563000,33.0
1,7,1519630460464000,35.0
1,7,1519630462262000,33.0
1,7,1519630463163000,31.0
1,7,1519630464063000,29.0
1,7,1519630464965000,28.0
1,7,1519630465865000,29.0
1,7,1519630467543000,32.0
1,7,1519630468384000,35.0
1,7,1519630469252000,37.0
1,7,1519630471715000,38.0
1,7,1519630472467000,39.0
1,7,1519630473966000,40.0
1,7,1519630475702000,42.0
1,7,1519630476573000,44.0
1,7,1519630477473000,47.0
1,7,1519630478313000,46.0
1,7,1519630479153000,44.0
1,7,1519630480053000,43.0
1,7,1519630480923000,41.0
1,7,1519630481793000,39.0
1,7,1519630482693000,38.0
1,7,1519630483503000,36.0
1,7,1519630484344000,35.0
1,7,1519630485153000,34.0
1,7,1519630485905999,32.0
1,7,1519630486655000,31.0
1,7,1519630488153000,30.0
1,7,1519630488904000,28.0
1,7,1519630489655000,25.0
1,7,1519630490407000,24.0
1,7,1519630491992000,25.0
1,7,1519630492743000,26.0
1,7,1519630493493000,29.0
1,7,1519630494304000,31.0
1,7,1519630497456000,32.0
1,7,1519630500542000,33.0
1,7,1519630502793999,35.0
1,7,1519630503545999,37.0
1,7,1519630505793000,41.0
1,7,1519630506632000,42.0
1,7,1519630507382000,41.0
1,7,1519630508883000,39.0
1,7,1519630511132000,40.0
1,7,1519630511944000,42.0
1,7,1519630512752000,44.0
1,7,1519630513533000,46.0
1,7,1519630514281000,49.0
1,7,1519630515032000,50.0
1,7,1519630515783000,51.0
1,7,1519630517343000,52.0
1,7,1519630518844000,53.0
1,7,1519630520343000,54.0
1,7,1519630523792000,53.0
1,7,1519630526492000,54.0
1,7,1519630528292000,55.0
1,7,1519630529252000,56.0
1,7,1519630531057000,57.0
1,7,1519630531952000,59.0
1,7,1519630532852000,60.0
1,7,1519630536512000,59.0
1,7,1519630540112000,60.0
1,7,1519630541012000,61.0
1,7,1519630541943000,63.0
1,7,1519630542844000,65.0
1,7,1519630543772000,66.0
1,7,1519630547432000,65.0
1,7,1519630550161000,66.0
1,7,1519630551061000,67.0
1,7,1519630551992000,68.0
1,7,1519630552892000,69.0
1,7,1519630553792000,70.0
1,7,1519630554692000,71.0
1,7,1519630559223000,70.0
1,7,1519630561052000,71.0
1,7,1519630562883000,72.0
1,7,1519630563782000,73.0
1,7,1519630564713000,76.0
1,7,1519630567420000,79.0
1,7,1519630568312000,80.0
1,7,1519630571012000,81.0
1,7,1519630571912000,82.0
1,7,1519630572812000,83.0
1,7,1519630573712000,85.0
1,7,1519630574612000,87.0
1,7,1519630575512000,88.0
1,7,1519630578062000,87.0
1,7,1519630579774000,88.0
1,7,1519630582321999,89.0
1,7,1519630590421000,90.0
1,7,1519630595671000,89.0
1,7,1519630596512000,90.0
1,7,1519630598161999,89.0
1,7,1519630599001999,88.0
1,7,1519630601552000,87.0
1,7,1519630602364000,88.0
1,7,1519630605363000,89.0
1,7,1519630606864000,90.0
1,7,1519630607613000,92.0
1,7,1519630608365000,93.0
1,7,1519630609112000,95.0
1,7,1519630609864000,96.0
1,7,1519630610611000,97.0
1,7,1519630611452000,98.0
1,7,1519630613702000,97.0
1,7,1519630619792000,98.0
1,7,1519630621351000,99.0
1,7,1519630623605000,100.0
1,7,1519630624353999,101.0
1,7,1519630625940000,102.0
1,7,1519630627591000,103.0
1,7,1519630633653000,102.0
1,7,1519630636261000,101.0
1,7,1519630637161000,100.0
1,7,1519630638061000,99.0
1,7,1519630638961000,98.0
1,7,1519630639861000,97.0
1,7,1519630640763000,96.0
1,7,1519630641691000,95.0
1,7,1519630642592000,94.0
1,7,1519630643491000,93.0
1,7,1519630645291000,91.0
1,7,1519630647091000,90.0
1,7,1519630647991000,89.0
1,7,1519630648891000,87.0
1,7,1519630649791000,86.0
1,7,1519630650692000,84.0
1,7,1519630651591000,83.0
1,7,1519630652491000,82.0
1,7,1519630653392000,80.0
1,7,1519630654289999,79.0
1,7,1519630655191000,78.0
1,7,1519630657052000,77.0
1,7,1519630657951000,76.0
1,7,1519630658851000,75.0
1,7,1519630665181000,74.0
1,7,1519630666081000,73.0
1,7,1519630667913999,72.0
1,7,1519630668812000,71.0
1,7,1519630672471000,70.0
1,7,1519630673371000,68.0
1,7,1519630674271000,67.0
1,7,1519630675171000,66.0
1,7,1519630676072000,65.0
1,7,1519630678771000,64.0
1,7,1519630681502000,65.0
1,7,1519630682401999,66.0
1,7,1519630684200000,67.0
1,7,1519630685072000,68.0
1,7,1519630687830000,67.0
1,7,1519630688731000,66.0
1,7,1519630691372000,67.0
1,7,1519630693985000,66.0
1,7,1519630694851000,65.0
1,7,1519630695691000,63.0
1,7,1519630696532000,61.0
1,7,1519630697371000,60.0
1,7,1519630698241000,59.0
1,7,1519630699083000,58.0
1,7,1519630699953000,57.0
1,7,1519630700791000,56.0
1,7,1519630702384000,57.0
1,7,1519630703191000,59.0
1,7,1519630703969999,61.0
1,7,1519630704721000,62.0
1,7,1519630705471000,63.0
1,7,1519630707120000,64.0
1,7,1519630708024000,65.0
1,7,1519630708891000,68.0
1,7,1519630709791000,70.0
1,7,1519630710661000,74.0
1,7,1519630711561000,79.0
1,7,1519630712401000,83.0
1,7,1519630713272000,88.0
1,7,1519630714140000,92.0
1,7,1519630714981000,91.0
1,7,1519630715760000,92.0
1,7,1519630716573000,94.0
1,7,1519630717381000,96.0
1,7,1519630718160000,97.0
1,7,1519630718911000,99.0
1,7,1519630719661000,102.0
1,7,1519630720411000,105.0
1,7,1519630721160000,108.0
1,7,1519630721911000,111.0
1,7,1519630722660000,110.0
1,7,1519630723411000,111.0
1,7,1519630724161000,109.0
1,7,1519630724911000,108.0
1,7,1519630725660000,107.0
1,7,1519630728060000,108.0
1,7,1519630728811000,109.0
1,7,1519630729681000,110.0
1,7,1519630730461000,111.0
1,7,1519630732023000,112.0
1,7,1519630735021000,113.0
1,7,1519630736551000,114.0
1,7,1519630738049999,115.0
1,7,1519630739550000,116.0
1,7,1519630741111000,117.0
1,7,1519630743449999,118.0
1,7,1519630745700000,119.0
1,7,1519630746511000,120.0
1,7,1519630748012000,121.0
1,7,1519630748881000,122.0
1,7,1519630750680000,123.0
1,7,1519630752510000,124.0
1,7,1519630759710000,125.0
1,7,1519630760639000,124.0
1,7,1519630761569999,122.0
1,7,1519630762470000,121.0
1,7,1519630763369999,119.0
1,7,1519630764270000,117.0
1,7,1519630765169999,116.0
1,7,1519630766969999,115.0
1,7,1519630789620000,114.0
1,7,1519630792289999,115.0
1,7,1519630796849999,116.0
1,7,1519630800480000,115.0
1,7,1519630801411000,114.0
1,7,1519630802310000,113.0
1,7,1519630804079000,112.0
1,7,1519630804980000,111.0
1,7,1519630805879000,110.0
1,7,1519630806780000,109.0
1,7,1519630807680000,108.0
1,7,1519630809449999,106.0
1,7,1519630812089999,105.0
1,7,1519630815480000,104.0
1,7,1519630816350000,103.0
1,7,1519630817969999,102.0
1,7,1519630821780000,103.0
1,7,1519630822531000,104.0
1,7,1519630823460000,105.0
1,7,1519630825200000,106.0
1,7,1519630827720000,105.0
1,7,1519630828560000,104.0
1,7,1519630829431000,103.0
1,7,1519630831049999,102.0
1,7,1519630832731000,101.0
1,7,1519630839029000,102.0
1,7,1519630840529999,103.0
1,7,1519630841280000,105.0
1,7,1519630842032000,106.0
1,7,1519630842781000,107.0
1,7,1519630843532000,108.0
1,7,1519630844281000,109.0
1,7,1519630845032000,110.0
1,7,1519630846529999,111.0
1,7,1519630849531000,110.0
1,7,1519630852621000,109.0
1,7,1519630854120000,108.0
1,7,1519630854871000,107.0
1,7,1519630856371000,106.0
1,7,1519630857120000,105.0
1,7,1519630858622000,104.0
1,7,1519630860120000,103.0
1,7,1519630860871000,102.0
1,7,1519630861709000,101.0
1,7,1519630864139000,100.0
1,7,1519630866869000,101.0
1,7,1519630868669000,102.0
1,7,1519630869599000,103.0
1,7,1519630871429000,104.0
1,7,1519630873228000,105.0
1,7,1519630874129000,106.0
1,7,1519630875030000,107.0
1,7,1519630876867000,108.0
1,7,1519630879589000,109.0
1,7,1519630882289000,110.0
1,7,1519630885020000,111.0
1,7,1519630887750000,112.0
1,7,1519630891349000,111.0
1,7,1519630893179000,110.0
1,7,1519630894979000,109.0
1,7,1519630896809000,108.0
1,7,1519630898639000,107.0
1,7,1519630905869000,108.0
1,7,1519630907729000,109.0
1,7,1519630908629000,110.0
1,7,1519630909469000,111.0
1,7,1519630910369000,112.0
1,7,1519630911269000,113.0
1,7,1519630913039000,114.0
1,7,1519630918469000,115.0
1,7,1519630949879000,116.0
1,7,1519630953089000,115.0
1,7,1519630953899000,116.0
1,7,1519630958579000,115.0
1,7,1519630976968000,116.0
1,7,1519630977718000,115.0
1,7,1519630979488000,116.0
1,7,1519630981319000,115.0
1,7,1519630983118000,116.0
1,7,1519630993977999,115.0
1,7,1519631002137999,114.0
1,7,1519631003038000,115.0
1,7,1519631003937999,114.0
1,7,1519631008468000,115.0
1,7,1519631009398000,114.0
1,7,1519631010297999,115.0
1,7,1519631026558000,116.0
1,7,1519631031117000,117.0
1,7,1519631032977999,116.0
1,7,1519631042697999,115.0
1,7,1519631046117000,114.0
1,7,1519631057608000,115.0
1,7,1519631069337000,116.0
1,7,1519631086919000,115.0
1,7,1519631107558000,114.0
1,7,1519631109357000,115.0
1,7,1519631113948000,116.0
1,7,1519631114848000,115.0
1,7,1519631122107000,114.0
1,7,1519631123007000,115.0
1,7,1519631123908000,114.0
1,7,1519631124807000,115.0
1,7,1519631126637000,114.0
1,7,1519631127537000,115.0
1,7,1519631128437000,114.0
1,7,1519631130237000,115.0
1,7,1519631131136000,114.0
1,7,1519631132037000,115.0
1,7,1519631133867000,114.0
1,7,1519631134767000,115.0
1,7,1519631136537000,114.0
1,7,1519631137437000,115.0
1,7,1519631140016000,114.0
1,7,1519631160327000,115.0
1,7,1519631165817000,116.0
1,7,1519631166627000,117.0
1,7,1519631167408000,118.0
1,7,1519631168159000,119.0
1,7,1519631168968000,120.0
1,7,1519631169897999,121.0
1,7,1519631171669000,122.0
1,7,1519631172511000,121.0
1,7,1519631174249000,122.0
1,7,1519631174999000,123.0
1,7,1519631177461000,124.0
1,7,1519631182051000,125.0
1,7,1519631182800000,124.0
1,7,1519631184300000,125.0
1,7,1519631201763000,124.0
1,7,1519631203289999,125.0
1,7,1519631204790000,124.0
1,7,1519631212889999,125.0
1,7,1519631239260000,124.0
1,7,1519631240190000,123.0
1,7,1519631241089999,124.0
1,7,1519631242020000,125.0
1,7,1519631244720000,124.0
1,7,1519631245622000,123.0
1,7,1519631246489999,122.0
1,7,1519631258040000,123.0
1,7,1519631260769999,124.0
1,7,1519631263470000,125.0
1,7,1519631267071000,124.0
1,7,1519631270489999,125.0
1,7,1519631277120000,124.0
1,7,1519631277870000,125.0
1,7,1519631282432000,126.0
1,7,1519631283180000,127.0
1,7,1519631284020000,128.0
1,7,1519631284860000,130.0
1,7,1519631285699000,132.0
1,7,1519631286630000,135.0
1,7,1519631287471000,137.0
1,7,1519631288369999,139.0
1,7,1519631289209000,141.0
1,7,1519631289960000,143.0
1,7,1519631290772000,144.0
1,7,1519631291640000,146.0
1,7,1519631292421000,147.0
1,7,1519631293171000,148.0
1,7,1519631293921000,149.0
1,7,1519631294672000,150.0
1,7,1519631295421000,151.0
1,7,1519631296921000,152.0
1,7,1519631299169999,153.0
1,7,1519631305321000,154.0
1,7,1519631306821000,153.0
1,7,1519631307571000,154.0
1,7,1519631313663000,153.0
1,7,1519631314412000,150.0
1,7,1519631315160000,147.0
1,7,1519631315909000,143.0
1,7,1519631316809000,140.0
1,7,1519631317709000,138.0
1,7,1519631318609000,136.0
1,7,1519631319509000,134.0
1,7,1519631320409000,130.0
1,7,1519631321309000,127.0
1,7,1519631322209000,124.0
1,7,1519631323109000,121.0
1,7,1519631324009000,119.0
1,7,1519631324909000,117.0
1,7,1519631325809000,116.0
1,7,1519631330309000,115.0
1,7,1519631331209000,116.0
1,7,1519631333039000,117.0
1,7,1519631335739000,116.0
1,7,1519631336640000,115.0
1,7,1519631338439000,114.0
1,7,1519631340239000,113.0
1,7,1519631342039000,112.0
1,7,1519631342939000,111.0
1,7,1519631343839000,110.0
1,7,1519631344739000,109.0
1,7,1519631347499000,108.0
1,7,1519631348399000,106.0
1,7,1519631350199000,105.0
1,7,1519631351101000,104.0
1,7,1519631352929000,105.0
1,7,1519631353829000,106.0
1,7,1519631354729000,108.0
1,7,1519631355629000,110.0
1,7,1519631356529000,112.0
1,7,1519631357459000,114.0
1,7,1519631358359000,116.0
1,7,1519631359289000,118.0
1,7,1519631360189000,120.0
1,7,1519631361089000,122.0
1,7,1519631362019000,123.0
1,7,1519631362919000,124.0
1,7,1519631363819000,126.0
1,7,1519631364719000,127.0
1,7,1519631365619000,129.0
1,7,1519631366520000,130.0
1,7,1519631368349000,129.0
1,7,1519631369248000,128.0
1,7,1519631370148000,127.0
1,7,1519631371049000,125.0
1,7,1519631372849000,124.0
1,7,1519631374649000,123.0
1,7,1519631377319000,122.0
1,7,1519631380919000,123.0
1,7,1519631381849000,125.0
1,7,1519631382751000,127.0
1,7,1519631383589000,129.0
1,7,1519631384429000,130.0
1,7,1519631385299000,132.0
1,7,1519631386139000,134.0
1,7,1519631387039000,135.0
1,7,1519631387849000,136.0
1,7,1519631388629000,135.0
1,7,1519631390128000,134.0
1,7,1519631392529000,135.0
1,7,1519631394029000,136.0
1,7,1519631394779000,137.0
1,7,1519631395529000,138.0
1,7,1519631400509000,136.0
1,7,1519631401319000,134.0
1,7,1519631402129000,133.0
1,7,1519631402880000,131.0
1,7,1519631403719000,129.0
1,7,1519631404619000,127.0
1,7,1519631405430000,126.0
1,7,1519631406209000,125.0
1,7,1519631407019000,124.0
1,7,1519631407769000,123.0
1,7,1519631408519000,122.0
1,7,1519631410080000,121.0
1,7,1519631413168000,122.0
1,7,1519631413919000,123.0
1,7,1519631415419000,124.0
1,7,1519631416169000,123.0
1,7,1519631416981000,122.0
1,7,1519631418481000,121.0
1,7,1519631419981000,122.0
1,7,1519631422319000,123.0
1,7,1519631432158000,122.0
1,7,1519631432908000,121.0
1,7,1519631433660000,119.0
1,7,1519631434499000,118.0
1,7,1519631435399000,117.0
1,7,1519631436299000,116.0
1,7,1519631437198000,114.0
1,7,1519631438097999,112.0
1,7,1519631438998000,110.0
1,7,1519631439897999,109.0
1,7,1519631445297999,108.0
1,7,1519631446198000,107.0
1,7,1519631447158000,106.0
1,7,1519631448057999,105.0
1,7,1519631448958000,104.0
1,7,1519631452558000,105.0
1,7,1519631453457999,104.0
1,7,1519631456157000,105.0
1,7,1519631457088000,106.0
1,7,1519631458888000,107.0
1,7,1519631462518000,108.0
1,7,1519631464317000,110.0
1,7,1519631466118000,111.0
1,7,1519631467048000,112.0
1,7,1519631467948000,113.0
1,7,1519631468848000,115.0
1,7,1519631469748000,117.0
1,7,1519631470648000,119.0
1,7,1519631472598000,120.0
1,7,1519631474398000,121.0
1,7,1519631475299000,122.0
1,7,1519631476198000,121.0
1,7,1519631477097000,120.0
1,7,1519631477998000,119.0
1,7,1519631478897999,120.0
1,7,1519631482497999,118.0
1,7,1519631483398000,117.0
1,7,1519631484268000,116.0
1,7,1519631485168000,115.0
1,7,1519631487868000,116.0
1,7,1519631493208000,117.0
1,7,1519631494108000,118.0
1,7,1519631494948000,119.0
1,7,1519631495847000,118.0
1,7,1519631496688000,117.0
1,7,1519631497617999,116.0
1,7,1519631504249999,117.0
1,7,1519631505777000,118.0
1,7,1519631506588000,119.0
1,7,1519631507398000,120.0
1,7,1519631508148000,121.0
1,7,1519631508897999,120.0
1,7,1519631510488000,119.0
1,7,1519631511987000,118.0
1,7,1519631514508000,119.0
1,7,1519631515377999,120.0
1,7,1519631516188000,121.0
1,7,1519631517028000,122.0
1,7,1519631517777999,123.0
1,7,1519631518528000,124.0
1,7,1519631520147000,123.0
1,7,1519631520989000,121.0
1,7,1519631521797000,120.0
1,7,1519631523328000,119.0
1,7,1519631527289000,120.0
1,7,1519631528039000,121.0
1,7,1519631530377000,120.0
1,7,1519631531128000,119.0
1,7,1519631531937000,118.0
1,7,1519631532689000,117.0
1,7,1519631535689000,119.0
1,7,1519631537277000,120.0
1,7,1519631538027000,121.0
1,7,1519631538779000,122.0
1,7,1519631539527000,123.0
1,7,1519631543427000,124.0
1,7,1519631545227000,125.0
1,7,1519631546067000,126.0
1,7,1519631547807000,125.0
1,7,1519631548708000,123.0
1,7,1519631549637000,122.0
1,7,1519631550537000,120.0
1,7,1519631551437000,119.0
1,7,1519631552367000,118.0
1,7,1519631553267000,117.0
1,7,1519631554167000,118.0
1,7,1519631555068000,119.0
1,7,1519631555997000,120.0
1,7,1519631556897000,121.0
1,7,1519631557797000,122.0
1,7,1519631558697000,124.0
1,7,1519631559597000,125.0
1,7,1519631560497000,126.0
1,7,1519631561397000,128.0
1,7,1519631562327000,129.0
1,7,1519631563287000,131.0
1,7,1519631564185999,132.0
1,7,1519631565086000,133.0
1,7,1519631566017999,132.0
1,7,1519631566947000,131.0
1,7,1519631567847000,130.0
1,7,1519631569647000,129.0
1,7,1519631572407000,130.0
1,7,1519631573307000,131.0
1,7,1519631574207000,132.0
1,7,1519631575107000,133.0
1,7,1519631583237000,134.0
1,7,1519631584136000,133.0
1,7,1519631585068000,134.0
1,7,1519631585966000,135.0
1,7,1519631588727000,134.0
1,7,1519631589627000,133.0
1,7,1519631591427000,132.0
1,7,1519631595807000,133.0
1,7,1519631598447000,132.0
1,7,1519631599347000,131.0
1,7,1519631601207000,130.0
1,7,1519631604807000,131.0
1,7,1519631606577000,132.0
1,7,1519631609277000,131.0
1,7,1519631611047000,132.0
1,7,1519631611977000,135.0
1,7,1519631612877000,138.0
1,7,1519631613748000,140.0
1,7,1519631614617000,143.0
1,7,1519631615457000,145.0
1,7,1519631616207000,147.0
1,7,1519631617167000,149.0
1,7,1519631617945999,152.0
1,7,1519631618696000,154.0
1,7,1519631619477000,155.0
1,7,1519631620257000,158.0
1,7,1519631621008000,159.0
1,7,1519631621758000,161.0
1,7,1519631622598000,163.0
1,7,1519631623347000,165.0
1,7,1519631624096000,166.0
1,7,1519631624847000,168.0
1,7,1519631625597000,169.0
1,7,1519631626406000,171.0
1,7,1519631627246000,173.0
1,7,1519631628086000,174.0
1,7,1519631628988000,177.0
1,7,1519631629825999,178.0
1,7,1519631630576000,179.0
1,7,1519631631385999,177.0
1,7,1519631632197000,174.0
1,7,1519631632948000,172.0
1,7,1519631633697000,171.0
1,7,1519631634447000,173.0
1,7,1519631635197000,175.0
1,7,1519631636036000,177.0
1,7,1519631636787000,178.0
1,7,1519631637536000,179.0
1,7,1519631638286000,181.0
1,7,1519631639038000,182.0
1,7,1519631640536000,181.0
1,7,1519631641286000,180.0
1,7,1519631642848000,179.0
1,7,1519631643598000,178.0
1,7,1519631644348000,176.0
1,7,1519631645097000,174.0
1,7,1519631645846000,170.0
1,7,1519631646598000,167.0
1,7,1519631647436000,163.0
1,7,1519631648185999,157.0
1,7,1519631648937000,150.0
1,7,1519631649747000,142.0
1,7,1519631650497999,140.0
1,7,1519631652176000,139.0
1,7,1519631653105999,134.0
1,7,1519631654006000,128.0
1,7,1519631654905000,124.0
1,7,1519631655776000,123.0
1,7,1519631658477000,124.0
1,7,1519631660336000,123.0
1,7,1519631661237000,121.0
1,7,1519631662136000,120.0
1,7,1519631663036000,119.0
1,7,1519631663936000,121.0
1,7,1519631664836000,124.0
1,7,1519631665736000,125.0
1,7,1519631666636000,124.0
1,7,1519631667566000,122.0
1,7,1519631669366000,120.0
1,7,1519631672126000,121.0
1,7,1519631673025999,122.0
1,7,1519631673926000,123.0
1,7,1519631674825999,126.0
1,7,1519631675726000,128.0
1,7,1519631676656000,131.0
1,7,1519631677585999,133.0
1,7,1519631678486000,136.0
1,7,1519631679385999,138.0
1,7,1519631680286000,140.0
1,7,1519631681185999,143.0
1,7,1519631682086000,145.0
1,7,1519631682985999,147.0
1,7,1519631683886000,149.0
1,7,1519631684785999,151.0
1,7,1519631685686000,153.0
1,7,1519631686585999,154.0
1,7,1519631687486000,156.0
1,7,1519631688385999,157.0
1,7,1519631689316000,159.0
1,7,1519631690216000,161.0
1,7,1519631691116000,163.0
1,7,1519631692047000,164.0
1,7,1519631692945999,166.0
1,7,1519631693846000,167.0
1,7,1519631694745999,168.0
1,7,1519631695646000,170.0
1,7,1519631696545999,172.0
1,7,1519631697446000,173.0
1,7,1519631698345999,175.0
1,7,1519631699246000,176.0
1,7,1519631700145000,178.0
1,7,1519631701048000,180.0
1,7,1519631701976000,181.0
1,7,1519631702876000,183.0
1,7,1519631703745999,184.0
1,7,1519631704646000,186.0
1,7,1519631705576000,188.0
1,7,1519631706445000,189.0
1,7,1519631707345000,191.0
1,7,1519631708246000,192.0
1,7,1519631710016000,191.0
1,7,1519631710856000,190.0
1,7,1519631712595000,191.0
1,7,1519631713496000,192.0
1,7,1519631714396000,193.0
1,7,1519631717125000,194.0
1,7,1519631718025999,195.0
1,7,1519631719856000,196.0
1,7,1519631720725000,197.0
1,7,1519631721627000,198.0
1,7,1519631724296000,199.0
1,7,1519631725136000,200.0
1,7,1519631726817000,201.0
1,7,1519631727716000,199.0
1,7,1519631728556000,197.0
1,7,1519631729396000,195.0
1,7,1519631730236000,193.0
1,7,1519631731017000,189.0
1,7,1519631731886000,183.0
1,7,1519631732667000,177.0
1,7,1519631733417000,172.0
1,7,1519631734166000,165.0
1,7,1519631734917000,158.0
1,7,1519631735725000,150.0
1,7,1519631736505000,143.0
1,7,1519631737318000,137.0
1,7,1519631738068000,132.0
1,7,1519631739567000,130.0
1,7,1519631740317000,129.0
1,7,1519631742055000,127.0
1,7,1519631742896000,126.0
1,7,1519631743707000,122.0
1,7,1519631744515000,120.0
1,7,1519631745366000,119.0
1,7,1519631746195000,118.0
1,7,1519631747065999,117.0
1,7,1519631747845000,116.0
1,7,1519631748596000,115.0
1,7,1519631749345000,114.0
1,7,1519631750095000,113.0
1,7,1519631751656000,109.0
1,7,1519631752495000,105.0
1,7,1519631753245000,103.0
1,7,1519631753995000,102.0
1,7,1519631756245000,101.0
1,7,1519631763057999,102.0
1,7,1519631764557000,103.0
1,7,1519631765307000,106.0
1,7,1519631766056000,109.0
1,7,1519631766807000,111.0
1,7,1519631767675000,115.0
1,7,1519631768575000,118.0
1,7,1519631769475000,121.0
1,7,1519631770375000,125.0
1,7,1519631771275000,128.0
1,7,1519631772205000,131.0
1,7,1519631773105000,134.0
1,7,1519631774005000,137.0
1,7,1519631774905000,139.0
1,7,1519631775804000,142.0
1,7,1519631776705000,145.0
1,7,1519631777635000,147.0
1,7,1519631778535000,150.0
1,7,1519631779465000,153.0
1,7,1519631780395000,155.0
1,7,1519631781325000,157.0
1,7,1519631782255000,160.0
1,7,1519631783185000,162.0
1,7,1519631784085000,164.0
1,7,1519631784985000,167.0
1,7,1519631785915000,165.0
1,7,1519631786815000,163.0
1,7,1519631787745000,160.0
1,7,1519631788648000,161.0
1,7,1519631789545000,160.0
1,7,1519631790445000,159.0
1,7,1519631791375000,157.0
1,7,1519631792275000,155.0
1,7,1519631793175000,153.0
1,7,1519631794075000,150.0
1,7,1519631794976000,148.0
1,7,1519631795875000,146.0
1,7,1519631796775000,144.0
1,7,1519631797705000,142.0
1,7,1519631798605000,141.0
1,7,1519631799505000,139.0
1,7,1519631800405000,137.0
1,7,1519631801305000,135.0
1,7,1519631802205000,133.0
1,7,1519631804005000,132.0
1,7,1519631804934000,131.0
1,7,1519631806735000,130.0
1,7,1519631808565000,129.0
1,7,1519631809465000,128.0
1,7,1519631811265000,127.0
1,7,1519631812225000,126.0
1,7,1519631813153999,125.0
1,7,1519631814055000,124.0
1,7,1519631814925000,123.0
1,7,1519631815825000,122.0
1,7,1519631816725000,121.0
1,7,1519631817685000,120.0
1,7,1519631818585000,119.0
1,7,1519631819455000,117.0
1,7,1519631820355000,116.0
1,7,1519631821225000,114.0
1,7,1519631822094000,113.0
1,7,1519631822965000,112.0
1,7,1519631823865000,111.0
1,7,1519631824705000,109.0
1,7,1519631825545000,108.0
1,7,1519631826385000,107.0
1,7,1519631828215000,106.0
1,7,1519631829984000,105.0
1,7,1519631830855000,104.0
1,7,1519631832715000,102.0
1,7,1519631833615000,100.0
1,7,1519631834485000,98.0
1,7,1519631835385000,96.0
1,7,1519631836313999,94.0
1,7,1519631837245000,92.0
1,7,1519631838175000,91.0
1,7,1519631842585000,88.0
1,7,1519631843425000,84.0
1,7,1519631844264000,80.0
1,7,1519631845014000,77.0
1,7,1519631845825999,73.0
1,7,1519631846576000,67.0
1,7,1519631847325000,61.0
1,7,1519631848078000,58.0
1,7,1519631848825999,56.0
1,7,1519631849576000,54.0
1,7,1519631850325000,53.0
1,7,1519631851077000,52.0
1,7,1519631851825999,51.0
1,7,1519631853414000,50.0
1,7,1519631854164000,49.0
1,7,1519631854913999,46.0
1,7,1519631855664000,40.0
1,7,1519631856504000,35.0
1,7,1519631857344000,29.0
1,7,1519631858183000,25.0
1,7,1519631858966000,21.0
1,7,1519631859804000,17.0
1,7,1519631860614000,14.0
1,7,1519631862264000,15.0
1,7,1519631863016000,16.0
1,7,1519631863766000,17.0
1,7,1519631865265000,19.0
1,7,1519631866104000,22.0
1,7,1519631866854000,24.0
1,7,1519631869916000,23.0
1,7,1519631873003000,24.0
1,7,1519631873753000,26.0
1,7,1519631874505000,27.0
1,7,1519631875254000,26.0
1,7,1519631876753000,27.0
1,7,1519631877566000,28.0
1,7,1519631878316000,30.0
1,7,1519631879065999,31.0
1,7,1519631879816000,32.0
1,7,1519631881316000,33.0
1,7,1519631882816000,34.0
1,7,1519631884344000,35.0
1,7,1519631885815000,36.0
1,7,1519631887464000,37.0
1,7,1519631888364000,38.0
1,7,1519631889264000,40.0
1,7,1519631890164000,42.0
1,7,1519631891064000,43.0
1,7,1519631891964000,44.0
1,7,1519631892894000,43.0
1,7,1519631897423000,42.0
1,7,1519631899253000,41.0
1,7,1519631900184000,40.0
1,7,1519631901984000,39.0
1,7,1519631902945000,37.0
1,7,1519631903844000,35.0
1,7,1519631904745000,34.0
1,7,1519631905645000,31.0
1,7,1519631906545999,30.0
1,7,1519631907476000,29.0
1,7,1519631908376000,30.0
1,7,1519631909276000,32.0
1,7,1519631910175000,33.0
1,7,1519631911076000,34.0
1,7,1519631911976000,36.0
1,7,1519631912905999,38.0
1,7,1519631914705999,37.0
1,7,1519631915607000,40.0
1,7,1519631916505999,42.0
1,7,1519631917406000,44.0
1,7,1519631918307000,43.0
1,7,1519631919207000,42.0
1,7,1519631921907000,43.0
1,7,1519631922837000,45.0
1,7,1519631923737000,47.0
1,7,1519631924637000,48.0
1,7,1519631925537000,51.0
1,7,1519631926438000,56.0
1,7,1519631927397000,63.0
1,7,1519631928327000,69.0
1,7,1519631929227000,68.0
1,7,1519631930157000,72.0
1,7,1519631931086000,70.0
1,7,1519631931987000,69.0
1,7,1519631932918000,68.0
1,7,1519631933817000,66.0
1,7,1519631937417000,65.0
1,7,1519631938317000,66.0
1,7,1519631939216000,67.0
1,7,1519631940117000,70.0
1,7,1519631941017000,72.0
1,7,1519631941918000,73.0
1,7,1519631946357000,72.0
1,7,1519631955057000,73.0
1,7,1519631956737999,74.0
1,7,1519631960039000,73.0
1,7,1519631964627000,74.0
1,7,1519631966127000,75.0
1,7,1519631967689999,76.0
1,7,1519631969939000,77.0
1,7,1519631971617000,78.0
1,7,1519631973237000,79.0
1,7,1519631974887000,80.0
1,7,1519631976417000,81.0
1,7,1519631977167000,82.0
1,7,1519631977918000,83.0
1,7,1519631979417000,84.0
1,7,1519631981667000,85.0
1,7,1519631983166000,84.0
1,7,1519631983917000,82.0
1,7,1519631984667000,80.0
1,7,1519631986166000,79.0
1,7,1519631987728000,80.0
1,7,1519631989979000,81.0
1,7,1519631990729000,82.0
1,7,1519631992317000,83.0
1,7,1519631993067000,82.0
1,7,1519631994567000,81.0
1,7,1519631996067000,80.0
1,7,1519631996817000,79.0
1,7,1519631999157000,78.0
1,7,1519632000687000,77.0
1,7,1519632001587000,76.0
1,7,1519632002517000,75.0
1,7,1519632003417999,73.0
1,7,1519632004287000,72.0
1,7,1519632005185999,71.0
1,7,1519632006086000,70.0
1,7,1519632008817000,69.0
1,7,1519632009717000,68.0
1,7,1519632010617999,67.0
1,7,1519632011547000,65.0
1,7,1519632013377000,68.0
1,7,1519632014276000,71.0
1,7,1519632015177000,74.0
1,7,1519632016076000,73.0
1,7,1519632016977000,72.0
1,7,1519632018777000,69.0
1,7,1519632019707000,67.0
1,7,1519632020637000,65.0
1,7,1519632021537000,64.0
1,7,1519632022467000,65.0
1,7,1519632026067000,66.0
1,7,1519632026967000,67.0
1,7,1519632027897000,69.0
1,7,1519632028797000,70.0
1,7,1519632029697000,72.0
1,7,1519632030597000,75.0
1,7,1519632031497000,79.0
1,7,1519632032427000,84.0
1,7,1519632033328000,88.0
1,7,1519632034227000,93.0
1,7,1519632035126000,97.0
1,7,1519632036057000,102.0
1,7,1519632036956000,106.0
1,7,1519632037887000,110.0
1,7,1519632038787000,109.0
1,7,1519632039687000,108.0
1,7,1519632040587000,111.0
1,7,1519632041487000,109.0
1,7,1519632042417000,107.0
1,7,1519632043317000,105.0
1,7,1519632044217000,103.0
1,7,1519632046016000,102.0
1,7,1519632046918000,101.0
1,7,1519632047846000,100.0
1,7,1519632051476000,99.0
1,7,1519632052345000,95.0
1,7,1519632053246000,92.0
1,7,1519632054086000,89.0
1,7,1519632054925000,87.0
1,7,1519632055796000,85.0
1,7,1519632056696000,84.0
1,7,1519632058465000,83.0
1,7,1519632059366000,85.0
1,7,1519632060235000,88.0
1,7,1519632061136000,90.0
1,7,1519632061976000,92.0
1,7,1519632062846000,94.0
1,7,1519632063745000,96.0
1,7,1519632064646000,99.0
1,7,1519632065486000,101.0
1,7,1519632066326000,103.0
1,7,1519632067166000,105.0
1,7,1519632068036000,108.0
1,7,1519632068849000,109.0
1,7,1519632069745999,110.0
1,7,1519632072147000,109.0
1,7,1519632073736000,110.0
1,7,1519632078236000,109.0
1,7,1519632080486000,108.0
1,7,1519632082797000,107.0
1,7,1519632086726000,108.0
1,7,1519632087625999,110.0
1,7,1519632088377000,111.0
1,7,1519632089126000,113.0
1,7,1519632089876000,116.0
1,7,1519632090625999,118.0
1,7,1519632091376000,121.0
1,7,1519632092156000,123.0
1,7,1519632093025999,126.0
1,7,1519632093777000,129.0
1,7,1519632094590000,131.0
1,7,1519632095337000,134.0
1,7,1519632096086000,135.0
1,7,1519632096838000,138.0
1,7,1519632097589000,140.0
1,7,1519632098337000,142.0
1,7,1519632099087000,144.0
1,7,1519632099896000,146.0
1,7,1519632100676000,149.0
1,7,1519632101425999,151.0
1,7,1519632102176000,153.0
1,7,1519632102928000,154.0
1,7,1519632103676000,157.0
1,7,1519632104425999,158.0
1,7,1519632105176000,160.0
1,7,1519632105926000,162.0
1,7,1519632106676000,164.0
1,7,1519632107488000,166.0
1,7,1519632108236000,168.0
1,7,1519632108988000,169.0
1,7,1519632109737999,171.0
1,7,1519632110488000,172.0
1,7,1519632111237000,174.0
1,7,1519632111987000,175.0
1,7,1519632112856000,177.0
1,7,1519632113756000,179.0
1,7,1519632114686000,176.0
1,7,1519632115585999,173.0
1,7,1519632116486000,170.0
1,7,1519632117446000,168.0
1,7,1519632118345999,167.0
1,7,1519632119246000,164.0
1,7,1519632120145000,162.0
1,7,1519632121045000,159.0
1,7,1519632121945999,156.0
1,7,1519632122876000,154.0
1,7,1519632123776000,151.0
1,7,1519632124676000,148.0
1,7,1519632125575000,146.0
1,7,1519632126476000,144.0
1,7,1519632127436000,141.0
1,7,1519632128336000,139.0
1,7,1519632129236000,136.0
1,7,1519632130135000,135.0
1,7,1519632131036000,132.0
1,7,1519632131936000,126.0
1,7,1519632132836000,121.0
1,7,1519632133736000,115.0
1,7,1519632134636000,110.0
1,7,1519632135535000,105.0
1,7,1519632136436000,100.0
1,7,1519632137366000,97.0
1,7,1519632138265000,95.0
1,7,1519632139165000,93.0
1,7,1519632140065999,92.0
1,7,1519632141865999,94.0
1,7,1519632142766000,97.0
1,7,1519632143665999,103.0
1,7,1519632144565000,108.0
1,7,1519632145465999,109.0
1,7,1519632146365000,110.0
1,7,1519632147295000,115.0
1,7,1519632148195000,119.0
1,7,1519632149095000,121.0
1,7,1519632152726000,119.0
1,7,1519632153656000,114.0
1,7,1519632154555000,106.0
1,7,1519632155455000,104.0
1,7,1519632156355000,99.0
1,7,1519632157286000,95.0
1,7,1519632158185999,94.0
1,7,1519632159115000,93.0
1,7,1519632159985000,94.0
1,7,1519632160915000,95.0
1,7,1519632161815000,97.0
1,7,1519632162655000,100.0
1,7,1519632163555000,103.0
1,7,1519632164425000,105.0
1,7,1519632165325000,107.0
1,7,1519632166165000,109.0
1,7,1519632167005000,110.0
1,7,1519632168775000,109.0
1,7,1519632169617000,108.0
1,7,1519632171385000,110.0
1,7,1519632172285000,112.0
1,7,1519632173155000,113.0
1,7,1519632177595000,112.0
1,7,1519632178525000,111.0
1,7,1519632179425000,110.0
1,7,1519632180264000,109.0
1,7,1519632181110000,108.0
1,7,1519632184526000,109.0
1,7,1519632185395000,110.0
1,7,1519632186145000,111.0
1,7,1519632186958000,112.0
1,7,1519632187795000,114.0
1,7,1519632188607000,115.0
1,7,1519632189357000,116.0
1,7,1519632190105999,118.0
1,7,1519632190856000,119.0
1,7,1519632191607000,121.0
1,7,1519632192357000,123.0
1,7,1519632193105000,125.0
1,7,1519632193857000,127.0
1,7,1519632194607000,128.0
1,7,1519632195357000,130.0
1,7,1519632196105000,132.0
1,7,1519632196857000,133.0
1,7,1519632197607000,134.0
1,7,1519632199195000,135.0
1,7,1519632200697000,134.0
1,7,1519632202345000,133.0
1,7,1519632203185000,132.0
1,7,1519632203935000,129.0
1,7,1519632204745000,126.0
1,7,1519632205585000,125.0
1,7,1519632206335000,123.0
1,7,1519632207145000,122.0
1,7,1519632207897000,120.0
1,7,1519632208651000,119.0
1,7,1519632209395000,115.0
1,7,1519632210145000,111.0
1,7,1519632210896000,108.0
1,7,1519632211646000,106.0
1,7,1519632212485000,104.0
1,7,1519632213235000,103.0
1,7,1519632213985000,102.0
1,7,1519632214735000,100.0
1,7,1519632215486000,99.0
1,7,1519632216233999,97.0
1,7,1519632216985000,96.0
1,7,1519632219297000,97.0
1,7,1519632220046000,99.0
1,7,1519632220796000,100.0
1,7,1519632221545999,101.0
1,7,1519632222385000,102.0
1,7,1519632223134000,104.0
1,7,1519632223915000,106.0
1,7,1519632224816000,108.0
1,7,1519632225715000,111.0
1,7,1519632226615000,114.0
1,7,1519632227545999,116.0
1,7,1519632228446000,118.0
1,7,1519632229345000,120.0
1,7,1519632230245000,123.0
1,7,1519632231144000,125.0
1,7,1519632232045000,127.0
1,7,1519632233005000,128.0
1,7,1519632233905000,130.0
1,7,1519632234805000,132.0
1,7,1519632235705000,133.0
1,7,1519632236605000,135.0
1,7,1519632237565000,137.0
1,7,1519632238465000,139.0
1,7,1519632239365000,141.0
1,7,1519632240265999,142.0
1,7,1519632241164000,144.0
1,7,1519632244795000,142.0
1,7,1519632245695000,140.0
1,7,1519632246595000,139.0
1,7,1519632247525000,138.0
1,7,1519632248424000,137.0
1,7,1519632251124000,136.0
1,7,1519632252024000,133.0
1,7,1519632252984000,132.0
1,7,1519632253884000,131.0
1,7,1519632256585000,132.0
1,7,1519632257544000,133.0
1,7,1519632258444000,134.0
1,7,1519632259344000,135.0
1,7,1519632260244000,138.0
1,7,1519632261144000,140.0
1,7,1519632262045000,141.0
1,7,1519632264774000,139.0
1,7,1519632265673999,137.0
1,7,1519632266575000,136.0
1,7,1519632270204000,137.0
1,7,1519632271077000,138.0
1,7,1519632272873999,139.0
1,7,1519632275513999,137.0
1,7,1519632276414000,136.0
1,7,1519632277344000,135.0
1,7,1519632279925000,136.0
1,7,1519632281604000,138.0
1,7,1519632282564000,140.0
1,7,1519632283392000,142.0
1,7,1519632284273999,144.0
1,7,1519632285924000,142.0
1,7,1519632288654000,143.0
1,7,1519632290424000,144.0
1,7,1519632293094000,145.0
1,7,1519632294864000,146.0
1,7,1519632297505000,147.0
1,7,1519632300113999,148.0
1,7,1519632301616000,149.0
1,7,1519632302454000,150.0
1,7,1519632303204000,151.0
1,7,1519632303953999,153.0
1,7,1519632305454000,151.0
1,7,1519632306204000,150.0
1,7,1519632306953999,149.0
1,7,1519632311454000,147.0
1,7,1519632312953999,145.0
1,7,1519632315294000,146.0
1,7,1519632322104000,145.0
1,7,1519632323607000,144.0
1,7,1519632324444000,143.0
1,7,1519632325193999,142.0
1,7,1519632325944000,141.0
1,7,1519632326694000,140.0
1,7,1519632327505999,138.0
1,7,1519632328254000,137.0
1,7,1519632329006000,136.0
1,7,1519632329756000,135.0
1,7,1519632330505000,133.0
1,7,1519632331254000,132.0
1,7,1519632332006000,131.0
1,7,1519632332844000,129.0
1,7,1519632333593999,128.0
1,7,1519632334344000,127.0
1,7,1519632335094000,125.0
1,7,1519632339083000,126.0
1,7,1519632340884000,127.0
1,7,1519632341784000,128.0
1,7,1519632343584000,129.0
1,7,1519632347184000,130.0
1,7,1519632376193000,129.0
1,7,1519632393985999,128.0
1,7,1519632400673000,129.0
1,7,1519632404213000,130.0
1,7,1519632408533000,131.0
1,7,1519632411953000,130.0
1,7,1519632415975000,129.0
1,7,1519632416813000,130.0
1,7,1519632418313000,129.0
1,7,1519632435113000,130.0
1,7,1519632435865000,129.0
1,7,1519632437364000,130.0
1,7,1519632438113000,129.0
1,7,1519632439616000,130.0
1,7,1519632440367000,129.0
1,7,1519632441113000,130.0
1,7,1519632445703000,129.0
1,7,1519632452513000,128.0
1,7,1519632455183000,127.0
1,7,1519632456081999,126.0
1,7,1519632457853000,125.0
1,7,1519632460553000,126.0
1,7,1519632461453000,127.0
1,7,1519632464183000,128.0
1,7,1519632465983000,129.0
1,7,1519632466883000,130.0
1,7,1519632467841999,131.0
1,7,1519632468744000,132.0
1,7,1519632471503000,133.0
1,7,1519632474203000,134.0
1,7,1519632485991000,135.0
1,7,1519632486894000,134.0
1,7,1519632491423000,132.0
1,7,1519632492321999,131.0
1,7,1519632493252000,129.0
1,7,1519632494152000,126.0
1,7,1519632495052000,124.0
1,7,1519632495952000,122.0
1,7,1519632496853000,121.0
1,7,1519632497782000,120.0
1,7,1519632498681999,119.0
1,7,1519632499583000,120.0
1,7,1519632502312000,121.0
1,7,1519632504982000,122.0
1,7,1519632505881999,123.0
1,7,1519632506782000,125.0
1,7,1519632507652000,126.0
1,7,1519632509392000,127.0
1,7,1519632510232000,128.0
1,7,1519632512902000,129.0
1,7,1519632515243000,130.0
1,7,1519632525622000,127.0
1,7,1519632526462000,126.0
1,7,1519632527272000,125.0
1,7,1519632528084000,124.0
1,7,1519632528862000,123.0
1,7,1519632529672000,122.0
1,7,1519632530422000,121.0
1,7,1519632531921999,120.0
1,7,1519632534983000,121.0
1,7,1519632536484000,122.0
1,7,1519632537233000,123.0
1,7,1519632538073000,124.0
1,7,1519632538822000,125.0
1,7,1519632540321999,126.0
1,7,1519632541075000,127.0
1,7,1519632542572000,128.0
1,7,1519632544912000,129.0
1,7,1519632548121999,130.0
1,7,1519632548873000,129.0
1,7,1519632550374000,130.0
1,7,1519632552712000,129.0
1,7,1519632554212000,130.0
1,7,1519632557212000,129.0
1,7,1519632562582000,128.0
1,7,1519632563481999,129.0
1,7,1519632574312000,130.0
1,7,1519632580641000,129.0
1,7,1519632590631000,130.0
1,7,1519632639295000,129.0
1,7,1519632648592000,130.0
1,7,1519632656301000,131.0
1,7,1519632657081000,130.0
1,7,1519632674963000,129.0
1,7,1519632675863000,130.0
1,7,1519632676734000,129.0
1,7,1519632677663000,130.0
1,7,1519632678564000,129.0
1,7,1519632679464000,130.0
1,7,1519632681264000,129.0
1,7,1519632682163000,130.0
1,7,1519632683093000,129.0
1,7,1519632683993999,130.0
1,7,1519632689455000,129.0
1,7,1519632690353999,130.0
1,7,1519632691254000,129.0
1,7,1519632692153999,130.0
1,7,1519632693084000,129.0
1,7,1519632704033999,130.0
1,7,1519632707694000,131.0
1,7,1519632708595000,130.0
1,7,1519632709495000,131.0
1,7,1519632711295000,130.0
1,7,1519632712195000,131.0
1,7,1519632714895000,130.0
1,7,1519632715795000,131.0
1,7,1519632716695000,130.0
1,7,1519632718525000,129.0
1,7,1519632719425000,127.0
1,7,1519632720324000,125.0
1,7,1519632721224000,122.0
1,7,1519632722153999,120.0
1,7,1519632723054000,117.0
1,7,1519632723955000,116.0
1,7,1519632724854000,115.0
1,7,1519632730165000,116.0
1,7,1519632732865999,117.0
1,7,1519632735445000,116.0
1,7,1519632737155000,115.0
1,7,1519632741355000,114.0
1,7,1519632744445000,115.0
1,7,1519632745345000,114.0
1,7,1519632747953999,113.0
1,7,1519632748793999,111.0
1,7,1519632749695000,110.0
1,7,1519632750535000,109.0
1,7,1519632751345999,107.0
1,7,1519632752215000,106.0
1,7,1519632753055000,104.0
1,7,1519632753895000,103.0
1,7,1519632754705999,102.0
1,7,1519632756294000,101.0
1,7,1519632758606000,102.0
1,7,1519632760105000,103.0
1,7,1519632761694000,104.0
1,7,1519632765593999,105.0
1,7,1519632774684000,106.0
1,7,1519632776996000,105.0
1,7,1519632777745999,106.0
1,7,1519632780833999,105.0
1,7,1519632781584000,106.0
1,7,1519632783833999,105.0
1,7,1519632784585000,106.0
1,7,1519632785334000,105.0
1,7,1519632786984000,104.0
1,7,1519632787735000,102.0
1,7,1519632789233999,100.0
1,7,1519632789984000,99.0
1,7,1519632791664000,98.0
1,7,1519632794393999,99.0
1,7,1519632796193000,100.0
1,7,1519632797094000,101.0
1,7,1519632798925000,102.0
1,7,1519632799824000,103.0
1,7,1519632801624000,104.0
1,7,1519632805254000,105.0
1,7,1519632812453000,106.0
1,7,1519632813384000,105.0
1,7,1519632815244000,106.0
1,7,1519632820673999,105.0
1,7,1519632821574000,104.0
1,7,1519632822473999,102.0
1,7,1519632823374000,97.0
1,7,1519632824273999,92.0
1,7,1519632825174000,89.0
1,7,1519632826103000,88.0
1,7,1519632827003000,86.0
1,7,1519632827934000,85.0
1,7,1519632828833999,84.0
1,7,1519632829765000,82.0
1,7,1519632831564000,81.0
1,7,1519632833393000,80.0
1,7,1519632834294000,79.0
1,7,1519632835193999,78.0
1,7,1519632836993999,80.0
1,7,1519632837894000,82.0
1,7,1519632838764000,84.0
1,7,1519632839664000,85.0
1,7,1519632841435000,84.0
1,7,1519632842334000,82.0
1,7,1519632844103000,81.0
1,7,1519632844977999,80.0
1,7,1519632845873000,79.0
1,7,1519632846774000,78.0
1,7,1519632847644000,77.0
1,7,1519632848543000,76.0
1,7,1519632851063000,75.0
1,7,1519632854363000,74.0
1,7,1519632855926000,73.0
1,7,1519632860069000,72.0
1,7,1519632861803000,71.0
1,7,1519632862673999,68.0
1,7,1519632863572000,63.0
1,7,1519632864415000,55.0
1,7,1519632865254000,47.0
1,7,1519632866153000,43.0
1,7,1519632866993000,41.0
1,7,1519632867865000,40.0
1,7,1519632868704000,34.0
1,7,1519632869513999,28.0
1,7,1519632870353000,24.0
1,7,1519632871103000,23.0
1,7,1519632871853000,21.0
1,7,1519632872633000,20.0
1,7,1519632873414000,18.0
1,7,1519632874164000,17.0
1,7,1519632875003000,16.0
1,7,1519632876564000,15.0
1,7,1519632878213000,14.0
1,7,1519632879715000,13.0
1,7,1519632881215000,14.0
1,7,1519632881966000,15.0
1,7,1519632882804000,17.0
1,7,1519632883553999,19.0
1,7,1519632885053000,18.0
1,7,1519632886555000,19.0
1,7,1519632887305999,21.0
1,7,1519632888056000,23.0
1,7,1519632888806000,25.0
1,7,1519632889553999,27.0
1,7,1519632890305999,28.0
1,7,1519632893308000,29.0
1,7,1519632894056000,30.0
1,7,1519632897055000,31.0
1,7,1519632899393999,32.0
1,7,1519632900894000,33.0
1,7,1519632905993000,34.0
1,7,1519632907885000,36.0
1,7,1519632908814000,37.0
1,7,1519632909713999,36.0
1,7,1519632910615000,37.0
1,7,1519632913404000,36.0
1,7,1519632914304000,37.0
1,7,1519632917033999,38.0
1,7,1519632919765000,39.0
1,7,1519632920695000,40.0
1,7,1519632921593999,41.0
1,7,1519632922494000,42.0
1,7,1519632923424000,44.0
1,7,1519632924324000,46.0
1,7,1519632925253000,47.0
1,7,1519632926153999,48.0
1,7,1519632927055000,50.0
1,7,1519632928014000,54.0
1,7,1519632928913999,56.0
1,7,1519632929814000,58.0
1,7,1519632932515000,59.0
1,7,1519632934344000,60.0
1,7,1519632937047000,59.0
1,7,1519632938852000,58.0
1,7,1519632939803000,53.0
1,7,1519632940704000,51.0
1,7,1519632941574000,49.0
1,7,1519632942473999,48.0
1,7,1519632943348000,47.0
1,7,1519632944247000,46.0
1,7,1519632945144000,45.0
1,7,1519632946045000,43.0
1,7,1519632946974000,41.0
1,7,1519632947905000,39.0
1,7,1519632948804000,34.0
1,7,1519632949705000,29.0
1,7,1519632950574000,25.0
1,7,1519632951473999,22.0
1,7,1519632952384000,21.0
1,7,1519632953273000,19.0
1,7,1519632954173000,18.0
1,7,1519632956846000,17.0
1,7,1519632957713999,16.0
1,7,1519632958614000,15.0
1,7,1519632960473999,16.0
1,7,1519632961373000,17.0
1,7,1519632963143000,19.0
1,7,1519632964045000,20.0
1,7,1519632964823000,21.0
1,7,1519632965723000,22.0
1,7,1519632966564000,23.0
1,7,1519632968244000,22.0
1,7,1519632974513999,23.0
1,7,1519632975414000,24.0
1,7,1519632977153000,25.0
1,7,1519632979824000,23.0
1,7,1519632980664000,22.0
1,7,1519632984563000,21.0
1,7,1519632985313999,20.0
1,7,1519632986064000,19.0
1,7,1519632987564000,20.0
1,7,1519632988376000,21.0
1,7,1519632989182000,22.0
1,7,1519632989964000,23.0
1,7,1519632990713999,24.0
1,7,1519632992213000,25.0
1,7,1519632993025000,27.0
1,7,1519632993776000,28.0
1,7,1519632994526000,29.0
1,7,1519632995275000,30.0
1,7,1519632996025999,33.0
1,7,1519632996775000,35.0
1,7,1519632997526000,36.0
1,7,1519633000614000,35.0
1,7,1519633001364000,34.0
1,7,1519633002115000,35.0
1,7,1519633002927000,36.0
1,7,1519633003703000,38.0
1,7,1519633004454000,40.0
1,7,1519633005264000,41.0
1,7,1519633006015000,43.0
1,7,1519633006915000,46.0
1,7,1519633007665999,50.0
1,7,1519633008414000,52.0
1,7,1519633009164000,55.0
1,7,1519633009915000,58.0
1,7,1519633011414000,60.0
1,7,1519633012164000,61.0
1,7,1519633013004000,62.0
1,7,1519633020053000,61.0
1,7,1519633020953999,60.0
1,7,1519633021854000,59.0
1,7,1519633023683000,58.0
1,7,1519633026413000,57.0
1,7,1519633027313000,56.0
1,7,1519633028213000,54.0
1,7,1519633029124000,52.0
1,7,1519633030013000,51.0
1,7,1519633030913000,50.0
1,7,1519633031813000,48.0
1,7,1519633032743000,46.0
1,7,1519633033643000,44.0
1,7,1519633034573000,41.0
1,7,1519633035473000,37.0
1,7,1519633036373000,32.0
1,7,1519633037273999,29.0
1,7,1519633038233999,26.0
1,7,1519633039133000,22.0
1,7,1519633040033999,17.0
1,7,1519633040934000,11.0
1,7,1519633041864000,5.0
1,7,1519633042795000,2.0
1,7,1519633043724000,0.0
1,7,1519633085545000,2.0
1,7,1519633086383000,8.0
1,7,1519633087132000,14.0
1,7,1519633087944000,21.0
1,7,1519633088694000,22.0
1,7,1519633089473000,24.0
1,7,1519633090343000,29.0
1,7,1519633091182000,36.0
1,7,1519633092023000,37.0
1,7,1519633092894000,35.0
1,7,1519633093673000,32.0
1,7,1519633094483000,30.0
1,7,1519633095263000,26.0
1,7,1519633096073000,22.0
1,7,1519633096823000,19.0
1,7,1519633097633999,15.0
1,7,1519633098475000,11.0
1,7,1519633099222000,10.0
1,7,1519633100033000,8.0
1,7,1519633100784000,11.0
1,7,1519633101536000,15.0
1,7,1519633102283000,18.0
1,7,1519633103123000,21.0
1,7,1519633104624000,23.0
1,7,1519633105372000,27.0
1,7,1519633106123000,33.0
1,7,1519633106873000,35.0
1,7,1519633107623000,34.0
1,7,1519633108433999,33.0
1,7,1519633109183000,34.0
1,7,1519633114523000,33.0
1,7,1519633115272000,32.0
1,7,1519633116023000,31.0
1,7,1519633116773000,30.0
1,7,1519633118363000,29.0
1,7,1519633119112000,28.0
1,7,1519633119862000,26.0
1,7,1519633122174000,25.0
1,7,1519633123673999,26.0
1,7,1519633124424000,28.0
1,7,1519633125262000,30.0
1,7,1519633126013000,31.0
1,7,1519633126883000,34.0
1,7,1519633127783000,35.0
1,7,1519633128683000,36.0
1,7,1519633130481999,35.0
1,7,1519633132283000,34.0
1,7,1519633136784000,35.0
1,7,1519633137684000,37.0
1,7,1519633138643000,39.0
1,7,1519633139543000,41.0
1,7,1519633140444000,43.0
1,7,1519633141344000,42.0
1,7,1519633143172000,40.0
1,7,1519633144073000,38.0
1,7,1519633145032000,33.0
1,7,1519633145931000,26.0
1,7,1519633146832000,21.0
1,7,1519633147732000,16.0
1,7,1519633148632000,10.0
1,7,1519633149564000,6.0
1,7,1519633150462000,2.0
1,7,1519633151364000,0.0
1,7,1519633182142000,3.0
1,7,1519633183102000,8.0
1,7,1519633184001999,12.0
1,7,1519633184902000,18.0
1,7,1519633185772000,19.0
1,7,1519633186672000,20.0
1,7,1519633187542000,19.0
1,7,1519633189281999,18.0
1,7,1519633190152000,17.0
1,7,1519633191052000,15.0
1,7,1519633192822000,14.0
1,7,1519633193724000,9.0
1,7,1519633194561999,7.0
1,7,1519633195343000,4.0
1,7,1519633196091000,1.0
1,7,1519633196873000,0.0
1,7,1519633240041000,1.0
1,7,1519633240913999,4.0
1,7,1519633241814000,10.0
1,7,1519633242715000,14.0
1,7,1519633243614000,16.0
1,7,1519633244519000,19.0
1,7,1519633245415000,26.0
1,7,1519633246313000,34.0
1,7,1519633247212000,43.0
1,7,1519633249013000,42.0
1,7,1519633253541000,44.0
1,7,1519633254441000,45.0
1,7,1519633255341000,43.0
1,7,1519633256241000,41.0
1,7,1519633257141000,39.0
1,7,1519633258102000,38.0
1,7,1519633259001999,36.0
1,7,1519633260801999,35.0
1,7,1519633261702000,33.0
1,7,1519633262601999,31.0
1,7,1519633264431000,30.0
1,7,1519633265331000,28.0
1,7,1519633266231000,23.0
1,7,1519633267131000,16.0
1,7,1519633268032000,11.0
1,7,1519633268932000,7.0
1,7,1519633269832000,3.0
1,7,1519633270732000,0.0
1,7,1519633281560000,6.0
1,7,1519633282461000,13.0
1,7,1519633283393999,18.0
1,7,1519633284321000,21.0
1,7,1519633285221000,27.0
1,7,1519633286124000,32.0
1,7,1519633286992000,33.0
1,7,1519633287861000,35.0
1,7,1519633289662000,34.0
1,7,1519633290473999,33.0
1,7,1519633291371000,34.0
1,7,1519633292270000,36.0
1,7,1519633293141000,38.0
1,7,1519633295840000,36.0
1,7,1519633296741000,34.0
1,7,1519633300249999,35.0
1,7,1519633301961999,34.0
1,7,1519633302801000,33.0
1,7,1519633303671000,32.0
1,7,1519633304601000,33.0
1,7,1519633305441000,38.0
1,7,1519633306280000,43.0
1,7,1519633307063000,46.0
1,7,1519633309521000,45.0
1,7,1519633311111000,43.0
1,7,1519633311952000,42.0
1,7,1519633312767000,41.0
1,7,1519633313511000,40.0
1,7,1519633314262000,39.0
1,7,1519633315763000,40.0
1,7,1519633316513000,39.0
1,7,1519633317262000,38.0
1,7,1519633318013000,37.0
1,7,1519633318764000,35.0
1,7,1519633319542000,33.0
1,7,1519633320380000,30.0
1,7,1519633321220000,28.0
1,7,1519633322121000,25.0
1,7,1519633323051000,22.0
1,7,1519633323892000,18.0
1,7,1519633324641000,16.0
1,7,1519633325541000,14.0
1,7,1519633326291000,12.0
1,7,1519633327041000,7.0
1,7,1519633327791000,3.0
1,7,1519633328604000,1.0
1,7,1519633329351000,0.0
1,7,1519633345941000,1.0
1,7,1519633346693000,6.0
1,7,1519633347441999,12.0
1,7,1519633348190000,17.0
1,7,1519633348945000,19.0
1,7,1519633349691000,22.0
1,7,1519633350502000,28.0
1,7,1519633351401000,37.0
1,7,1519633352301000,38.0
1,7,1519633353289999,39.0
1,7,1519633354190000,41.0
1,7,1519633355091000,40.0
1,7,1519633355990000,41.0
1,7,1519633357822000,39.0
1,7,1519633358751000,38.0
1,7,1519633361449999,39.0
1,7,1519633362351000,40.0
1,7,1519633364150000,39.0
1,7,1519633365049999,38.0
1,7,1519633366849999,39.0
1,7,1519633368681000,40.0
1,7,1519633369581000,42.0
1,7,1519633370481000,43.0
1,7,1519633371381000,45.0
1,7,1519633372281000,44.0
1,7,1519633373180000,42.0
1,7,1519633374140000,40.0
1,7,1519633375041999,38.0
1,7,1519633376841000,39.0
1,7,1519633377741000,40.0
1,7,1519633378640000,39.0
1,7,1519633379540000,38.0
1,7,1519633380440000,36.0
1,7,1519633381340000,33.0
1,7,1519633382240000,28.0
1,7,1519633383169999,21.0
1,7,1519633384071000,12.0
1,7,1519633384971000,2.0
1,7,1519633385870000,0.0
1,7,1519633433121999,2.0
1,7,1519633433873999,5.0
1,7,1519633434713000,11.0
1,7,1519633435613000,18.0
1,7,1519633436452000,20.0
1,7,1519633437292000,21.0
1,7,1519633438161999,20.0
1,7,1519633438913999,18.0
1,7,1519633439664000,14.0
1,7,1519633440414000,9.0
1,7,1519633441161999,5.0
1,7,1519633441915000,3.0
1,7,1519633442663000,2.0
1,7,1519633443502000,4.0
1,7,1519633444252000,9.0
1,7,1519633445004000,10.0
1,7,1519633445751000,11.0
1,7,1519633448816000,12.0
1,7,1519633449565000,14.0
1,7,1519633451065999,12.0
1,7,1519633451816000,11.0
1,7,1519633452564000,10.0
1,7,1519633453401999,8.0
1,7,1519633454992000,7.0
1,7,1519633455892000,8.0
1,7,1519633457695000,10.0
1,7,1519633461054000,9.0
1,7,1519633463753999,7.0
1,7,1519633465583000,8.0
1,7,1519633473743000,7.0
1,7,1519633474644000,5.0
1,7,1519633476443000,4.0
1,7,1519633478303000,3.0
1,7,1519633479201999,1.0
1,7,1519633480103000,0.0
1,7,1519633525853000,3.0
1,7,1519633526782000,9.0
1,7,1519633527681999,16.0
1,7,1519633528551000,22.0
1,7,1519633530351000,23.0
1,7,1519633532121999,22.0
1,7,1519633532961999,21.0
1,7,1519633533801999,19.0
1,7,1519633534643000,17.0
1,7,1519633535485000,15.0
1,7,1519633536382000,13.0
1,7,1519633537222000,10.0
1,7,1519633538062000,9.0
1,7,1519633538875000,8.0
1,7,1519633539683000,7.0
1,7,1519633540432000,6.0
1,7,1519633541182000,5.0
1,7,1519633541935000,3.0
1,7,1519633542684000,1.0
1,7,1519633543521999,0.0
1,7,1519633596531000,1.0
1,7,1519633597462000,8.0
1,7,1519633598391000,16.0
1,7,1519633599291000,21.0
1,7,1519633600221000,22.0
1,7,1519633601121000,23.0
1,7,1519633602022000,21.0
1,7,1519633602921999,19.0
1,7,1519633603851000,17.0
1,7,1519633604781000,13.0
1,7,1519633605681999,10.0
1,7,1519633606582000,9.0
1,7,1519633608441999,8.0
1,7,1519633609342000,6.0
1,7,1519633611141000,5.0
1,7,1519633612942000,4.0
1,7,1519633614771000,5.0
1,7,1519633615671000,6.0
1,7,1519633616574000,4.0
1,7,1519633617471000,3.0
1,7,1519633618372000,1.0
1,7,1519633619271000,0.0
1,7,1519633673001000,5.0
1,7,1519633673900000,10.0
1,7,1519633674801000,15.0
1,7,1519633675701000,20.0
1,7,1519633676601000,21.0
1,7,1519633677500000,26.0
1,7,1519633678431000,27.0
1,7,1519633680230000,23.0
1,7,1519633681129999,22.0
1,7,1519633682961999,19.0
1,7,1519633683891000,13.0
1,7,1519633684792000,6.0
1,7,1519633685691000,2.0
1,7,1519633686591000,0.0
1,7,1519633750100000,6.0
1,7,1519633751000000,14.0
1,7,1519633751900000,20.0
1,7,1519633752800000,21.0
1,7,1519633753729999,24.0
1,7,1519633754630000,26.0
1,7,1519633758199000,25.0
1,7,1519633761679000,24.0
1,7,1519633762520000,22.0
1,7,1519633763390000,20.0
1,7,1519633764200000,17.0
1,7,1519633765100000,13.0
1,7,1519633765941000,9.0
1,7,1519633766689999,7.0
1,7,1519633767440000,6.0
1,7,1519633768190000,4.0
1,7,1519633768940000,3.0
1,7,1519633769752000,2.0
1,7,1519633770500000,1.0
1,7,1519633772001999,0.0
1,7,1519633819519000,1.0
1,7,1519633821349000,2.0
1,7,1519633822249999,1.0
1,7,1519633824079000,0.0
1,7,1519633826779000,1.0
1,7,1519633829511000,0.0
1,7,1519633856629000,2.0
1,7,1519633857529000,4.0
1,7,1519633858369999,7.0
1,7,1519633859239000,9.0
1,7,1519633860137999,11.0
1,7,1519633861009999,12.0
1,7,1519633861822000,13.0
1,7,1519633862719000,11.0
1,7,1519633863559000,9.0
1,7,1519633866019000,11.0
1,7,1519633866860000,14.0
1,7,1519633867609999,15.0
1,7,1519633868511000,19.0
1,7,1519633869440000,24.0
1,7,1519633870339000,29.0
1,7,1519633872949000,28.0
1,7,1519633873849000,27.0
1,7,1519633874691000,26.0
1,7,1519633875529999,25.0
1,7,1519633876399000,23.0
1,7,1519633877209000,21.0
1,7,1519633878049000,19.0
1,7,1519633878950000,16.0
1,7,1519633879789000,12.0
1,7,1519633880539000,9.0
1,7,1519633881349000,6.0
1,7,1519633882097999,4.0
1,7,1519633882849999,2.0
1,7,1519633883661000,1.0
1,7,1519633884409999,0.0
1,7,1519633893560000,5.0
1,7,1519633894310000,11.0
1,7,1519633895061000,17.0
1,7,1519633895809999,18.0
1,7,1519633897400000,20.0
1,7,1519633898149000,23.0
1,7,1519633899080000,24.0
1,7,1519633899801000,26.0
1,7,1519633900549000,29.0
1,7,1519633901419000,30.0
1,7,1519633902200000,31.0
1,7,1519633902951000,34.0
1,7,1519633903789000,36.0
1,7,1519633905289999,37.0
1,7,1519633906039000,36.0
1,7,1519633906789000,35.0
1,7,1519633907539000,34.0
1,7,1519633908289000,32.0
1,7,1519633909100000,31.0
1,7,1519633909849000,30.0
1,7,1519633910751000,26.0
1,7,1519633911500000,24.0
1,7,1519633912248000,22.0
1,7,1519633913000000,21.0
1,7,1519633913751000,19.0
1,7,1519633914499000,18.0
1,7,1519633915339000,17.0
1,7,1519633916088000,15.0
1,7,1519633916839000,13.0
1,7,1519633917619000,8.0
1,7,1519633918549000,5.0
1,7,1519633919449999,4.0
1,7,1519633921157000,9.0
1,7,1519633922059000,16.0
1,7,1519633922960000,17.0
1,7,1519633924759000,13.0
1,7,1519633925659000,9.0
1,7,1519633926559000,5.0
1,7,1519633927459000,1.0
1,7,1519633928358000,0.0
1,7,1519633975462000,4.0
1,7,1519633976301000,9.0
1,7,1519633977171000,16.0
1,7,1519633977984000,19.0
1,7,1519633978911000,21.0
1,7,1519633979783000,24.0
1,7,1519633980623000,25.0
1,7,1519633981401999,27.0
1,7,1519633983952000,28.0
1,7,1519633985721000,30.0
1,7,1519633987521000,28.0
1,7,1519633988391000,26.0
1,7,1519633989321000,23.0
1,7,1519633990221000,22.0
1,7,1519633991121000,21.0
1,7,1519633991992000,19.0
1,7,1519633992861000,17.0
1,7,1519633993731000,15.0
1,7,1519633994573000,16.0
1,7,1519633995411000,18.0
1,7,1519633996222000,19.0
1,7,1519634000121000,18.0
1,7,1519634000873000,16.0
1,7,1519634001624000,15.0
1,7,1519634002373000,14.0
1,7,1519634003963000,12.0
1,7,1519634004712000,11.0
1,7,1519634005461000,10.0
1,7,1519634006211000,9.0
1,7,1519634007712000,8.0
1,7,1519634008520000,7.0
1,7,1519634010111000,9.0
1,7,1519634010862000,11.0
1,7,1519634012422000,12.0
1,7,1519634013200000,14.0
1,7,1519634014041000,15.0
1,7,1519634015601000,14.0
1,7,1519634017100000,13.0
1,7,1519634018664000,11.0
1,7,1519634019414000,9.0
1,7,1519634020161000,6.0
1,7,1519634021001999,4.0
1,7,1519634021902000,3.0
1,7,1519634023551000,4.0
1,7,1519634024301000,7.0
1,7,1519634025051000,9.0
1,7,1519634025803000,10.0
1,7,1519634026552000,11.0
1,7,1519634027301000,10.0
1,7,1519634028051000,9.0
1,7,1519634028951000,8.0
1,7,1519634029702000,7.0
1,7,1519634030451000,6.0
1,7,1519634032249999,5.0
1,7,1519634033152000,6.0
1,7,1519634034081000,9.0
1,7,1519634034981000,8.0
1,7,1519634036781000,7.0
1,7,1519634038580000,6.0
1,7,1519634040381000,5.0
1,7,1519634041281000,1.0
1,7,1519634042180000,0.0
1,7,1519634054991000,1.0
1,7,1519634055891000,7.0
1,7,1519634056790000,15.0
1,7,1519634057720000,20.0
1,7,1519634058621000,21.0
1,7,1519634059521000,24.0
1,7,1519634060449999,27.0
1,7,1519634061351000,28.0
1,7,1519634063150000,27.0
1,7,1519634064080000,25.0
1,7,1519634064981000,23.0
1,7,1519634065881000,20.0
1,7,1519634066780000,15.0
1,7,1519634067680000,9.0
1,7,1519634068647000,3.0
1,7,1519634069569999,2.0
1,7,1519634070471000,1.0
1,7,1519634071371000,2.0
1,7,1519634072269000,3.0
1,7,1519634073171000,5.0
1,7,1519634074100000,8.0
1,7,1519634075000000,11.0
1,7,1519634076889999,9.0
1,7,1519634077791000,8.0
1,7,1519634078689999,11.0
1,7,1519634079592000,17.0
1,7,1519634080489999,19.0
1,7,1519634081360000,22.0
1,7,1519634082260000,24.0
1,7,1519634083129999,26.0
1,7,1519634084032000,27.0
1,7,1519634084961000,26.0
1,7,1519634085832000,22.0
1,7,1519634086733000,12.0
1,7,1519634087630000,4.0
1,7,1519634088531000,1.0
1,7,1519634089401000,0.0
1,7,1519634092044000,2.0
1,7,1519634092880000,6.0
1,7,1519634093692000,9.0
1,7,1519634095431000,8.0
1,7,1519634096271000,5.0
1,7,1519634097079000,3.0
1,7,1519634099420000,5.0
1,7,1519634101971000,8.0
1,7,1519634102870000,9.0
1,7,1519634103769999,8.0
1,7,1519634104640000,7.0
1,7,1519634105540000,5.0
1,7,1519634106380000,4.0
1,7,1519634108063000,6.0
1,7,1519634108991000,8.0
1,7,1519634109893000,9.0
1,7,1519634110731000,11.0
1,7,1519634112321000,12.0
1,7,1519634113129999,13.0
1,7,1519634114780000,14.0
1,7,1519634119437000,13.0
1,7,1519634120932000,12.0
1,7,1519634121681000,11.0
1,7,1519634122520000,9.0
1,7,1519634123273000,7.0
1,7,1519634124769999,8.0
1,7,1519634125520000,7.0
1,7,1519634127020000,6.0
1,7,1519634129360000,5.0
1,7,1519634131609999,4.0
1,7,1519634132361999,3.0
1,7,1519634133201999,1.0
1,7,1519634134070000,0.0
1,7,1519634139409999,1.0
1,7,1519634143220000,2.0
1,7,1519634144809999,1.0
1,7,1519634145560000,0.0
1,7,1519634147060000,3.0
1,7,1519634148649999,0.0
1,7,1519634151352000,1.0
1,7,1519634152251000,2.0
1,7,1519634153152000,1.0
1,7,1519634155881000,2.0
1,7,1519634157680000,1.0
1,7,1519634159539000,0.0
1,7,1519634164099000,1.0
1,7,1519634165899000,0.0
1,9,1519629356439000,-8.0
1,9,1519629356620000,-7.0
1,9,1519629363878000,4.0
1,9,1519629364838000,3.0
1,9,1519629366668000,2.0
1,9,1519629368468000,1.0
1,9,1519629369398000,0.0
1,9,1519629370299000,1.0
1,9,1519629371198000,0.0
1,9,1519629373869000,-1.0
1,9,1519629377470000,-2.0
1,9,1519629380199000,0.0
1,9,1519629381097999,3.0
1,9,1519629382928000,2.0
1,9,1519629383828000,-1.0
1,9,1519629384728000,1.0
1,9,1519629385628000,3.0
1,9,1519629386528000,1.0
1,9,1519629387428000,2.0
1,9,1519629388327000,4.0
1,9,1519629389228000,2.0
1,9,1519629390128000,-2.0
1,9,1519629391928000,1.0
1,9,1519629392830000,3.0
1,9,1519629393728000,1.0
1,9,1519629394628000,-3.0
1,9,1519629396489000,-1.0
1,9,1519629398288000,-2.0
1,9,1519629400088000,-3.0
1,9,1519629400988000,-4.0
1,9,1519629401918000,-5.0
1,9,1519629402817999,-6.0
1,9,1519629404648000,-5.0
1,9,1519629405548000,-1.0
1,9,1519629406449000,1.0
1,9,1519629408248000,-4.0
1,9,1519629409147000,-6.0
1,9,1519629412777999,-5.0
1,9,1519629417278000,-4.0
1,9,1519629429788000,-1.0
1,9,1519629431558000,1.0
1,9,1519629432457999,4.0
1,9,1519629433357000,2.0
1,9,1519629434228000,4.0
1,9,1519629435071000,6.0
1,9,1519629435968000,4.0
1,9,1519629436838000,2.0
1,9,1519629437737999,3.0
1,9,1519629438577999,0.0
1,9,1519629439419000,-2.0
1,9,1519629440257999,-3.0
1,9,1519629442057999,-4.0
1,9,1519629443768000,-6.0
1,9,1519629444518000,-2.0
1,9,1519629445358000,-1.0
1,9,1519629447008000,-2.0
1,9,1519629447758000,-5.0
1,9,1519629448508000,-3.0
1,9,1519629450009000,-1.0
1,9,1519629452497999,-2.0
1,9,1519629453337999,1.0
1,9,1519629454238000,2.0
1,9,1519629455168000,1.0
1,9,1519629456008000,-2.0
1,9,1519629456848000,-8.0
1,9,1519629457718000,-7.0
1,9,1519629459398000,-6.0
1,9,1519629463359000,-4.0
1,9,1519629464108000,0.0
1,9,1519629464860000,1.0
1,9,1519629465668000,-1.0
1,9,1519629466510000,-6.0
1,9,1519629468009000,-3.0
1,9,1519629468760000,1.0
1,9,1519629469598000,4.0
1,9,1519629470409999,2.0
1,9,1519629471248000,1.0
1,9,1519629471998000,4.0
1,9,1519629474248000,0.0
1,9,1519629474998000,2.0
1,9,1519629475748000,0.0
1,9,1519629476497000,-4.0
1,9,1519629477998000,-3.0
1,9,1519629478748000,-4.0
1,9,1519629480248000,-5.0
1,9,1519629482828000,-3.0
1,9,1519629484448000,-1.0
1,9,1519629485948000,0.0
1,9,1519629486700000,1.0
1,9,1519629487449999,2.0
1,9,1519629488199000,0.0
1,9,1519629488949000,-1.0
1,9,1519629495937000,1.0
1,9,1519629497737000,-2.0
1,9,1519629499537000,-1.0
1,9,1519629500437000,0.0
1,9,1519629501398000,-2.0
1,9,1519629502297000,-3.0
1,9,1519629508657000,0.0
1,9,1519629509557000,-1.0
1,9,1519629510457000,-4.0
1,9,1519629512257000,-2.0
1,9,1519629520507000,-5.0
1,9,1519629521407000,-6.0
1,9,1519629522307000,-7.0
1,9,1519629524107000,-8.0
1,9,1519629529568000,-7.0
1,9,1519629531367000,-6.0
1,9,1519629533167000,-4.0
1,9,1519629534067000,-1.0
1,9,1519629535867000,-4.0
1,9,1519629537667000,-5.0
1,9,1519629541327000,-4.0
1,9,1519629589207000,-5.0
1,9,1519629592268000,-4.0
1,9,1519629598297000,-5.0
1,9,1519629615071000,-7.0
1,9,1519629615997000,-4.0
1,9,1519629617857000,-3.0
1,9,1519629618757000,-4.0
1,9,1519629621457000,-5.0
1,9,1519629628745999,-4.0
1,9,1519629631447000,-5.0
1,9,1519629633247000,-4.0
1,9,1519629634145999,-5.0
1,9,1519629637806000,-4.0
1,9,1519629646777000,-5.0
1,9,1519629648545999,-4.0
1,9,1519629649446000,-5.0
1,9,1519629666366000,-6.0
1,9,1519629677288000,-7.0
1,9,1519629682025999,-6.0
1,9,1519629683526000,-5.0
1,9,1519629685086000,-6.0
1,9,1519629688505999,-7.0
1,9,1519629690127000,-8.0
1,9,1519629693278000,-7.0
1,9,1519629694028000,-6.0
1,9,1519629701016000,-7.0
1,9,1519629704766000,-6.0
1,9,1519629706268000,-7.0
1,9,1519629710825999,-6.0
1,9,1519629713077000,-8.0
1,9,1519629714577000,-7.0
1,9,1519629719857000,-5.0
1,9,1519629723486000,-6.0
1,9,1519629726216000,-7.0
1,9,1519629728046000,-6.0
1,9,1519629731676000,-7.0
1,9,1519629737105999,-6.0
1,9,1519629739806000,-8.0
1,9,1519629740736000,-6.0
1,9,1519629741636000,-7.0
1,9,1519629748836000,-6.0
1,9,1519629752436000,-7.0
1,9,1519629758796000,-6.0
1,9,1519629763296000,-7.0
1,9,1519629771366000,-8.0
1,9,1519629772268000,-7.0
1,9,1519629780215000,-8.0
1,9,1519629784625000,-7.0
1,9,1519629785497000,-6.0
1,9,1519629788135000,-7.0
1,9,1519629793325000,-8.0
1,9,1519629796447000,-9.0
1,9,1519629798697000,-8.0
1,9,1519629800196000,-11.0
1,9,1519629801035000,-8.0
1,9,1519629802535000,-6.0
1,9,1519629803345000,-5.0
1,9,1519629804185000,-6.0
1,9,1519629806675000,-7.0
1,9,1519629807487000,-8.0
1,9,1519629808295000,-9.0
1,9,1519629809136000,-8.0
1,9,1519629809975000,-6.0
1,9,1519629811535000,-9.0
1,9,1519629812287000,-7.0
1,9,1519629813038000,-4.0
1,9,1519629815375000,-5.0
1,9,1519629817627000,-4.0
1,9,1519629819937000,-8.0
1,9,1519629821436000,-6.0
1,9,1519629822937000,-11.0
1,9,1519629823687000,-7.0
1,9,1519629825185999,-6.0
1,9,1519629825937000,-7.0
1,9,1519629828185000,-8.0
1,9,1519629828937000,-10.0
1,9,1519629829687000,-9.0
1,9,1519629830438000,-8.0
1,9,1519629832955000,-7.0
1,9,1519629844895000,-8.0
1,9,1519629845825000,-11.0
1,9,1519629846725000,-9.0
1,9,1519629847625000,-8.0
1,9,1519629849455000,-9.0
1,9,1519629850355000,-10.0
1,9,1519629851285000,-9.0
1,9,1519629853088000,-11.0
1,9,1519629853985000,-8.0
1,9,1519629854886000,-7.0
1,9,1519629857615000,-8.0
1,9,1519629863975000,-10.0
1,9,1519629866737000,-8.0
1,9,1519629867636000,-6.0
1,9,1519629868536000,-7.0
1,9,1519629869436000,-10.0
1,9,1519629871295000,-9.0
1,9,1519629872195000,-7.0
1,9,1519629873997000,-5.0
1,9,1519629875795000,-6.0
1,9,1519629876697000,-8.0
1,9,1519629877597000,-6.0
1,9,1519629878465999,-5.0
1,9,1519629879366000,-6.0
1,9,1519629882036000,-8.0
1,9,1519629885606000,-10.0
1,9,1519629888996000,-9.0
1,9,1519629889836000,-8.0
1,9,1519629890705999,-7.0
1,9,1519629893376000,-8.0
1,9,1519629896046000,-7.0
1,9,1519629896916000,-6.0
1,9,1519629897816000,-7.0
1,9,1519629899585999,-8.0
1,9,1519629900457999,-9.0
1,9,1519629902165000,-8.0
1,9,1519629903007000,-7.0
1,9,1519629904745999,-8.0
1,9,1519629906428000,-7.0
1,9,1519629908945999,-6.0
1,9,1519629909696000,-5.0
1,9,1519629910446000,-4.0
1,9,1519629911257999,-3.0
1,9,1519629912008000,-4.0
1,9,1519629912759000,-8.0
1,9,1519629913536000,-7.0
1,9,1519629915095000,-5.0
1,9,1519629915907000,-6.0
1,9,1519629916657000,-8.0
1,9,1519629917407000,-9.0
1,9,1519629918908000,-8.0
1,9,1519629934836000,-7.0
1,9,1519629940985999,-8.0
1,9,1519629943236000,-7.0
1,9,1519629950585999,-4.0
1,9,1519629952415000,-5.0
1,9,1519629957876000,-6.0
1,9,1519629960576000,-8.0
1,9,1519629961505999,-12.0
1,9,1519629962406000,-9.0
1,9,1519629963336000,-8.0
1,9,1519629964236000,-6.0
1,9,1519629965135000,-5.0
1,9,1519629966965000,-7.0
1,9,1519629967865999,-10.0
1,9,1519629968766000,-5.0
1,9,1519629970567000,-6.0
1,9,1519629972455000,-7.0
1,9,1519629974255000,-10.0
1,9,1519629975155000,-11.0
1,9,1519629976113999,-7.0
1,9,1519629977016000,-5.0
1,9,1519629979745000,-6.0
1,9,1519629980645000,-9.0
1,9,1519629981545000,-11.0
1,9,1519629982445000,-10.0
1,9,1519629983345000,-11.0
1,9,1519629984245000,-10.0
1,9,1519629985145000,-9.0
1,9,1519629986945000,-8.0
1,9,1519629989705000,-7.0
1,9,1519629992465999,-6.0
1,9,1519629993366000,-4.0
1,9,1519629994236000,-5.0
1,9,1519629996094000,-8.0
1,9,1519629997025999,-9.0
1,9,1519630001465000,-8.0
1,9,1519630003204000,-9.0
1,9,1519630004046000,-8.0
1,9,1519630007465000,-7.0
1,9,1519630008334000,-6.0
1,9,1519630010104000,-7.0
1,9,1519630011005000,-6.0
1,9,1519630012775000,-5.0
1,9,1519630013676000,-3.0
1,9,1519630014545000,-6.0
1,9,1519630023153999,-4.0
1,9,1519630023965000,-6.0
1,9,1519630024718000,-7.0
1,9,1519630026305999,-6.0
1,9,1519630033868000,-5.0
1,9,1519630038607000,-6.0
1,9,1519630041005000,-7.0
1,9,1519630041756000,-6.0
1,9,1519630047845000,-5.0
1,9,1519630049345000,-4.0
1,9,1519630050094000,-5.0
1,9,1519630050845000,-6.0
1,9,1519630054655000,-5.0
1,9,1519630059245000,-3.0
1,9,1519630060747000,-6.0
1,9,1519630073165000,-8.0
1,9,1519630074065000,-7.0
1,9,1519630074966000,-6.0
1,9,1519630075895000,-5.0
1,9,1519630077695000,-4.0
1,9,1519630078593999,-3.0
1,9,1519630082285000,-6.0
1,9,1519630083183000,-5.0
1,9,1519630084084000,-6.0
1,9,1519630086785000,-3.0
1,9,1519630089515000,-4.0
1,9,1519630091313999,-8.0
1,9,1519630092246000,-7.0
1,9,1519630093144000,-5.0
1,9,1519630094045000,-4.0
1,9,1519630096774000,-3.0
1,9,1519630099505000,-4.0
1,9,1519630100405000,-5.0
1,9,1519630101305000,-6.0
1,9,1519630102204000,-3.0
1,9,1519630103104000,-2.0
1,9,1519630104035000,-3.0
1,9,1519630104935000,-5.0
1,9,1519630105833999,-7.0
1,9,1519630110393999,-6.0
1,9,1519630114113999,-5.0
1,9,1519630115015000,-4.0
1,9,1519630118615000,-5.0
1,9,1519630119544000,-6.0
1,9,1519630122124000,-4.0
1,9,1519630123804000,-6.0
1,9,1519630131875000,-5.0
1,9,1519630132804000,-3.0
1,9,1519630133673999,-8.0
1,9,1519630135325000,-4.0
1,9,1519630136224000,-3.0
1,9,1519630137995000,-4.0
1,9,1519630139677000,-5.0
1,9,1519630140513999,-6.0
1,9,1519630141326000,-11.0
1,9,1519630144476000,-10.0
1,9,1519630146126000,-8.0
1,9,1519630146876000,-7.0
1,9,1519630148377000,-6.0
1,9,1519630149124000,-7.0
1,9,1519630149876000,-8.0
1,9,1519630150625999,-7.0
1,9,1519630152213000,-6.0
1,9,1519630153924000,-5.0
1,9,1519630154767000,-3.0
1,9,1519630155604000,-2.0
1,9,1519630156444000,-4.0
1,9,1519630157164000,-7.0
1,9,1519630158005000,-8.0
1,9,1519630168113999,-7.0
1,9,1519630168865999,-8.0
1,9,1519630170366000,-7.0
1,9,1519630172616000,-6.0
1,9,1519630173365000,-7.0
1,9,1519630174953999,-6.0
1,9,1519630175715000,-7.0
1,9,1519630176454000,-6.0
1,9,1519630179964000,-7.0
1,9,1519630180865000,-6.0
1,9,1519630181764000,-5.0
1,9,1519630183564000,-4.0
1,9,1519630185364000,-6.0
1,9,1519630188064000,-7.0
1,9,1519630189864000,-6.0
1,9,1519630192595000,-7.0
1,9,1519630193524000,-5.0
1,9,1519630194424000,-6.0
1,9,1519630195324000,-5.0
1,9,1519630199853000,-4.0
1,9,1519630200753000,-5.0
1,9,1519630203513000,-6.0
1,9,1519630208103000,-5.0
1,9,1519630209004000,-4.0
1,9,1519630210804000,-5.0
1,9,1519630211733000,-3.0
1,9,1519630212633999,-2.0
1,9,1519630213533000,-4.0
1,9,1519630214433999,-5.0
1,9,1519630215333000,-4.0
1,9,1519630216233999,-5.0
1,9,1519630218033000,-6.0
1,9,1519630219863000,-3.0
1,9,1519630220764000,-2.0
1,9,1519630221695000,-3.0
1,9,1519630222624000,-4.0
1,9,1519630227094000,-3.0
1,9,1519630230692000,-4.0
1,9,1519630231623000,2.0
1,9,1519630232463000,3.0
1,9,1519630233333000,-1.0
1,9,1519630235044000,0.0
1,9,1519630235883000,-2.0
1,9,1519630238345000,-1.0
1,9,1519630239183000,0.0
1,9,1519630241734000,1.0
1,9,1519630244374000,0.0
1,9,1519630245241999,1.0
1,9,1519630247853000,0.0
1,9,1519630265432000,1.0
1,9,1519630266272000,2.0
1,9,1519630267023000,1.0
1,9,1519630269273999,-2.0
1,9,1519630270025999,-6.0
1,9,1519630270863000,-5.0
1,9,1519630271675000,-3.0
1,9,1519630272425000,-1.0
1,9,1519630273924000,-2.0
1,9,1519630274675000,-1.0
1,9,1519630279263000,-2.0
1,9,1519630287664000,0.0
1,9,1519630288413000,-2.0
1,9,1519630289222000,-4.0
1,9,1519630291563000,-3.0
1,9,1519630296964000,-2.0
1,9,1519630297864000,-3.0
1,9,1519630298764000,-2.0
1,9,1519630299664000,-1.0
1,9,1519630300595000,0.0
1,9,1519630301553999,-1.0
1,9,1519630303356000,-2.0
1,9,1519630306985000,-1.0
1,9,1519630308813000,0.0
1,9,1519630309744000,-1.0
1,9,1519630311604000,0.0
1,9,1519630313433999,1.0
1,9,1519630314334000,2.0
1,9,1519630315233999,3.0
1,9,1519630316164000,-1.0
1,9,1519630317064000,-4.0
1,9,1519630317964000,-3.0
1,9,1519630318864000,-2.0
1,9,1519630319764000,-1.0
1,9,1519630320664000,-2.0
1,9,1519630322494000,-3.0
1,9,1519630323393999,-2.0
1,9,1519630325193000,-1.0
1,9,1519630327025999,1.0
1,9,1519630331525000,2.0
1,9,1519630332425999,1.0
1,9,1519630339624000,0.0
1,9,1519630341393999,-1.0
1,9,1519630343163000,-2.0
1,9,1519630344063000,-1.0
1,9,1519630344934000,0.0
1,9,1519630345833999,4.0
1,9,1519630347604000,3.0
1,9,1519630348444000,-1.0
1,9,1519630349343000,0.0
1,9,1519630351864000,1.0
1,9,1519630353543000,0.0
1,9,1519630355223000,1.0
1,9,1519630357747000,-1.0
1,9,1519630362153000,1.0
1,9,1519630367256000,0.0
1,9,1519630371184000,1.0
1,9,1519630373496000,2.0
1,9,1519630374995000,3.0
1,9,1519630375745999,2.0
1,9,1519630376584000,-1.0
1,9,1519630377334000,0.0
1,9,1519630378084000,-1.0
1,9,1519630378833999,-2.0
1,9,1519630380334000,0.0
1,9,1519630381985000,1.0
1,9,1519630384233999,0.0
1,9,1519630384983000,-2.0
1,9,1519630388974000,-1.0
1,9,1519630392723000,-2.0
1,9,1519630395123000,0.0
1,9,1519630395873999,1.0
1,9,1519630396687000,0.0
1,9,1519630398185000,-1.0
1,9,1519630399685000,-2.0
1,9,1519630400435000,-7.0
1,9,1519630401334000,-5.0
1,9,1519630402088000,0.0
1,9,1519630403585999,1.0
1,9,1519630405083000,0.0
1,9,1519630405835000,-1.0
1,9,1519630407543000,-2.0
1,9,1519630409403000,-3.0
1,9,1519630411203000,-9.0
1,9,1519630412103000,-6.0
1,9,1519630413005000,-1.0
1,9,1519630415737000,-2.0
1,9,1519630416694000,-4.0
1,9,1519630417653000,-6.0
1,9,1519630421343000,-5.0
1,9,1519630422243000,-4.0
1,9,1519630424044000,-3.0
1,9,1519630424944000,-2.0
1,9,1519630425843000,-1.0
1,9,1519630426773000,-2.0
1,9,1519630427703000,-5.0
1,9,1519630428603000,-3.0
1,9,1519630429533000,-2.0
1,9,1519630430433000,-5.0
1,9,1519630431393000,-6.0
1,9,1519630432294000,-5.0
1,9,1519630435055000,-4.0
1,9,1519630437815000,-3.0
1,9,1519630439613000,-2.0
1,9,1519630441473999,-1.0
1,9,1519630445072000,-2.0
1,9,1519630445972000,-3.0
1,9,1519630446903000,-2.0
1,9,1519630447803000,0.0
1,9,1519630448703000,-3.0
1,9,1519630453232000,-2.0
1,9,1519630454133000,-4.0
1,9,1519630455032000,-8.0
1,9,1519630455933000,-3.0
1,9,1519630456864000,0.0
1,9,1519630457793000,-2.0
1,9,1519630458693000,-1.0
1,9,1519630462352000,-3.0
1,9,1519630463252000,-2.0
1,9,1519630464153000,0.0
1,9,1519630465053000,-4.0
1,9,1519630466766000,-3.0
1,9,1519630467633999,-2.0
1,9,1519630468473000,-1.0
1,9,1519630469313000,0.0
1,9,1519630470152000,-2.0
1,9,1519630470965000,-5.0
1,9,1519630471804000,-4.0
1,9,1519630475792000,-3.0
1,9,1519630476664000,-2.0
1,9,1519630477563000,-1.0
1,9,1519630478403000,-2.0
1,9,1519630479243000,-4.0
1,9,1519630480142000,-1.0
1,9,1519630481013000,-2.0
1,9,1519630483593000,-3.0
1,9,1519630484433000,-6.0
1,9,1519630485244000,-5.0
1,9,1519630486744000,-3.0
1,9,1519630488244000,-8.0
1,9,1519630489743000,-4.0
1,9,1519630490493000,-1.0
1,9,1519630491302000,-5.0
1,9,1519630492054000,-4.0
1,9,1519630492803000,-3.0
1,9,1519630493613000,-2.0
1,9,1519630495956000,-3.0
1,9,1519630496793000,-4.0
1,9,1519630497542000,-3.0
1,9,1519630502855000,-2.0
1,9,1519630504382000,-1.0
1,9,1519630505132000,-2.0
1,9,1519630505881999,-3.0
1,9,1519630506693000,-2.0
1,9,1519630507443000,-5.0
1,9,1519630508195000,-6.0
1,9,1519630508943000,-5.0
1,9,1519630511252000,-3.0
1,9,1519630512843000,-1.0
1,9,1519630515093000,-2.0
1,9,1519630516683000,-3.0
1,9,1519630522952000,-4.0
1,9,1519630526582000,-3.0
1,9,1519630530241999,-1.0
1,9,1519630531142000,-3.0
1,9,1519630532041999,-4.0
1,9,1519630533872000,-5.0
1,9,1519630534803000,-6.0
1,9,1519630535702000,-5.0
1,9,1519630539303000,-4.0
1,9,1519630541102000,-3.0
1,9,1519630542033000,-2.0
1,9,1519630543864000,-3.0
1,9,1519630545693000,-6.0
1,9,1519630546623000,-5.0
1,9,1519630549323000,-4.0
1,9,1519630550251000,-3.0
1,9,1519630551152000,-2.0
1,9,1519630552081999,-3.0
1,9,1519630556612000,-5.0
1,9,1519630559312000,-4.0
1,9,1519630562043000,-3.0
1,9,1519630564801999,-2.0
1,9,1519630565704000,-1.0
1,9,1519630566603000,-4.0
1,9,1519630567502000,-2.0
1,9,1519630568401999,-4.0
1,9,1519630569302000,-7.0
1,9,1519630570201999,-6.0
1,9,1519630571102000,-5.0
1,9,1519630572003000,-4.0
1,9,1519630572904000,-3.0
1,9,1519630573803000,-2.0
1,9,1519630574673000,-3.0
1,9,1519630575573000,-5.0
1,9,1519630577313999,-6.0
1,9,1519630579862000,-5.0
1,9,1519630589673999,-4.0
1,9,1519630592342000,-5.0
1,9,1519630599063000,-7.0
1,9,1519630600772000,-6.0
1,9,1519630603201999,-5.0
1,9,1519630603952000,-4.0
1,9,1519630604701000,-5.0
1,9,1519630606201999,-4.0
1,9,1519630606952000,-3.0
1,9,1519630610701000,-4.0
1,9,1519630612263000,-5.0
1,9,1519630613013000,-7.0
1,9,1519630616013000,-6.0
1,9,1519630617601999,-5.0
1,9,1519630629903000,-6.0
1,9,1519630630653000,-5.0
1,9,1519630634491000,-6.0
1,9,1519630645381000,-5.0
1,9,1519630646281000,-3.0
1,9,1519630648981000,-4.0
1,9,1519630651681999,-5.0
1,9,1519630654381000,-7.0
1,9,1519630655281000,-8.0
1,9,1519630658941000,-7.0
1,9,1519630659841000,-6.0
1,9,1519630665271000,-7.0
1,9,1519630666171000,-5.0
1,9,1519630668001000,-6.0
1,9,1519630668904000,-5.0
1,9,1519630669801000,-4.0
1,9,1519630670701000,-3.0
1,9,1519630671661000,-4.0
1,9,1519630672561999,-5.0
1,9,1519630673461000,-6.0
1,9,1519630679761000,-7.0
1,9,1519630682491000,-6.0
1,9,1519630686992000,-7.0
1,9,1519630690591000,-6.0
1,9,1519630691461000,-5.0
1,9,1519630693200000,-6.0
1,9,1519630695781000,-5.0
1,9,1519630696621000,-6.0
1,9,1519630697461000,-3.0
1,9,1519630699171000,-6.0
1,9,1519630700881999,-4.0
1,9,1519630701632000,-6.0
1,9,1519630703281000,-4.0
1,9,1519630704032000,-3.0
1,9,1519630705531000,-4.0
1,9,1519630706341000,-5.0
1,9,1519630708981000,-3.0
1,9,1519630710723000,-2.0
1,9,1519630711651000,-1.0
1,9,1519630713361999,-2.0
1,9,1519630715821000,-8.0
1,9,1519630716661000,-5.0
1,9,1519630717471000,-4.0
1,9,1519630718221000,-5.0
1,9,1519630718971000,-4.0
1,9,1519630720473000,-3.0
1,9,1519630722723000,-8.0
1,9,1519630724222000,-5.0
1,9,1519630724973000,-8.0
1,9,1519630725721999,-9.0
1,9,1519630726561000,-8.0
1,9,1519630727311000,-6.0
1,9,1519630728121000,-5.0
1,9,1519630728872000,-4.0
1,9,1519630730521999,-5.0
1,9,1519630732860000,-6.0
1,9,1519630734361999,-5.0
1,9,1519630745764000,-4.0
1,9,1519630747350000,-3.0
1,9,1519630748100000,-4.0
1,9,1519630753500000,-5.0
1,9,1519630759800000,-4.0
1,9,1519630760731000,-5.0
1,9,1519630761660000,-7.0
1,9,1519630763461000,-8.0
1,9,1519630765260000,-7.0
1,9,1519630766160000,-6.0
1,9,1519630767061000,-5.0
1,9,1519630779721999,-4.0
1,9,1519630780621000,-5.0
1,9,1519630781551000,-4.0
1,9,1519630782449999,-5.0
1,9,1519630783350000,-4.0
1,9,1519630797840000,-5.0
1,9,1519630801500000,-6.0
1,9,1519630804169999,-7.0
1,9,1519630805071000,-6.0
1,9,1519630809540000,-5.0
1,9,1519630811280000,-4.0
1,9,1519630816440000,-5.0
1,9,1519630817280000,-4.0
1,9,1519630821089999,-2.0
1,9,1519630823550000,-3.0
1,9,1519630826129000,-5.0
1,9,1519630827809999,-6.0
1,9,1519630831139000,-5.0
1,9,1519630839119000,-4.0
1,9,1519630840619000,-3.0
1,9,1519630841369999,-2.0
1,9,1519630843620000,-3.0
1,9,1519630845119000,-4.0
1,9,1519630847369000,-5.0
1,9,1519630852709000,-6.0
1,9,1519630855710000,-5.0
1,9,1519630865129000,-4.0
1,9,1519630866959000,-3.0
1,9,1519630869689000,-2.0
1,9,1519630872419000,-1.0
1,9,1519630875119000,-2.0
1,9,1519630879679000,-3.0
1,9,1519630884209000,-4.0
1,9,1519630891469000,-5.0
1,9,1519630893269000,-6.0
1,9,1519630896899000,-5.0
1,9,1519630905959000,-4.0
1,9,1519630937639000,-3.0
1,9,1519630949969999,-4.0
1,9,1519630950689000,-3.0
1,9,1519630952341000,-4.0
1,9,1519630986838000,-5.0
1,9,1519630992268000,-4.0
1,9,1519631002228000,-3.0
1,9,1519631014888000,-4.0
1,9,1519631017617999,-3.0
1,9,1519631019417999,-4.0
1,9,1519631032168000,-5.0
1,9,1519631041107000,-4.0
1,9,1519631041949000,-5.0
1,9,1519631043664000,-4.0
1,9,1519631049448000,-3.0
1,9,1519631051759000,-2.0
1,9,1519631055868000,-3.0
1,9,1519631056798000,-2.0
1,9,1519631057697999,-3.0
1,9,1519631067148000,-4.0
1,9,1519631077137000,-5.0
1,9,1519631087727000,-4.0
1,9,1519631088477000,-2.0
1,9,1519631089228000,-3.0
1,9,1519631089977999,-4.0
1,9,1519631117667000,-3.0
1,9,1519631118567000,-4.0
1,9,1519631166718000,-2.0
1,9,1519631167470000,-1.0
1,9,1519631168220000,-2.0
1,9,1519631169988000,-3.0
1,9,1519631171759000,-4.0
1,9,1519631172599000,-5.0
1,9,1519631173499000,-6.0
1,9,1519631174311000,-4.0
1,9,1519631183612000,-5.0
1,9,1519631202601999,-4.0
1,9,1519631214840000,-5.0
1,9,1519631222100000,-6.0
1,9,1519631223900000,-5.0
1,9,1519631224830000,-6.0
1,9,1519631228460000,-5.0
1,9,1519631233020000,-6.0
1,9,1519631234820000,-5.0
1,9,1519631240280000,-6.0
1,9,1519631241180000,-4.0
1,9,1519631243910000,-5.0
1,9,1519631245710000,-7.0
1,9,1519631246609999,-6.0
1,9,1519631248409000,-4.0
1,9,1519631251086000,-5.0
1,9,1519631251981000,-4.0
1,9,1519631280181000,-5.0
1,9,1519631282520000,-4.0
1,9,1519631283270000,-3.0
1,9,1519631289270000,-4.0
1,9,1519631297759000,-5.0
1,9,1519631315249999,-8.0
1,9,1519631315999000,-7.0
1,9,1519631316899000,-6.0
1,9,1519631318699000,-7.0
1,9,1519631320500000,-8.0
1,9,1519631321400000,-5.0
1,9,1519631324999000,-7.0
1,9,1519631326799000,-6.0
1,9,1519631329499000,-5.0
1,9,1519631332229000,-4.0
1,9,1519631334929000,-6.0
1,9,1519631339429000,-5.0
1,9,1519631340329000,-6.0
1,9,1519631343029000,-7.0
1,9,1519631344829000,-6.0
1,9,1519631345729000,-5.0
1,9,1519631346688000,-4.0
1,9,1519631347589000,-6.0
1,9,1519631348489000,-5.0
1,9,1519631349389000,-4.0
1,9,1519631350289000,-6.0
1,9,1519631351189000,-7.0
1,9,1519631353019000,-6.0
1,9,1519631353919000,-4.0
1,9,1519631354819000,-2.0
1,9,1519631360280000,-3.0
1,9,1519631366609000,-4.0
1,9,1519631367539000,-6.0
1,9,1519631372039000,-5.0
1,9,1519631372939000,-4.0
1,9,1519631381009000,-3.0
1,9,1519631382838000,-2.0
1,9,1519631383679000,-3.0
1,9,1519631387939000,-4.0
1,9,1519631388689999,-5.0
1,9,1519631392590000,-4.0
1,9,1519631394118000,-3.0
1,9,1519631396399000,-5.0
1,9,1519631401380000,-7.0
1,9,1519631406271000,-6.0
1,9,1519631407830000,-5.0
1,9,1519631410919000,-4.0
1,9,1519631413230000,-3.0
1,9,1519631415480000,-4.0
1,9,1519631416230000,-5.0
1,9,1519631417068000,-6.0
1,9,1519631419318000,-5.0
1,9,1519631420817999,-4.0
1,9,1519631422380000,-3.0
1,9,1519631423879000,-4.0
1,9,1519631424630000,-5.0
1,9,1519631432221000,-6.0
1,9,1519631434588000,-4.0
1,9,1519631435488000,-5.0
1,9,1519631438188000,-4.0
1,9,1519631439089000,-3.0
1,9,1519631439989000,-4.0
1,9,1519631440889000,-7.0
1,9,1519631442689000,-5.0
1,9,1519631445389000,-6.0
1,9,1519631447248000,-2.0
1,9,1519631449048000,-4.0
1,9,1519631449949000,-7.0
1,9,1519631450848000,-5.0
1,9,1519631456248000,-4.0
1,9,1519631457177999,-3.0
1,9,1519631461709000,-4.0
1,9,1519631463508000,-2.0
1,9,1519631464408000,-1.0
1,9,1519631466208000,-3.0
1,9,1519631467137999,-2.0
1,9,1519631470737999,-3.0
1,9,1519631472688000,-4.0
1,9,1519631473587000,-3.0
1,9,1519631474489000,-4.0
1,9,1519631476288000,-6.0
1,9,1519631477187000,-7.0
1,9,1519631478988000,-5.0
1,9,1519631479889000,-4.0
1,9,1519631481688000,-5.0
1,9,1519631482588000,-6.0
1,9,1519631483460000,-7.0
1,9,1519631487057999,-5.0
1,9,1519631487958000,-3.0
1,9,1519631489699000,-4.0
1,9,1519631490598000,-5.0
1,9,1519631492428000,-4.0
1,9,1519631493297999,-3.0
1,9,1519631495037000,-4.0
1,9,1519631495937000,-5.0
1,9,1519631496808000,-6.0
1,9,1519631497708000,-5.0
1,9,1519631500319000,-4.0
1,9,1519631501999000,-5.0
1,9,1519631504337999,-4.0
1,9,1519631505088000,-3.0
1,9,1519631506649999,-2.0
1,9,1519631508987000,-4.0
1,9,1519631509798000,-5.0
1,9,1519631514597000,-3.0
1,9,1519631515439000,-2.0
1,9,1519631516278000,-1.0
1,9,1519631517839000,-2.0
1,9,1519631519339000,-4.0
1,9,1519631520238000,-5.0
1,9,1519631524227000,-4.0
1,9,1519631524977000,-5.0
1,9,1519631525726000,-4.0
1,9,1519631527377000,-3.0
1,9,1519631528127000,-2.0
1,9,1519631528939000,-3.0
1,9,1519631529689000,-4.0
1,9,1519631530438000,-5.0
1,9,1519631531189000,-6.0
1,9,1519631532027000,-5.0
1,9,1519631532777000,-4.0
1,9,1519631535777000,-2.0
1,9,1519631538088000,-3.0
1,9,1519631540339000,-4.0
1,9,1519631546127000,-3.0
1,9,1519631547897000,-5.0
1,9,1519631548797000,-2.0
1,9,1519631550627000,-3.0
1,9,1519631552457000,-4.0
1,9,1519631553357000,-6.0
1,9,1519631554257000,-4.0
1,9,1519631555185999,-2.0
1,9,1519631559687000,-3.0
1,9,1519631564276000,-4.0
1,9,1519631566107000,-5.0
1,9,1519631567037000,-6.0
1,9,1519631567937000,-7.0
1,9,1519631568837000,-6.0
1,9,1519631569737000,-5.0
1,9,1519631570667000,-4.0
1,9,1519631577897000,-6.0
1,9,1519631579697000,-5.0
1,9,1519631581497000,-4.0
1,9,1519631583327000,-5.0
1,9,1519631586063000,-4.0
1,9,1519631587017000,-3.0
1,9,1519631587917000,-5.0
1,9,1519631588817000,-6.0
1,9,1519631589717000,-7.0
1,9,1519631590617000,-6.0
1,9,1519631591518000,-5.0
1,9,1519631593287000,-4.0
1,9,1519631597668000,-5.0
1,9,1519631601297000,-6.0
1,9,1519631602227000,-5.0
1,9,1519631603997000,-4.0
1,9,1519631604897000,-3.0
1,9,1519631605797000,-4.0
1,9,1519631608437000,-5.0
1,9,1519631611107000,-4.0
1,9,1519631612065999,-2.0
1,9,1519631613808000,-3.0
1,9,1519631618009999,-4.0
1,9,1519631626496000,-5.0
1,9,1519631632286000,-7.0
1,9,1519631633037000,-6.0
1,9,1519631634536000,-5.0
1,9,1519631635286000,-4.0
1,9,1519631636096000,-5.0
1,9,1519631640598000,-6.0
1,9,1519631642185999,-5.0
1,9,1519631643686000,-6.0
1,9,1519631645935000,-5.0
1,9,1519631648247000,-6.0
1,9,1519631652296000,-7.0
1,9,1519631653196000,-8.0
1,9,1519631654096000,-7.0
1,9,1519631654996000,-5.0
1,9,1519631656676000,-8.0
1,9,1519631657636000,-7.0
1,9,1519631658566000,-5.0
1,9,1519631659465999,-4.0
1,9,1519631660427000,-7.0
1,9,1519631662225999,-5.0
1,9,1519631664025999,-3.0
1,9,1519631664926000,-2.0
1,9,1519631665825999,-3.0
1,9,1519631666726000,-6.0
1,9,1519631667656000,-7.0
1,9,1519631670385999,-6.0
1,9,1519631671286000,-3.0
1,9,1519631674916000,-2.0
1,9,1519631676745000,-3.0
1,9,1519631683976000,-4.0
1,9,1519631701135000,-5.0
1,9,1519631712685000,-4.0
1,9,1519631716256000,-5.0
1,9,1519631717216000,-4.0
1,9,1519631727806000,-5.0
1,9,1519631728617000,-6.0
1,9,1519631729486000,-5.0
1,9,1519631735815000,-6.0
1,9,1519631737405000,-5.0
1,9,1519631746256000,-6.0
1,9,1519631747156000,-8.0
1,9,1519631747907000,-7.0
1,9,1519631748686000,-5.0
1,9,1519631754807000,-8.0
1,9,1519631760055000,-7.0
1,9,1519631761556000,-6.0
1,9,1519631763145000,-5.0
1,9,1519631764645000,-3.0
1,9,1519631765395000,-1.0
1,9,1519631767765000,-2.0
1,9,1519631773195000,-3.0
1,9,1519631779555000,-4.0
1,9,1519631786936000,-7.0
1,9,1519631787835000,-6.0
1,9,1519631788735000,-5.0
1,9,1519631789635000,-4.0
1,9,1519631790535000,-6.0
1,9,1519631793265999,-5.0
1,9,1519631797795000,-6.0
1,9,1519631798695000,-5.0
1,9,1519631799595000,-6.0
1,9,1519631800495000,-7.0
1,9,1519631801395000,-5.0
1,9,1519631803195000,-4.0
1,9,1519631804116000,-5.0
1,9,1519631814144000,-6.0
1,9,1519631815915000,-5.0
1,9,1519631818675000,-6.0
1,9,1519631820445000,-5.0
1,9,1519631821286000,-2.0
1,9,1519631824795000,-3.0
1,9,1519631827404000,-7.0
1,9,1519631828275000,-6.0
1,9,1519631832805000,-3.0
1,9,1519631836404000,-4.0
1,9,1519631839193000,-5.0
1,9,1519631840094000,-7.0
1,9,1519631841775000,-6.0
1,9,1519631843515000,-5.0
1,9,1519631844326000,-3.0
1,9,1519631845104000,-4.0
1,9,1519631845913999,-6.0
1,9,1519631847414000,-8.0
1,9,1519631848164000,-4.0
1,9,1519631848915000,-2.0
1,9,1519631849664000,-3.0
1,9,1519631851913999,-4.0
1,9,1519631855757000,-5.0
1,9,1519631856566000,-10.0
1,9,1519631859865999,-9.0
1,9,1519631861454000,-8.0
1,9,1519631864604000,-7.0
1,9,1519631865353999,-6.0
1,9,1519631866164000,-4.0
1,9,1519631866974000,-3.0
1,9,1519631870816000,0.0
1,9,1519631871566000,-1.0
1,9,1519631873065000,-5.0
1,9,1519631874566000,-4.0
1,9,1519631875316000,-3.0
1,9,1519631877654000,-2.0
1,9,1519631878404000,-3.0
1,9,1519631879904000,-4.0
1,9,1519631880654000,-5.0
1,9,1519631881404000,-3.0
1,9,1519631882153999,-2.0
1,9,1519631882904000,-4.0
1,9,1519631883654000,-5.0
1,9,1519631885155000,-3.0
1,9,1519631885903000,-1.0
1,9,1519631886654000,-2.0
1,9,1519631887553999,-3.0
1,9,1519631888454000,-5.0
1,9,1519631889353999,-4.0
1,9,1519631890254000,-5.0
1,9,1519631891153999,-4.0
1,9,1519631892984000,-3.0
1,9,1519631893884000,-1.0
1,9,1519631895684000,-3.0
1,9,1519631897513000,-1.0
1,9,1519631899344000,-2.0
1,9,1519631903035000,-3.0
1,9,1519631903934000,-8.0
1,9,1519631904835000,-9.0
1,9,1519631905736000,-7.0
1,9,1519631906635000,-2.0
1,9,1519631908465999,-4.0
1,9,1519631910265999,-3.0
1,9,1519631912996000,-2.0
1,9,1519631913896000,-5.0
1,9,1519631914797000,-4.0
1,9,1519631915696000,-3.0
1,9,1519631918397000,-5.0
1,9,1519631919297000,-4.0
1,9,1519631920197000,-3.0
1,9,1519631921096000,-5.0
1,9,1519631922927000,-3.0
1,9,1519631925627000,-1.0
1,9,1519631926527000,1.0
1,9,1519631927487000,2.0
1,9,1519631928417000,1.0
1,9,1519631929317000,-3.0
1,9,1519631932107000,-4.0
1,9,1519631933007000,-3.0
1,9,1519631934807000,-6.0
1,9,1519631937507000,-3.0
1,9,1519631938407000,-4.0
1,9,1519631940207000,-3.0
1,9,1519631942877000,-5.0
1,9,1519631945547000,-4.0
1,9,1519631946447000,-1.0
1,9,1519631949147000,-2.0
1,9,1519631956827000,-3.0
1,9,1519631974977000,-4.0
1,9,1519631975727000,-6.0
1,9,1519631976479000,-5.0
1,9,1519631977979000,-4.0
1,9,1519631980228000,-1.0
1,9,1519631981729000,-2.0
1,9,1519631984729000,-3.0
1,9,1519631990067000,-4.0
1,9,1519631990817000,-6.0
1,9,1519631992381000,-5.0
1,9,1519631993877000,-4.0
1,9,1519631994629000,-2.0
1,9,1519631995377999,-3.0
1,9,1519631997717000,-4.0
1,9,1519631998467000,-7.0
1,9,1519631999219000,-6.0
1,9,1519632003508000,-5.0
1,9,1519632004377000,-4.0
1,9,1519632005277000,-2.0
1,9,1519632006177000,-5.0
1,9,1519632007105999,-6.0
1,9,1519632009807000,-5.0
1,9,1519632010707000,-4.0
1,9,1519632011637000,-6.0
1,9,1519632013467000,-1.0
1,9,1519632014368000,0.0
1,9,1519632015267000,-1.0
1,9,1519632016167000,-2.0
1,9,1519632017065999,-5.0
1,9,1519632017967000,-4.0
1,9,1519632018867000,-6.0
1,9,1519632019797000,-5.0
1,9,1519632020727000,-4.0
1,9,1519632021627000,-5.0
1,9,1519632022557000,-4.0
1,9,1519632027087000,-3.0
1,9,1519632027987000,-2.0
1,9,1519632030687000,-1.0
1,9,1519632035217000,-2.0
1,9,1519632039777000,-6.0
1,9,1519632040677000,-3.0
1,9,1519632041577000,-7.0
1,9,1519632044307000,-5.0
1,9,1519632045206000,-4.0
1,9,1519632047007000,-5.0
1,9,1519632047937000,-4.0
1,9,1519632050665999,-3.0
1,9,1519632051566000,-4.0
1,9,1519632052435000,-7.0
1,9,1519632053336000,-5.0
1,9,1519632054175000,-7.0
1,9,1519632055886000,-6.0
1,9,1519632056785000,-5.0
1,9,1519632058555000,-4.0
1,9,1519632059456000,-2.0
1,9,1519632070676000,-3.0
1,9,1519632071425999,-4.0
1,9,1519632072236000,-6.0
1,9,1519632073048000,-5.0
1,9,1519632073798000,-3.0
1,9,1519632074548000,-4.0
1,9,1519632075297999,-5.0
1,9,1519632077548000,-6.0
1,9,1519632081297000,-5.0
1,9,1519632085225999,-4.0
1,9,1519632086816000,-1.0
1,9,1519632087687000,0.0
1,9,1519632089187000,-1.0
1,9,1519632098425999,-2.0
1,9,1519632113846000,-3.0
1,9,1519632114776000,-4.0
1,9,1519632116576000,-3.0
1,9,1519632117536000,-4.0
1,9,1519632120236000,-5.0
1,9,1519632121136000,-4.0
1,9,1519632122036000,-3.0
1,9,1519632122966000,-4.0
1,9,1519632123865999,-3.0
1,9,1519632136526000,-4.0
1,9,1519632137456000,-5.0
1,9,1519632138355000,-2.0
1,9,1519632140155000,-3.0
1,9,1519632141056000,-5.0
1,9,1519632141956000,-4.0
1,9,1519632142856000,-2.0
1,9,1519632143756000,-1.0
1,9,1519632146455000,-3.0
1,9,1519632147385000,-1.0
1,9,1519632149185999,-2.0
1,9,1519632150085000,-6.0
1,9,1519632151885000,-7.0
1,9,1519632153745999,-6.0
1,9,1519632154645000,-3.0
1,9,1519632156445000,-4.0
1,9,1519632158305999,-6.0
1,9,1519632159205000,-11.0
1,9,1519632160078000,-6.0
1,9,1519632161005000,-5.0
1,9,1519632161905000,-2.0
1,9,1519632162745000,0.0
1,9,1519632163616000,-1.0
1,9,1519632166256000,-3.0
1,9,1519632168025000,-4.0
1,9,1519632168865000,-5.0
1,9,1519632169705000,-6.0
1,9,1519632170606000,-5.0
1,9,1519632171475000,-3.0
1,9,1519632172375000,0.0
1,9,1519632174145000,-4.0
1,9,1519632175915000,-3.0
1,9,1519632176785000,-4.0
1,9,1519632178615000,-5.0
1,9,1519632182035000,-4.0
1,9,1519632182875000,-3.0
1,9,1519632183745000,-2.0
1,9,1519632184615000,-1.0
1,9,1519632187885000,0.0
1,9,1519632189445000,-1.0
1,9,1519632193195000,0.0
1,9,1519632195445000,-1.0
1,9,1519632196945999,-2.0
1,9,1519632200035000,-3.0
1,9,1519632200785000,-4.0
1,9,1519632204835000,-3.0
1,9,1519632205645000,-1.0
1,9,1519632207985000,-2.0
1,9,1519632211735000,-3.0
1,9,1519632214796000,-5.0
1,9,1519632216296000,-3.0
1,9,1519632217048000,-4.0
1,9,1519632217885000,-6.0
1,9,1519632218635000,-3.0
1,9,1519632220134000,-1.0
1,9,1519632220885000,0.0
1,9,1519632223195000,-1.0
1,9,1519632233995000,-2.0
1,9,1519632243085000,-3.0
1,9,1519632243985000,-4.0
1,9,1519632244885000,-5.0
1,9,1519632246684000,-4.0
1,9,1519632248515000,-3.0
1,9,1519632249414000,-2.0
1,9,1519632252113999,-4.0
1,9,1519632253073999,-3.0
1,9,1519632254875000,-2.0
1,9,1519632256675000,-1.0
1,9,1519632260334000,0.0
1,9,1519632262134000,-1.0
1,9,1519632263964000,-4.0
1,9,1519632264864000,-5.0
1,9,1519632265765000,-3.0
1,9,1519632266667000,-2.0
1,9,1519632267624000,-4.0
1,9,1519632268525000,-3.0
1,9,1519632269393999,-2.0
1,9,1519632275604000,-3.0
1,9,1519632276504000,-5.0
1,9,1519632277433999,-2.0
1,9,1519632279174000,-1.0
1,9,1519632281694000,0.0
1,9,1519632283465000,-1.0
1,9,1519632285174000,-2.0
1,9,1519632286014000,-4.0
1,9,1519632286913999,-3.0
1,9,1519632287844000,-2.0
1,9,1519632288745000,-1.0
1,9,1519632291415000,-2.0
1,9,1519632293185000,-3.0
1,9,1519632294054000,-2.0
1,9,1519632305516000,-4.0
1,9,1519632306265999,-6.0
1,9,1519632307016000,-4.0
1,9,1519632307766000,-3.0
1,9,1519632311516000,-4.0
1,9,1519632312265999,-6.0
1,9,1519632313016000,-5.0
1,9,1519632313765000,-3.0
1,9,1519632315356000,-2.0
1,9,1519632316856000,-3.0
1,9,1519632317694000,-4.0
1,9,1519632319944000,-3.0
1,9,1519632322945000,-4.0
1,9,1519632323694000,-2.0
1,9,1519632324504000,-1.0
1,9,1519632327593999,-2.0
1,9,1519632335904000,-3.0
1,9,1519632336655000,-5.0
1,9,1519632337494000,-4.0
1,9,1519632338273999,-3.0
1,9,1519632339174000,-2.0
1,9,1519632343673999,-3.0
1,9,1519632358193999,-4.0
1,9,1519632359993999,-3.0
1,9,1519632364553999,-4.0
1,9,1519632368153000,-3.0
1,9,1519632371753000,-2.0
1,9,1519632381685000,-3.0
1,9,1519632384414000,-2.0
1,9,1519632386183000,-3.0
1,9,1519632387053000,-2.0
1,9,1519632387953000,-3.0
1,9,1519632395813000,-2.0
1,9,1519632398334000,-1.0
1,9,1519632403433000,-2.0
1,9,1519632406943000,-3.0
1,9,1519632411173000,-4.0
1,9,1519632413663000,-3.0
1,9,1519632439703000,-2.0
1,9,1519632440452000,-3.0
1,9,1519632441201999,-2.0
1,9,1519632441953000,-3.0
1,9,1519632448764000,-2.0
1,9,1519632454373000,-3.0
1,9,1519632458843000,-2.0
1,9,1519632459743000,0.0
1,9,1519632462473000,-1.0
1,9,1519632465172000,-2.0
1,9,1519632466073000,-1.0
1,9,1519632466972000,-2.0
1,9,1519632468833000,-3.0
1,9,1519632490612000,-4.0
1,9,1519632491513999,-5.0
1,9,1519632494241999,-6.0
1,9,1519632496942000,-5.0
1,9,1519632497872000,-3.0
1,9,1519632499672000,-2.0
1,9,1519632510321999,-3.0
1,9,1519632511161999,-2.0
1,9,1519632512062000,-3.0
1,9,1519632515332000,-4.0
1,9,1519632517942000,-3.0
1,9,1519632525712000,-5.0
1,9,1519632528952000,-4.0
1,9,1519632531232000,-5.0
1,9,1519632533572000,-4.0
1,9,1519632534321999,-3.0
1,9,1519632537321999,-2.0
1,9,1519632541132000,-3.0
1,9,1519632560841999,-2.0
1,9,1519632563571000,-1.0
1,9,1519632575302000,-2.0
1,9,1519632591651000,-3.0
1,9,1519632633352000,-2.0
1,9,1519632654080000,-3.0
1,9,1519632670523000,-2.0
1,9,1519632694073999,-1.0
1,9,1519632700525000,-2.0
1,9,1519632709585000,-3.0
1,9,1519632714084000,-4.0
1,9,1519632716785000,-3.0
1,9,1519632717715000,-4.0
1,9,1519632718614000,-3.0
1,9,1519632719515000,-1.0
1,9,1519632723144000,-2.0
1,9,1519632753984000,-3.0
1,9,1519632758695000,-6.0
1,9,1519632760945000,-5.0
1,9,1519632764905999,-4.0
1,9,1519632765656000,-3.0
1,9,1519632778584000,-2.0
1,9,1519632780896000,-3.0
1,9,1519632781646000,-2.0
1,9,1519632783897000,-3.0
1,9,1519632785454000,-2.0
1,9,1519632786233999,0.0
1,9,1519632789296000,-1.0
1,9,1519632791753999,-2.0
1,9,1519632793584000,-5.0
1,9,1519632794484000,-3.0
1,9,1519632796284000,-2.0
1,9,1519632808044000,-3.0
1,9,1519632811644000,-2.0
1,9,1519632818064000,-3.0
1,9,1519632821664000,-2.0
1,9,1519632825264000,-3.0
1,9,1519632830753999,-5.0
1,9,1519632831654000,-7.0
1,9,1519632833483000,-6.0
1,9,1519632835284000,-3.0
1,9,1519632837984000,-1.0
1,9,1519632838854000,0.0
1,9,1519632839753999,-1.0
1,9,1519632840654000,-3.0
1,9,1519632841525000,-5.0
1,9,1519632842424000,-2.0
1,9,1519632843294000,-6.0
1,9,1519632845063000,-5.0
1,9,1519632845963000,-3.0
1,9,1519632846864000,-1.0
1,9,1519632847735000,-2.0
1,9,1519632848633999,-6.0
1,9,1519632852053000,-4.0
1,9,1519632853646000,-5.0
1,9,1519632856014000,-6.0
1,9,1519632856793999,-5.0
1,9,1519632857633000,-4.0
1,9,1519632859254000,-3.0
1,9,1519632860153000,-4.0
1,9,1519632861054000,-5.0
1,9,1519632862763000,-4.0
1,9,1519632863663000,-2.0
1,9,1519632864503000,-5.0
1,9,1519632865343000,-7.0
1,9,1519632866214000,-6.0
1,9,1519632867083000,-4.0
1,9,1519632867953000,1.0
1,9,1519632868765000,2.0
1,9,1519632869604000,-4.0
1,9,1519632871164000,0.0
1,9,1519632873503000,-1.0
1,9,1519632874253000,-2.0
1,9,1519632875064000,-7.0
1,9,1519632879804000,-6.0
1,9,1519632882054000,-5.0
1,9,1519632882865000,-3.0
1,9,1519632883615000,-2.0
1,9,1519632884365000,-3.0
1,9,1519632886615000,-4.0
1,9,1519632887365000,-3.0
1,9,1519632888144000,-1.0
1,9,1519632888894000,0.0
1,9,1519632891145000,-1.0
1,9,1519632907974000,1.0
1,9,1519632908904000,0.0
1,9,1519632909804000,-3.0
1,9,1519632910705000,-1.0
1,9,1519632911664000,-3.0
1,9,1519632915324000,-2.0
1,9,1519632918024000,-3.0
1,9,1519632923513999,-2.0
1,9,1519632925344000,-1.0
1,9,1519632928104000,1.0
1,9,1519632929905000,0.0
1,9,1519632930805000,-3.0
1,9,1519632931705000,-1.0
1,9,1519632932605000,-2.0
1,9,1519632936233000,-3.0
1,9,1519632938934000,-2.0
1,9,1519632939893000,0.0
1,9,1519632942564000,-1.0
1,9,1519632943433999,-4.0
1,9,1519632944334000,-5.0
1,9,1519632945233999,-8.0
1,9,1519632946135000,-6.0
1,9,1519632947065000,-1.0
1,9,1519632947993999,1.0
1,9,1519632949793999,-2.0
1,9,1519632950665000,-5.0
1,9,1519632951565000,-1.0
1,9,1519632952435000,0.0
1,9,1519632953364000,-1.0
1,9,1519632954263000,-5.0
1,9,1519632959633999,-6.0
1,9,1519632960565000,-5.0
1,9,1519632962304000,-4.0
1,9,1519632963233999,-5.0
1,9,1519632964134000,-3.0
1,9,1519632964944000,-2.0
1,9,1519632966654000,-1.0
1,9,1519632973735000,-2.0
1,9,1519632978173000,-1.0
1,9,1519632981504000,1.0
1,9,1519632982313999,-2.0
1,9,1519632986124000,0.0
1,9,1519632986875000,-3.0
1,9,1519632987624000,-4.0
1,9,1519632988464000,-3.0
1,9,1519632990775000,-1.0
1,9,1519632991526000,-2.0
1,9,1519632992273999,-1.0
1,9,1519632995365000,0.0
1,9,1519632996113000,1.0
1,9,1519632996865000,2.0
1,9,1519632998424000,1.0
1,9,1519632999174000,-3.0
1,9,1519632999924000,-2.0
1,9,1519633000675000,-3.0
1,9,1519633001424000,-2.0
1,9,1519633002174000,-3.0
1,9,1519633003013000,-2.0
1,9,1519633003764000,0.0
1,9,1519633006103000,1.0
1,9,1519633007004000,2.0
1,9,1519633011504000,0.0
1,9,1519633012254000,-1.0
1,9,1519633013064000,-3.0
1,9,1519633017413000,-2.0
1,9,1519633019243000,-1.0
1,9,1519633021043000,-2.0
1,9,1519633028303000,0.0
1,9,1519633029203000,1.0
1,9,1519633030103000,0.0
1,9,1519633031004000,-5.0
1,9,1519633031904000,-7.0
1,9,1519633032833000,-2.0
1,9,1519633033735000,1.0
1,9,1519633035564000,-3.0
1,9,1519633036464000,-7.0
1,9,1519633040123000,-6.0
1,9,1519633041955000,-5.0
1,9,1519633044745999,-13.0
1,9,1519633045643000,23.0
1,9,1519633046544000,88.0
1,9,1519633047443000,113.0
1,9,1519633048374000,115.0
1,9,1519633049303000,111.0
1,9,1519633050203000,107.0
1,9,1519633051075000,103.0
1,9,1519633051974000,99.0
1,9,1519633052903000,96.0
1,9,1519633053803000,93.0
1,9,1519633054673999,90.0
1,9,1519633055574000,86.0
1,9,1519633056504000,81.0
1,9,1519633057372000,79.0
1,9,1519633058303000,77.0
1,9,1519633059203000,75.0
1,9,1519633060104000,73.0
1,9,1519633060943000,71.0
1,9,1519633061843000,69.0
1,9,1519633062803000,68.0
1,9,1519633063673000,66.0
1,9,1519633064575000,65.0
1,9,1519633065443000,63.0
1,9,1519633066344000,62.0
1,9,1519633067244000,61.0
1,9,1519633068123000,60.0
1,9,1519633069044000,58.0
1,9,1519633069944000,57.0
1,9,1519633070813000,56.0
1,9,1519633071713000,55.0
1,9,1519633072553000,54.0
1,9,1519633075252000,53.0
1,9,1519633076103000,52.0
1,9,1519633077865000,51.0
1,9,1519633079483000,50.0
1,9,1519633081795000,49.0
1,9,1519633084132000,47.0
1,9,1519633085633999,22.0
1,9,1519633086445000,7.0
1,9,1519633087193000,-1.0
1,9,1519633088033000,-6.0
1,9,1519633088783000,-10.0
1,9,1519633089534000,-17.0
1,9,1519633090433000,-21.0
1,9,1519633091273000,-20.0
1,9,1519633092113999,-24.0
1,9,1519633092983000,-28.0
1,9,1519633093735000,-29.0
1,9,1519633095353999,-33.0
1,9,1519633096136000,-30.0
1,9,1519633096884000,-27.0
1,9,1519633097723000,-30.0
1,9,1519633099283000,-29.0
1,9,1519633100123000,-28.0
1,9,1519633101623000,-23.0
1,9,1519633102372000,-19.0
1,9,1519633103183000,-17.0
1,9,1519633103934000,-16.0
1,9,1519633104684000,-19.0
1,9,1519633105433999,-17.0
1,9,1519633106183000,-13.0
1,9,1519633107685000,-16.0
1,9,1519633108523000,-17.0
1,9,1519633110022000,-16.0
1,9,1519633110774000,-17.0
1,9,1519633111521999,-16.0
1,9,1519633112272000,-15.0
1,9,1519633113087000,-14.0
1,9,1519633113833999,-13.0
1,9,1519633114585999,-12.0
1,9,1519633115333000,-11.0
1,9,1519633117583000,-10.0
1,9,1519633119924000,-8.0
1,9,1519633120673999,-6.0
1,9,1519633121512000,-10.0
1,9,1519633122261000,-9.0
1,9,1519633123763000,-8.0
1,9,1519633124512000,-6.0
1,9,1519633125324000,-5.0
1,9,1519633126973000,-4.0
1,9,1519633130573000,-2.0
1,9,1519633131472000,0.0
1,9,1519633132372000,-1.0
1,9,1519633133272000,-4.0
1,9,1519633135072000,-1.0
1,9,1519633136872000,-5.0
1,9,1519633137804000,-4.0
1,9,1519633138732000,-2.0
1,9,1519633142332000,1.0
1,9,1519633145121999,-6.0
1,9,1519633146923000,-3.0
1,9,1519633147823000,0.0
1,9,1519633148724000,-6.0
1,9,1519633152383000,-13.0
1,9,1519633153342000,11.0
1,9,1519633154244000,87.0
1,9,1519633155142000,115.0
1,9,1519633156046000,114.0
1,9,1519633156944000,110.0
1,9,1519633157872000,106.0
1,9,1519633158773000,102.0
1,9,1519633159673000,98.0
1,9,1519633160601999,92.0
1,9,1519633161502000,89.0
1,9,1519633162401000,86.0
1,9,1519633163333000,84.0
1,9,1519633164232000,81.0
1,9,1519633165132000,79.0
1,9,1519633166033000,77.0
1,9,1519633166932000,75.0
1,9,1519633167863000,73.0
1,9,1519633168764000,71.0
1,9,1519633169662000,70.0
1,9,1519633170561999,68.0
1,9,1519633171462000,65.0
1,9,1519633172361999,64.0
1,9,1519633173292000,63.0
1,9,1519633174192000,61.0
1,9,1519633175093000,60.0
1,9,1519633175992000,59.0
1,9,1519633176893000,58.0
1,9,1519633177792000,57.0
1,9,1519633179561999,56.0
1,9,1519633180462000,55.0
1,9,1519633181332000,38.0
1,9,1519633182231000,14.0
1,9,1519633183192000,3.0
1,9,1519633184093000,-6.0
1,9,1519633184992000,-8.0
1,9,1519633185862000,-12.0
1,9,1519633186761999,-19.0
1,9,1519633187632000,-22.0
1,9,1519633188532000,-21.0
1,9,1519633189372000,-24.0
1,9,1519633190241999,-23.0
1,9,1519633191142000,-22.0
1,9,1519633192041999,-27.0
1,9,1519633193812000,-26.0
1,9,1519633195405000,-24.0
1,9,1519633196961999,-23.0
1,9,1519633197743000,-29.0
1,9,1519633198552000,-22.0
1,9,1519633199303000,50.0
1,9,1519633200052000,84.0
1,9,1519633200809000,94.0
1,9,1519633202302000,91.0
1,9,1519633203141000,89.0
1,9,1519633203892000,86.0
1,9,1519633204761999,84.0
1,9,1519633205601999,81.0
1,9,1519633206443000,79.0
1,9,1519633207281999,77.0
1,9,1519633208181000,75.0
1,9,1519633208996000,74.0
1,9,1519633209803000,72.0
1,9,1519633210582000,70.0
1,9,1519633211332000,69.0
1,9,1519633212081999,67.0
1,9,1519633212832000,66.0
1,9,1519633213582000,65.0
1,9,1519633214332000,64.0
1,9,1519633215832000,63.0
1,9,1519633216582000,62.0
1,9,1519633217336000,61.0
1,9,1519633218142000,60.0
1,9,1519633218982000,59.0
1,9,1519633219732000,58.0
1,9,1519633220481999,57.0
1,9,1519633221232000,56.0
1,9,1519633222732000,55.0
1,9,1519633225795000,54.0
1,9,1519633227294000,53.0
1,9,1519633228793999,52.0
1,9,1519633232544000,51.0
1,9,1519633234943000,50.0
1,9,1519633239232000,34.0
1,9,1519633240131000,10.0
1,9,1519633241001999,-1.0
1,9,1519633241902000,-7.0
1,9,1519633242801999,-12.0
1,9,1519633243701000,-15.0
1,9,1519633244601000,-19.0
1,9,1519633246401000,-18.0
1,9,1519633247301000,-20.0
1,9,1519633248201000,-23.0
1,9,1519633249101000,-26.0
1,9,1519633250033999,-27.0
1,9,1519633250934000,-28.0
1,9,1519633251832000,-27.0
1,9,1519633252733000,-25.0
1,9,1519633253633999,-23.0
1,9,1519633254533000,-21.0
1,9,1519633255432000,-20.0
1,9,1519633256329999,-17.0
1,9,1519633257232000,-16.0
1,9,1519633259091000,-17.0
1,9,1519633259993000,-19.0
1,9,1519633260892000,-17.0
1,9,1519633261793000,-15.0
1,9,1519633262692000,-12.0
1,9,1519633263621000,-14.0
1,9,1519633264521000,-16.0
1,9,1519633265421000,-14.0
1,9,1519633268121000,-13.0
1,9,1519633269921000,-11.0
1,9,1519633272621000,-10.0
1,9,1519633274452000,-9.0
1,9,1519633276252000,-8.0
1,9,1519633278052000,-7.0
1,9,1519633278952000,-6.0
1,9,1519633280752000,-3.0
1,9,1519633281651000,-1.0
1,9,1519633282551000,1.0
1,9,1519633283483000,4.0
1,9,1519633285312000,2.0
1,9,1519633286209999,5.0
1,9,1519633287081000,3.0
1,9,1519633287923000,1.0
1,9,1519633288851000,0.0
1,9,1519633289723000,-1.0
1,9,1519633290561999,1.0
1,9,1519633291462000,-1.0
1,9,1519633292361999,2.0
1,9,1519633293261000,1.0
1,9,1519633296833000,3.0
1,9,1519633297701000,-1.0
1,9,1519633299501000,0.0
1,9,1519633303761000,3.0
1,9,1519633304662000,1.0
1,9,1519633305531000,3.0
1,9,1519633306372000,6.0
1,9,1519633307152000,7.0
1,9,1519633308021000,5.0
1,9,1519633308800000,0.0
1,9,1519633309611000,-1.0
1,9,1519633311200000,1.0
1,9,1519633312013000,3.0
1,9,1519633313601000,-3.0
1,9,1519633314351000,0.0
1,9,1519633315101000,2.0
1,9,1519633318852000,5.0
1,9,1519633319631000,4.0
1,9,1519633320471000,3.0
1,9,1519633321311000,2.0
1,9,1519633322241000,-4.0
1,9,1519633323141000,-3.0
1,9,1519633325632000,-2.0
1,9,1519633327911000,-1.0
1,9,1519633329440000,-2.0
1,9,1519633335501000,-1.0
1,9,1519633339251000,0.0
1,9,1519633340753000,-1.0
1,9,1519633341502000,0.0
1,9,1519633342281999,-1.0
1,9,1519633343004000,0.0
1,9,1519633346753000,3.0
1,9,1519633347529999,5.0
1,9,1519633348281000,8.0
1,9,1519633349031000,9.0
1,9,1519633349753999,8.0
1,9,1519633350591000,7.0
1,9,1519633351491000,10.0
1,9,1519633352390000,8.0
1,9,1519633353381000,5.0
1,9,1519633354279000,4.0
1,9,1519633355180000,3.0
1,9,1519633357942000,4.0
1,9,1519633358841000,5.0
1,9,1519633359742000,2.0
1,9,1519633361542000,3.0
1,9,1519633365141000,5.0
1,9,1519633366941000,2.0
1,9,1519633368769999,4.0
1,9,1519633372371000,3.0
1,9,1519633373331000,5.0
1,9,1519633374231000,6.0
1,9,1519633375129999,5.0
1,9,1519633376031000,4.0
1,9,1519633376932000,1.0
1,9,1519633377831000,2.0
1,9,1519633380531000,4.0
1,9,1519633381431000,-2.0
1,9,1519633382331000,-1.0
1,9,1519633383261000,-2.0
1,9,1519633390489999,-1.0
1,9,1519633395921000,0.0
1,9,1519633396790000,-1.0
1,9,1519633397691000,0.0
1,9,1519633402071000,1.0
1,9,1519633403000000,0.0
1,9,1519633403901000,1.0
1,9,1519633404800000,0.0
1,9,1519633405700000,1.0
1,9,1519633433212000,3.0
1,9,1519633433961999,5.0
1,9,1519633434803000,6.0
1,9,1519633435702000,8.0
1,9,1519633436542000,11.0
1,9,1519633437383000,10.0
1,9,1519633438251000,5.0
1,9,1519633439752000,7.0
1,9,1519633440502000,2.0
1,9,1519633442001999,1.0
1,9,1519633443563000,4.0
1,9,1519633445065000,5.0
1,9,1519633445812000,3.0
1,9,1519633446564000,5.0
1,9,1519633449653000,7.0
1,9,1519633453464000,4.0
1,9,1519633454212000,3.0
1,9,1519633455083000,2.0
1,9,1519633458564000,3.0
1,9,1519633459345000,4.0
1,9,1519633462041999,3.0
1,9,1519633464773000,2.0
1,9,1519633465673999,3.0
1,9,1519633467473999,4.0
1,9,1519633468401999,3.0
1,9,1519633473833999,4.0
1,9,1519633480192000,3.0
1,9,1519633486552000,4.0
1,9,1519633487453000,3.0
1,9,1519633488382000,4.0
1,9,1519633498401999,5.0
1,9,1519633515441999,6.0
1,9,1519633516283000,5.0
1,9,1519633517182000,6.0
1,9,1519633517995000,4.0
1,9,1519633518862000,-3.0
1,9,1519633519704000,32.0
1,9,1519633520542000,101.0
1,9,1519633521415000,125.0
1,9,1519633522342000,123.0
1,9,1519633523272000,119.0
1,9,1519633524172000,111.0
1,9,1519633525072000,83.0
1,9,1519633525942000,57.0
1,9,1519633526872000,41.0
1,9,1519633527774000,33.0
1,9,1519633528641999,27.0
1,9,1519633529543000,21.0
1,9,1519633530441999,13.0
1,9,1519633531372000,7.0
1,9,1519633532182000,5.0
1,9,1519633533083000,3.0
1,9,1519633533892000,4.0
1,9,1519633534732000,3.0
1,9,1519633535572000,1.0
1,9,1519633536473000,-5.0
1,9,1519633541271000,-4.0
1,9,1519633543584000,-5.0
1,9,1519633544333000,-12.0
1,9,1519633545833000,23.0
1,9,1519633546613000,87.0
1,9,1519633547425000,113.0
1,9,1519633548171000,116.0
1,9,1519633548921999,112.0
1,9,1519633549673999,109.0
1,9,1519633550513000,105.0
1,9,1519633551323000,102.0
1,9,1519633552073000,99.0
1,9,1519633552825000,96.0
1,9,1519633553662000,94.0
1,9,1519633554412000,91.0
1,9,1519633555912000,89.0
1,9,1519633556662000,87.0
1,9,1519633557473000,85.0
1,9,1519633558223000,83.0
1,9,1519633558974000,81.0
1,9,1519633559813000,79.0
1,9,1519633560561000,77.0
1,9,1519633561312000,76.0
1,9,1519633562062000,75.0
1,9,1519633562812000,74.0
1,9,1519633563625000,73.0
1,9,1519633565123000,71.0
1,9,1519633565872000,70.0
1,9,1519633566745000,69.0
1,9,1519633567672000,68.0
1,9,1519633568512000,67.0
1,9,1519633569412000,66.0
1,9,1519633571211000,64.0
1,9,1519633573045000,63.0
1,9,1519633573943000,62.0
1,9,1519633575748000,61.0
1,9,1519633577543000,60.0
1,9,1519633580272000,59.0
1,9,1519633582073999,58.0
1,9,1519633584803000,57.0
1,9,1519633589361999,56.0
1,9,1519633593921999,55.0
1,9,1519633595721000,42.0
1,9,1519633596622000,20.0
1,9,1519633597551000,11.0
1,9,1519633598485000,4.0
1,9,1519633599383000,0.0
1,9,1519633600311000,-5.0
1,9,1519633601211000,-12.0
1,9,1519633602111000,-15.0
1,9,1519633603943000,-22.0
1,9,1519633604872000,-21.0
1,9,1519633606671000,-20.0
1,9,1519633608532000,-19.0
1,9,1519633609432000,-18.0
1,9,1519633610331000,-17.0
1,9,1519633611231000,-16.0
1,9,1519633612131000,-15.0
1,9,1519633613061000,-14.0
1,9,1519633613961000,-13.0
1,9,1519633614861000,-10.0
1,9,1519633615761000,-9.0
1,9,1519633617561999,-8.0
1,9,1519633620231000,-12.0
1,9,1519633621131000,-14.0
1,9,1519633622003000,46.0
1,9,1519633622901000,92.0
1,9,1519633623801000,113.0
1,9,1519633624671000,115.0
1,9,1519633625571000,111.0
1,9,1519633626441999,108.0
1,9,1519633627341000,105.0
1,9,1519633628271000,102.0
1,9,1519633629141000,97.0
1,9,1519633629953999,95.0
1,9,1519633631691000,90.0
1,9,1519633632531000,88.0
1,9,1519633633373000,86.0
1,9,1519633634211000,84.0
1,9,1519633635054000,83.0
1,9,1519633635921999,81.0
1,9,1519633636822000,80.0
1,9,1519633637721999,78.0
1,9,1519633638652000,77.0
1,9,1519633639521000,76.0
1,9,1519633640422000,75.0
1,9,1519633641261000,74.0
1,9,1519633642131000,73.0
1,9,1519633643001000,72.0
1,9,1519633643931000,71.0
1,9,1519633644772000,70.0
1,9,1519633645612000,69.0
1,9,1519633647291000,68.0
1,9,1519633648131000,67.0
1,9,1519633649872000,66.0
1,9,1519633651491000,65.0
1,9,1519633653081000,64.0
1,9,1519633654583000,63.0
1,9,1519633656831000,62.0
1,9,1519633659893000,61.0
1,9,1519633664571000,60.0
1,9,1519633669489999,59.0
1,9,1519633671289999,54.0
1,9,1519633672190000,30.0
1,9,1519633673094000,14.0
1,9,1519633673991000,5.0
1,9,1519633674891000,2.0
1,9,1519633675793000,0.0
1,9,1519633676691000,-4.0
1,9,1519633677591000,-10.0
1,9,1519633678521000,-12.0
1,9,1519633679420000,-14.0
1,9,1519633680321000,-15.0
1,9,1519633682151000,-17.0
1,9,1519633683054000,-16.0
1,9,1519633683981000,-15.0
1,9,1519633684883000,-18.0
1,9,1519633685780000,-17.0
1,9,1519633686681000,-16.0
1,9,1519633687581000,-20.0
1,9,1519633688513000,-22.0
1,9,1519633689413000,37.0
1,9,1519633690312000,79.0
1,9,1519633691211000,100.0
1,9,1519633692113999,108.0
1,9,1519633693041999,105.0
1,9,1519633693972000,102.0
1,9,1519633694873000,100.0
1,9,1519633695773000,97.0
1,9,1519633696672000,96.0
1,9,1519633697601000,93.0
1,9,1519633698531000,92.0
1,9,1519633699461000,90.0
1,9,1519633700361000,88.0
1,9,1519633701261000,86.0
1,9,1519633702161000,85.0
1,9,1519633703092000,82.0
1,9,1519633704021000,81.0
1,9,1519633704920000,80.0
1,9,1519633705821000,79.0
1,9,1519633706720000,78.0
1,9,1519633707621000,77.0
1,9,1519633708552000,76.0
1,9,1519633709451000,75.0
1,9,1519633711251000,74.0
1,9,1519633712180000,73.0
1,9,1519633714012000,71.0
1,9,1519633715809999,70.0
1,9,1519633717612000,69.0
1,9,1519633720311000,68.0
1,9,1519633723012000,67.0
1,9,1519633724872000,66.0
1,9,1519633729400000,65.0
1,9,1519633734831000,64.0
1,9,1519633745689999,63.0
1,9,1519633748449000,53.0
1,9,1519633749350000,29.0
1,9,1519633750191000,15.0
1,9,1519633751063000,8.0
1,9,1519633751990000,4.0
1,9,1519633752889999,-2.0
1,9,1519633753820000,-8.0
1,9,1519633754720000,-11.0
1,9,1519633755590000,-14.0
1,9,1519633756489999,-15.0
1,9,1519633757360000,-16.0
1,9,1519633759189000,-15.0
1,9,1519633761769999,-14.0
1,9,1519633762611000,-13.0
1,9,1519633763453000,-12.0
1,9,1519633764289999,-9.0
1,9,1519633765189000,-11.0
1,9,1519633766030000,-14.0
1,9,1519633766781000,-13.0
1,9,1519633767502000,-12.0
1,9,1519633768249999,-10.0
1,9,1519633769840000,-9.0
1,9,1519633770590000,-8.0
1,9,1519633772089999,-6.0
1,9,1519633772839000,-5.0
1,9,1519633775150000,-3.0
1,9,1519633776652000,-2.0
1,9,1519633777401000,-1.0
1,9,1519633778209000,0.0
1,9,1519633779740000,1.0
1,9,1519633780489999,2.0
1,9,1519633781329999,4.0
1,9,1519633783580000,5.0
1,9,1519633788201000,6.0
1,9,1519633789729999,7.0
1,9,1519633793542000,8.0
1,9,1519633795792000,9.0
1,9,1519633800289000,10.0
1,9,1519633805150000,11.0
1,9,1519633811479000,12.0
1,9,1519633819611000,13.0
1,9,1519633820540000,14.0
1,9,1519633822339000,15.0
1,9,1519633823270000,13.0
1,9,1519633825073999,12.0
1,9,1519633825971000,13.0
1,9,1519633826871000,14.0
1,9,1519633829600000,13.0
1,9,1519633832331000,12.0
1,9,1519633835959000,13.0
1,9,1519633836891000,12.0
1,9,1519633837791000,13.0
1,9,1519633854949000,14.0
1,9,1519633855821000,16.0
1,9,1519633856719000,15.0
1,9,1519633857619000,16.0
1,9,1519633859329000,17.0
1,9,1519633861072000,19.0
1,9,1519633861910000,18.0
1,9,1519633862811000,15.0
1,9,1519633864489000,14.0
1,9,1519633865329999,15.0
1,9,1519633866109000,18.0
1,9,1519633866921000,20.0
1,9,1519633868600000,19.0
1,9,1519633869529999,20.0
1,9,1519633871269000,19.0
1,9,1519633872168000,18.0
1,9,1519633878137999,19.0
1,9,1519633879011000,13.0
1,9,1519633885249000,12.0
1,9,1519633886000000,13.0
1,9,1519633893649000,19.0
1,9,1519633895148000,20.0
1,9,1519633895899000,24.0
1,9,1519633896709000,21.0
1,9,1519633897489000,19.0
1,9,1519633899139000,18.0
1,9,1519633899889000,19.0
1,9,1519633900639000,20.0
1,9,1519633901509000,22.0
1,9,1519633902289000,18.0
1,9,1519633903039000,19.0
1,9,1519633903849000,18.0
1,9,1519633905351000,16.0
1,9,1519633907601000,18.0
1,9,1519633908379000,19.0
1,9,1519633909188000,18.0
1,9,1519633910839000,17.0
1,9,1519633911589000,11.0
1,9,1519633912337999,14.0
1,9,1519633913088000,17.0
1,9,1519633914590000,18.0
1,9,1519633915399000,17.0
1,9,1519633916149000,13.0
1,9,1519633917709000,12.0
1,9,1519633919543000,13.0
1,9,1519633921247000,17.0
1,9,1519633922148000,18.0
1,9,1519633923049000,20.0
1,9,1519633924849000,12.0
1,9,1519633925748000,13.0
1,9,1519633928449000,10.0
1,9,1519633929348000,3.0
1,9,1519633930248000,25.0
1,9,1519633931209000,101.0
1,9,1519633932109000,130.0
1,9,1519633933009999,129.0
1,9,1519633933941000,125.0
1,9,1519633934871000,121.0
1,9,1519633935771000,113.0
1,9,1519633936671000,110.0
1,9,1519633937571000,107.0
1,9,1519633938470000,104.0
1,9,1519633939369999,101.0
1,9,1519633940270000,98.0
1,9,1519633941169999,96.0
1,9,1519633942070000,94.0
1,9,1519633942971000,92.0
1,9,1519633943903000,90.0
1,9,1519633944803000,88.0
1,9,1519633945702000,86.0
1,9,1519633946661000,84.0
1,9,1519633947564000,81.0
1,9,1519633948521999,80.0
1,9,1519633949451000,79.0
1,9,1519633950351000,77.0
1,9,1519633951251000,76.0
1,9,1519633952151000,75.0
1,9,1519633953982000,74.0
1,9,1519633954883000,73.0
1,9,1519633955780000,72.0
1,9,1519633956713000,71.0
1,9,1519633958542000,69.0
1,9,1519633960431000,68.0
1,9,1519633962231000,67.0
1,9,1519633963131000,66.0
1,9,1519633965832000,65.0
1,9,1519633968471000,64.0
1,9,1519633970271000,63.0
1,9,1519633973812000,40.0
1,9,1519633974684000,21.0
1,9,1519633975551000,14.0
1,9,1519633976391000,8.0
1,9,1519633977232000,7.0
1,9,1519633978073000,4.0
1,9,1519633979001999,-2.0
1,9,1519633979871000,-6.0
1,9,1519633980683000,-7.0
1,9,1519633982331000,-8.0
1,9,1519633983083000,-9.0
1,9,1519633984043000,-8.0
1,9,1519633985809999,-7.0
1,9,1519633988481000,-4.0
1,9,1519633989411000,-3.0
1,9,1519633991211000,-7.0
1,9,1519633992081999,-4.0
1,9,1519633992924000,-2.0
1,9,1519633993821000,-4.0
1,9,1519633995501000,-2.0
1,9,1519633997121000,-1.0
1,9,1519633999462000,0.0
1,9,1519634000211000,1.0
1,9,1519634000961999,4.0
1,9,1519634001711000,7.0
1,9,1519634002461000,2.0
1,9,1519634003211000,3.0
1,9,1519634004774000,4.0
1,9,1519634007023000,5.0
1,9,1519634007772000,6.0
1,9,1519634010171000,7.0
1,9,1519634010921000,11.0
1,9,1519634011675000,10.0
1,9,1519634012511000,11.0
1,9,1519634013321000,13.0
1,9,1519634014913000,9.0
1,9,1519634015662000,10.0
1,9,1519634021063000,11.0
1,9,1519634022801999,10.0
1,9,1519634023614000,11.0
1,9,1519634024363000,13.0
1,9,1519634025863000,12.0
1,9,1519634026611000,14.0
1,9,1519634027364000,13.0
1,9,1519634029763000,12.0
1,9,1519634033240000,13.0
1,9,1519634034171000,14.0
1,9,1519634035071000,13.0
1,9,1519634043169999,12.0
1,9,1519634044101000,13.0
1,9,1519634055981000,19.0
1,9,1519634056881000,20.0
1,9,1519634057811000,22.0
1,9,1519634058711000,21.0
1,9,1519634059609999,18.0
1,9,1519634061440000,17.0
1,9,1519634063241000,15.0
1,9,1519634064171000,16.0
1,9,1519634065973000,17.0
1,9,1519634066872000,12.0
1,9,1519634067771000,11.0
1,9,1519634068731000,12.0
1,9,1519634070560000,11.0
1,9,1519634071460000,13.0
1,9,1519634075120000,16.0
1,9,1519634076049999,17.0
1,9,1519634076981000,15.0
1,9,1519634077880000,16.0
1,9,1519634078781000,15.0
1,9,1519634079680000,18.0
1,9,1519634080581000,19.0
1,9,1519634081451000,16.0
1,9,1519634082350000,11.0
1,9,1519634083220000,12.0
1,9,1519634090361999,11.0
1,9,1519634091260000,13.0
1,9,1519634092942000,14.0
1,9,1519634093780000,15.0
1,9,1519634094683000,13.0
1,9,1519634100299000,14.0
1,9,1519634103830000,13.0
1,9,1519634109080000,14.0
1,9,1519634111571000,15.0
1,9,1519634112409999,16.0
1,9,1519634115680000,17.0
1,9,1519634117931000,16.0
1,9,1519634120271000,15.0
1,9,1519634122585000,14.0
1,9,1519634123331000,16.0
1,9,1519634124081000,12.0
1,9,1519634132421000,13.0
1,9,1519634133289000,12.0
1,9,1519634134159000,11.0
1,9,1519634136409999,13.0
1,9,1519634137910000,14.0
1,9,1519634139472000,13.0
1,9,1519634140971000,14.0
1,9,1519634141721000,13.0
1,9,1519634144870000,14.0
1,9,1519634145621000,13.0
1,9,1519634147123000,14.0
1,9,1519634148742000,13.0
1,9,1519634152340000,14.0
1,9,1519634155071000,13.0
1,9,1519634155971000,14.0
1,9,1519634158729000,13.0
1,9,1519634160529999,14.0
1,9,1519634161462000,13.0
1,9,1519634164190000,14.0
1,9,1519634165989000,13.0
1,9,1519634167790000,12.0
1,9,1519634168720000,13.0
1,9,1519634169620000,14.0
1,9,1519634171420000,15.0
1,9,1519634172320000,14.0
1,9,1519634173249000,13.0
1,9,1519634174239000,29.0
2,2,1519755824107000,6.0
2,2,1519755858846000,5.0
2,2,1519755864277000,4.0
2,2,1519755877836000,3.0
2,2,1519755884617000,2.0
2,2,1519755896496000,1.0
2,2,1519755904115000,0.0
2,2,1519755921878000,-1.0
2,2,1519755953225999,-2.0
2,2,1519756051775000,-3.0
2,2,1519756118947000,-2.0
2,2,1519756216804000,-3.0
2,2,1519756356123000,-4.0
2,2,1519756511910000,-5.0
2,2,1519756647988000,-4.0
2,2,1519756796793999,-5.0
2,2,1519756892328000,-6.0
2,2,1519756937950000,-5.0
2,2,1519757092307000,-6.0
2,2,1519757452888000,-7.0
2,2,1519757488665000,-6.0
2,2,1519757707260000,-7.0
2,2,1519757915076000,-8.0
2,2,1519758028241000,-7.0
2,2,1519758332033000,-8.0
2,2,1519758895862000,-7.0
2,2,1519759074473999,-8.0
2,2,1519759096033000,-7.0
2,2,1519759161703000,-8.0
2,2,1519759324695000,-7.0
2,2,1519759377111000,-8.0
2,2,1519759702131000,-7.0
2,2,1519759784328000,-8.0
2,2,1519759891635000,-7.0
2,2,1519760017108000,-8.0
2,2,1519760084491000,-7.0
2,5,1519755824107000,941.0
2,5,1519755825097000,940.0
2,5,1519755825846000,939.0
2,5,1519755826656000,941.0
2,5,1519755827557000,944.0
2,5,1519755828457000,932.0
2,5,1519755829356000,933.0
2,5,1519755830256000,939.0
2,5,1519755831157000,943.0
2,5,1519755832056000,964.0
2,5,1519755832957000,946.0
2,5,1519755833856000,938.0
2,5,1519755834756000,946.0
2,5,1519755835716000,906.0
2,5,1519755836616000,950.0
2,5,1519755837545999,909.0
2,5,1519755838447000,915.0
2,5,1519755839345999,943.0
2,5,1519755840246000,1167.0
2,5,1519755841176000,1594.0
2,5,1519755842077000,1235.0
2,5,1519755842976000,1021.0
2,5,1519755843876000,1010.0
2,5,1519755844776000,1024.0
2,5,1519755845705999,1005.0
2,5,1519755846636000,993.0
2,5,1519755847536000,944.0
2,5,1519755848436000,928.0
2,5,1519755849336000,1038.0
2,5,1519755850265999,1006.0
2,5,1519755851166000,1046.0
2,5,1519755852067000,1039.0
2,5,1519755852967000,1286.0
2,5,1519755853867000,1440.0
2,5,1519755854766000,1506.0
2,5,1519755855667000,1503.0
2,5,1519755856567000,1470.0
2,5,1519755857465999,1440.0
2,5,1519755858396000,1396.0
2,5,1519755859296000,1358.0
2,5,1519755860196000,1366.0
2,5,1519755861097000,1446.0
2,5,1519755861997000,1521.0
2,5,1519755862927000,1507.0
2,5,1519755863827000,1364.0
2,5,1519755864727000,1156.0
2,5,1519755865625999,976.0
2,5,1519755866585999,971.0
2,5,1519755868388000,969.0
2,5,1519755869287000,914.0
2,5,1519755870188000,915.0
2,5,1519755871088000,923.0
2,5,1519755871988000,920.0
2,5,1519755872857999,913.0
2,5,1519755873757000,890.0
2,5,1519755874625999,904.0
2,5,1519755875556000,880.0
2,5,1519755876487000,1415.0
2,5,1519755877387000,1864.0
2,5,1519755878227000,2037.0
2,5,1519755879127000,1164.0
2,5,1519755879967000,1052.0
2,5,1519755880806000,1001.0
2,5,1519755881648000,1122.0
2,5,1519755882487000,1198.0
2,5,1519755883327000,1091.0
2,5,1519755884227000,1005.0
2,5,1519755885096000,989.0
2,5,1519755885907000,986.0
2,5,1519755886747000,983.0
2,5,1519755888337999,976.0
2,5,1519755889147000,941.0
2,5,1519755889927000,1165.0
2,5,1519755890827000,1546.0
2,5,1519755891667000,1917.0
2,5,1519755892597000,1300.0
2,5,1519755893467000,1223.0
2,5,1519755894337000,1257.0
2,5,1519755895177000,1486.0
2,5,1519755896017000,1718.0
2,5,1519755896949000,1810.0
2,5,1519755897876000,1806.0
2,5,1519755898717000,1762.0
2,5,1519755899616000,1759.0
2,5,1519755900427000,1751.0
2,5,1519755901297000,1728.0
2,5,1519755902167000,1634.0
2,5,1519755902947000,1515.0
2,5,1519755903728000,1345.0
2,5,1519755904537000,1188.0
2,5,1519755905317000,1023.0
2,5,1519755906067000,1027.0
2,5,1519755906967000,1031.0
2,5,1519755907716000,1035.0
2,5,1519755908467000,1038.0
2,5,1519755909216000,976.0
2,5,1519755910027000,1036.0
2,5,1519755910777000,1436.0
2,5,1519755911587000,1743.0
2,5,1519755912366000,1138.0
2,5,1519755913121000,1070.0
2,5,1519755913865999,1051.0
2,5,1519755914617000,1044.0
2,5,1519755915367000,1042.0
2,5,1519755916116000,1043.0
2,5,1519755916928000,992.0
2,5,1519755917766000,1221.0
2,5,1519755918516000,1754.0
2,5,1519755919267000,1883.0
2,5,1519755920017000,1142.0
2,5,1519755920766000,1253.0
2,5,1519755921517000,1489.0
2,5,1519755922265000,1279.0
2,5,1519755923017000,1054.0
2,5,1519755923767000,1030.0
2,5,1519755924520000,1031.0
2,5,1519755925327000,1030.0
2,5,1519755926886000,1031.0
2,5,1519755927607000,1037.0
2,5,1519755929105999,1039.0
2,5,1519755929857999,1040.0
2,5,1519755930669000,1041.0
2,5,1519755931417000,1040.0
2,5,1519755932166000,1039.0
2,5,1519755932918000,1040.0
2,5,1519755933668000,1039.0
2,5,1519755935467000,1038.0
2,5,1519755936366000,1039.0
2,5,1519755938196000,1026.0
2,5,1519755939095000,1122.0
2,5,1519755939996000,1681.0
2,5,1519755940899000,1109.0
2,5,1519755941825999,997.0
2,5,1519755942758000,1205.0
2,5,1519755943657000,1491.0
2,5,1519755944557000,1798.0
2,5,1519755945459000,2117.0
2,5,1519755946385999,1968.0
2,5,1519755947286000,1462.0
2,5,1519755948185999,1464.0
2,5,1519755949089000,1428.0
2,5,1519755949985999,1345.0
2,5,1519755950886000,1341.0
2,5,1519755951847000,1280.0
2,5,1519755952747000,1060.0
2,5,1519755953676000,1042.0
2,5,1519755954577000,1039.0
2,5,1519755956377000,1038.0
2,5,1519755957308000,1040.0
2,5,1519755960039000,1039.0
2,5,1519755960937000,1042.0
2,5,1519755961867000,1040.0
2,5,1519755962798000,1041.0
2,5,1519755963697000,1039.0
2,5,1519755964596000,1041.0
2,5,1519755965496000,1042.0
2,5,1519755966396000,1039.0
2,5,1519755967296000,1023.0
2,5,1519755968225999,1029.0
2,5,1519755969131000,1061.0
2,5,1519755970025999,1049.0
2,5,1519755970961999,1044.0
2,5,1519755971857000,1041.0
2,5,1519755974526000,1039.0
2,5,1519755975457000,1040.0
2,5,1519755978126000,1039.0
2,5,1519755979897000,1038.0
2,5,1519755980736000,1039.0
2,5,1519755982507000,1040.0
2,5,1519755983436000,1034.0
2,5,1519755984335000,981.0
2,5,1519755985175000,979.0
2,5,1519755986080000,1229.0
2,5,1519755986976000,1895.0
2,5,1519755987876000,1284.0
2,5,1519755988747000,1159.0
2,5,1519755989676000,1317.0
2,5,1519755990606000,1436.0
2,5,1519755991505999,1470.0
2,5,1519755992406000,1529.0
2,5,1519755993305999,1543.0
2,5,1519755994176000,1521.0
2,5,1519755995105999,1487.0
2,5,1519755995945999,1452.0
2,5,1519755996877000,1378.0
2,5,1519755997776000,1304.0
2,5,1519755998616000,1197.0
2,5,1519755999457000,1078.0
2,5,1519756000385999,1121.0
2,5,1519756001225999,1255.0
2,5,1519756002155000,1461.0
2,5,1519756003056000,1706.0
2,5,1519756003897999,1849.0
2,5,1519756004736000,996.0
2,5,1519756005576000,1186.0
2,5,1519756006447000,1285.0
2,5,1519756007285000,1361.0
2,5,1519756008067000,1410.0
2,5,1519756008848000,1456.0
2,5,1519756009686000,1489.0
2,5,1519756010497000,1472.0
2,5,1519756011246000,1416.0
2,5,1519756011997000,1160.0
2,5,1519756012747000,1028.0
2,5,1519756013585999,1315.0
2,5,1519756014335000,1139.0
2,5,1519756015086000,1018.0
2,5,1519756015902000,1027.0
2,5,1519756016736000,1032.0
2,5,1519756017576000,1034.0
2,5,1519756018476000,1038.0
2,5,1519756019375000,1039.0
2,5,1519756020216000,1038.0
2,5,1519756021056000,1039.0
2,5,1519756021926000,1041.0
2,5,1519756022737999,1039.0
2,5,1519756024326000,1040.0
2,5,1519756025825999,1039.0
2,5,1519756027475000,1040.0
2,5,1519756028225999,1039.0
2,5,1519756029788000,1040.0
2,5,1519756034375000,1039.0
2,5,1519756035133000,1040.0
2,5,1519756036686000,1041.0
2,5,1519756037438000,998.0
2,5,1519756038185999,1025.0
2,5,1519756038937999,1134.0
2,5,1519756039689000,1357.0
2,5,1519756040437000,1878.0
2,5,1519756041246000,2168.0
2,5,1519756042088000,1167.0
2,5,1519756042838000,1422.0
2,5,1519756043587000,1656.0
2,5,1519756044336000,1749.0
2,5,1519756045086000,1755.0
2,5,1519756045837000,1686.0
2,5,1519756046587000,1535.0
2,5,1519756047366000,1396.0
2,5,1519756048115000,1260.0
2,5,1519756048926000,1206.0
2,5,1519756049676000,1236.0
2,5,1519756050425999,1195.0
2,5,1519756051326000,988.0
2,5,1519756052225999,1018.0
2,5,1519756053125000,1027.0
2,5,1519756054025999,1031.0
2,5,1519756054956000,1017.0
2,5,1519756055855000,986.0
2,5,1519756056785999,1199.0
2,5,1519756057684000,1526.0
2,5,1519756058585000,1731.0
2,5,1519756059486000,1149.0
2,5,1519756060385999,939.0
2,5,1519756061286000,1076.0
2,5,1519756062215000,1096.0
2,5,1519756063115000,1046.0
2,5,1519756064016000,1037.0
2,5,1519756064917000,1040.0
2,5,1519756065816000,1039.0
2,5,1519756067646000,1040.0
2,5,1519756068547000,1041.0
2,5,1519756069446000,1020.0
2,5,1519756070345999,970.0
2,5,1519756071276000,1096.0
2,5,1519756072175000,1131.0
2,5,1519756073105999,1056.0
2,5,1519756074006000,1041.0
2,5,1519756075806000,1040.0
2,5,1519756077635000,1041.0
2,5,1519756079437000,1040.0
2,5,1519756080337000,1039.0
2,5,1519756081235000,1040.0
2,5,1519756082165000,1041.0
2,5,1519756083067000,1040.0
2,5,1519756083967000,1039.0
2,5,1519756084897000,1040.0
2,5,1519756085796000,1043.0
2,5,1519756086726000,1042.0
2,5,1519756087625000,1039.0
2,5,1519756088556000,1041.0
2,5,1519756089455000,1040.0
2,5,1519756091256000,1039.0
2,5,1519756092155000,1040.0
2,5,1519756095695000,1039.0
2,5,1519756096595000,1041.0
2,5,1519756097469000,1039.0
2,5,1519756098365000,1042.0
2,5,1519756099265999,1041.0
2,5,1519756102716000,1040.0
2,5,1519756103616000,1039.0
2,5,1519756105355000,1040.0
2,5,1519756106225000,1039.0
2,5,1519756107069000,1040.0
2,5,1519756107905999,1041.0
2,5,1519756108775000,1039.0
2,5,1519756109675000,1040.0
2,5,1519756111447000,1041.0
2,5,1519756112345000,1039.0
2,5,1519756113215000,1040.0
2,5,1519756114115000,1042.0
2,5,1519756114957000,1041.0
2,5,1519756115885000,1040.0
2,5,1519756119395000,1041.0
2,5,1519756120235000,1040.0
2,5,1519756121075000,1041.0
2,5,1519756121945999,1040.0
2,5,1519756122846000,1038.0
2,5,1519756123657000,1039.0
2,5,1519756124409000,1040.0
2,5,1519756125996000,1038.0
2,5,1519756129144000,1040.0
2,5,1519756131544000,1039.0
2,5,1519756132355000,1040.0
2,5,1519756133105000,1038.0
2,5,1519756133944000,1039.0
2,5,1519756134694000,1041.0
2,5,1519756136193999,1039.0
2,5,1519756137094000,1043.0
2,5,1519756138685000,1041.0
2,5,1519756139496000,1040.0
2,5,1519756141085000,1039.0
2,5,1519756141897000,1042.0
2,5,1519756142645000,1039.0
2,5,1519756143396000,1040.0
2,5,1519756144145999,1041.0
2,5,1519756144955000,1040.0
2,5,1519756145735000,1041.0
2,5,1519756146484000,1010.0
2,5,1519756147295000,996.0
2,5,1519756148046000,999.0
2,5,1519756148796000,1002.0
2,5,1519756149545000,1099.0
2,5,1519756150295000,1347.0
2,5,1519756151045000,1455.0
2,5,1519756151884000,1283.0
2,5,1519756152633999,1215.0
2,5,1519756153384000,1335.0
2,5,1519756154134000,1386.0
2,5,1519756154885000,1423.0
2,5,1519756155633999,1407.0
2,5,1519756156384000,1315.0
2,5,1519756157134000,1152.0
2,5,1519756157884000,1044.0
2,5,1519756158633999,1038.0
2,5,1519756160134000,1039.0
2,5,1519756160885000,1038.0
2,5,1519756162534000,1039.0
2,5,1519756163284000,1043.0
2,5,1519756164033999,1041.0
2,5,1519756164784000,1040.0
2,5,1519756166494000,1041.0
2,5,1519756168353999,1040.0
2,5,1519756169254000,1041.0
2,5,1519756171054000,1040.0
2,5,1519756174684000,1041.0
2,5,1519756176485000,1040.0
2,5,1519756180115000,1039.0
2,5,1519756181945000,1041.0
2,5,1519756182845000,1042.0
2,5,1519756183745000,1041.0
2,5,1519756186475000,1040.0
2,5,1519756187374000,1039.0
2,5,1519756188275000,1040.0
2,5,1519756190975000,1041.0
2,5,1519756191995000,1040.0
2,5,1519756193795000,1041.0
2,5,1519756194695000,1038.0
2,5,1519756196494000,1039.0
2,5,1519756197393999,1041.0
2,5,1519756198294000,1040.0
2,5,1519756199225000,1043.0
2,5,1519756200126000,1041.0
2,5,1519756201024000,1040.0
2,5,1519756203753999,1039.0
2,5,1519756206454000,1040.0
2,5,1519756207353000,1038.0
2,5,1519756208254000,1040.0
2,5,1519756209153999,1039.0
2,5,1519756210984000,1040.0
2,5,1519756211888000,1041.0
2,5,1519756212785000,1040.0
2,5,1519756213685000,1041.0
2,5,1519756215465999,1039.0
2,5,1519756216353999,1040.0
2,5,1519756217225000,1039.0
2,5,1519756218123000,1040.0
2,5,1519756219025000,1039.0
2,5,1519756219895000,1041.0
2,5,1519756220793000,1039.0
2,5,1519756221664000,1038.0
2,5,1519756222565000,1040.0
2,5,1519756225984000,1041.0
2,5,1519756226765000,1040.0
2,5,1519756229975000,1039.0
2,5,1519756230844000,1040.0
2,5,1519756232675000,1043.0
2,5,1519756233575000,1044.0
2,5,1519756234445000,1043.0
2,5,1519756235344000,1041.0
2,5,1519756236215000,1002.0
2,5,1519756237115000,1006.0
2,5,1519756237953999,1027.0
2,5,1519756238854000,1089.0
2,5,1519756239694000,1061.0
2,5,1519756240534000,1051.0
2,5,1519756241374000,1045.0
2,5,1519756242215000,1043.0
2,5,1519756243054000,1042.0
2,5,1519756243864000,1041.0
2,5,1519756245367000,1040.0
2,5,1519756246113999,1012.0
2,5,1519756246953999,963.0
2,5,1519756247704000,962.0
2,5,1519756248513999,1208.0
2,5,1519756249264000,1558.0
2,5,1519756250015000,1637.0
2,5,1519756250765000,1244.0
2,5,1519756251517000,1114.0
2,5,1519756252353999,1057.0
2,5,1519756253105000,1043.0
2,5,1519756253854000,1040.0
2,5,1519756254604000,1041.0
2,5,1519756255353999,1039.0
2,5,1519756256104000,1038.0
2,5,1519756258417000,1040.0
2,5,1519756259165000,1038.0
2,5,1519756260753999,1039.0
2,5,1519756262344000,1038.0
2,5,1519756263844000,1039.0
2,5,1519756264593999,1038.0
2,5,1519756265404000,1039.0
2,5,1519756268016000,1040.0
2,5,1519756269846000,1042.0
2,5,1519756270750000,1041.0
2,5,1519756271645000,1040.0
2,5,1519756274344000,1039.0
2,5,1519756275244000,1040.0
2,5,1519756277105000,1039.0
2,5,1519756278905000,1040.0
2,5,1519756279805000,1039.0
2,5,1519756281603000,1041.0
2,5,1519756282536000,1039.0
2,5,1519756283436000,1042.0
2,5,1519756284334000,1041.0
2,5,1519756285235000,1042.0
2,5,1519756286134000,1041.0
2,5,1519756287065000,1039.0
2,5,1519756288864000,1038.0
2,5,1519756290664000,1042.0
2,5,1519756291564000,1041.0
2,5,1519756292494000,1042.0
2,5,1519756293393999,1040.0
2,5,1519756294324000,1039.0
2,5,1519756297054000,1040.0
2,5,1519756298854000,1041.0
2,5,1519756299753999,1039.0
2,5,1519756300654000,1038.0
2,5,1519756301584000,1040.0
2,5,1519756303444000,1042.0
2,5,1519756304344000,1041.0
2,5,1519756306144000,1040.0
2,5,1519756307076000,1038.0
2,5,1519756308877000,1040.0
2,5,1519756310673999,1041.0
2,5,1519756311604000,1040.0
2,5,1519756312534000,1039.0
2,5,1519756313433999,1040.0
2,5,1519756314334000,1038.0
2,5,1519756315233000,1040.0
2,5,1519756316133000,1039.0
2,5,1519756317064000,1042.0
2,5,1519756317964000,1040.0
2,5,1519756318864000,1042.0
2,5,1519756319765000,1038.0
2,5,1519756320664000,1037.0
2,5,1519756321564000,1041.0
2,5,1519756322465000,1038.0
2,5,1519756323364000,1040.0
2,5,1519756324264000,1041.0
2,5,1519756325193999,1042.0
2,5,1519756326094000,1040.0
2,5,1519756326993000,1039.0
2,5,1519756327893000,1040.0
2,5,1519756328793999,1039.0
2,5,1519756329694000,1040.0
2,5,1519756333233999,1041.0
2,5,1519756334175000,1038.0
2,5,1519756335093000,1040.0
2,5,1519756336863000,1042.0
2,5,1519756337764000,1145.0
2,5,1519756338604000,1090.0
2,5,1519756339473000,1766.0
2,5,1519756340344000,2215.0
2,5,1519756341183000,1268.0
2,5,1519756342024000,1411.0
2,5,1519756342864000,1554.0
2,5,1519756343736000,1689.0
2,5,1519756344573000,1793.0
2,5,1519756345384000,1849.0
2,5,1519756346193000,1975.0
2,5,1519756347033999,2189.0
2,5,1519756347873999,1896.0
2,5,1519756348622000,1532.0
2,5,1519756349374000,1616.0
2,5,1519756350123000,1600.0
2,5,1519756350964000,1560.0
2,5,1519756351924000,1558.0
2,5,1519756352793999,1619.0
2,5,1519756353993000,1780.0
2,5,1519756354864000,1914.0
2,5,1519756355676000,1679.0
2,5,1519756356574000,1329.0
2,5,1519756357412000,1284.0
2,5,1519756358253000,1235.0
2,5,1519756359094000,1198.0
2,5,1519756359884000,1162.0
2,5,1519756360712000,1136.0
2,5,1519756361493000,1143.0
2,5,1519756362423000,1127.0
2,5,1519756363233999,1114.0
2,5,1519756364014000,1080.0
2,5,1519756364764000,963.0
2,5,1519756365513999,1033.0
2,5,1519756366263000,1107.0
2,5,1519756367078000,1351.0
2,5,1519756367825999,1342.0
2,5,1519756368663000,1311.0
2,5,1519756369414000,1261.0
2,5,1519756370224000,975.0
2,5,1519756370975000,1020.0
2,5,1519756371725000,1029.0
2,5,1519756372564000,1033.0
2,5,1519756373313000,1036.0
2,5,1519756374065000,1039.0
2,5,1519756374813000,1133.0
2,5,1519756375564000,1225.0
2,5,1519756376313000,1282.0
2,5,1519756377123000,1327.0
2,5,1519756377879000,1373.0
2,5,1519756378625000,1429.0
2,5,1519756379375000,1495.0
2,5,1519756380125000,1584.0
2,5,1519756381053000,1717.0
2,5,1519756381832000,1832.0
2,5,1519756382613000,1891.0
2,5,1519756383363000,1981.0
2,5,1519756384113000,1585.0
2,5,1519756384863000,1296.0
2,5,1519756385613000,1396.0
2,5,1519756386363000,1475.0
2,5,1519756387201999,1572.0
2,5,1519756388012000,1674.0
2,5,1519756388763000,1738.0
2,5,1519756389513000,1704.0
2,5,1519756390264000,1674.0
2,5,1519756391013000,1662.0
2,5,1519756391763000,1652.0
2,5,1519756392513000,1609.0
2,5,1519756393263000,1568.0
2,5,1519756394013000,1535.0
2,5,1519756394852000,1522.0
2,5,1519756395752000,1520.0
2,5,1519756396652000,1535.0
2,5,1519756397552000,1551.0
2,5,1519756398453000,1553.0
2,5,1519756399382000,1539.0
2,5,1519756400281999,1518.0
2,5,1519756401182000,1503.0
2,5,1519756402112000,1502.0
2,5,1519756403012000,1525.0
2,5,1519756403972000,1570.0
2,5,1519756404872000,1614.0
2,5,1519756405772000,1657.0
2,5,1519756406672000,1678.0
2,5,1519756407572000,1667.0
2,5,1519756408472000,1642.0
2,5,1519756409401999,1598.0
2,5,1519756410302000,1573.0
2,5,1519756411203000,1583.0
2,5,1519756412102000,1617.0
2,5,1519756413005000,1657.0
2,5,1519756413933000,1698.0
2,5,1519756414833000,1728.0
2,5,1519756415732000,1723.0
2,5,1519756416632000,1714.0
2,5,1519756417561000,1708.0
2,5,1519756418462000,1684.0
2,5,1519756419364000,1665.0
2,5,1519756420262000,1650.0
2,5,1519756421161000,1624.0
2,5,1519756422092000,1590.0
2,5,1519756422992000,1578.0
2,5,1519756423893000,1581.0
2,5,1519756424792000,1633.0
2,5,1519756425692000,1696.0
2,5,1519756426592000,1752.0
2,5,1519756427521000,1809.0
2,5,1519756428422000,1814.0
2,5,1519756429321999,1793.0
2,5,1519756430221000,1764.0
2,5,1519756431121000,1732.0
2,5,1519756432022000,1708.0
2,5,1519756432952000,1671.0
2,5,1519756433881000,1606.0
2,5,1519756434752000,1538.0
2,5,1519756435681999,1501.0
2,5,1519756436581000,1480.0
2,5,1519756437540000,1425.0
2,5,1519756438441999,1350.0
2,5,1519756439341000,1301.0
2,5,1519756440209999,1298.0
2,5,1519756441110000,1299.0
2,5,1519756442011000,1312.0
2,5,1519756442911000,1344.0
2,5,1519756443809999,1383.0
2,5,1519756444711000,1439.0
2,5,1519756445609999,1492.0
2,5,1519756446541000,1550.0
2,5,1519756447440000,1600.0
2,5,1519756448341000,1643.0
2,5,1519756449209999,1688.0
2,5,1519756450111000,1760.0
2,5,1519756450980000,1861.0
2,5,1519756451881000,1924.0
2,5,1519756452781000,1888.0
2,5,1519756453651000,1817.0
2,5,1519756454551000,1746.0
2,5,1519756455421000,1682.0
2,5,1519756456321000,1610.0
2,5,1519756457249999,1546.0
2,5,1519756458093000,1584.0
2,5,1519756458991000,1634.0
2,5,1519756459831000,1671.0
2,5,1519756461510000,1666.0
2,5,1519756462380000,1634.0
2,5,1519756463249999,1629.0
2,5,1519756464119000,1658.0
2,5,1519756464929999,1713.0
2,5,1519756465772000,1791.0
2,5,1519756466580000,1892.0
2,5,1519756467391000,1961.0
2,5,1519756468140000,1941.0
2,5,1519756468896000,1882.0
2,5,1519756469731000,1863.0
2,5,1519756470481999,1843.0
2,5,1519756471261000,1824.0
2,5,1519756472190000,1811.0
2,5,1519756473089999,1739.0
2,5,1519756473931000,1712.0
2,5,1519756474769999,1713.0
2,5,1519756475609999,1729.0
2,5,1519756476481999,1739.0
2,5,1519756477320000,1724.0
2,5,1519756478249999,1685.0
2,5,1519756479119000,1612.0
2,5,1519756479960000,1551.0
2,5,1519756480771000,1403.0
2,5,1519756481580000,1038.0
2,5,1519756482449999,1046.0
2,5,1519756483231000,1091.0
2,5,1519756483985000,1005.0
2,5,1519756484734000,1022.0
2,5,1519756485481000,1030.0
2,5,1519756486231000,1036.0
2,5,1519756487822000,1039.0
2,5,1519756488572000,986.0
2,5,1519756489320000,962.0
2,5,1519756490070000,1092.0
2,5,1519756490821000,1344.0
2,5,1519756491569999,1438.0
2,5,1519756492381000,1480.0
2,5,1519756493129999,1505.0
2,5,1519756493881999,1510.0
2,5,1519756494633999,1519.0
2,5,1519756495382000,1537.0
2,5,1519756496131000,1524.0
2,5,1519756496941000,1484.0
2,5,1519756497720000,1427.0
2,5,1519756498470000,1168.0
2,5,1519756499219000,1085.0
2,5,1519756499969999,1169.0
2,5,1519756500720000,1248.0
2,5,1519756501473000,1274.0
2,5,1519756502340000,1278.0
2,5,1519756503240000,1127.0
2,5,1519756504140000,1056.0
2,5,1519756505072000,1044.0
2,5,1519756505972000,1040.0
2,5,1519756506902000,972.0
2,5,1519756507800000,975.0
2,5,1519756508701000,1243.0
2,5,1519756509601000,1734.0
2,5,1519756510500000,1909.0
2,5,1519756511431000,1304.0
2,5,1519756512360000,1200.0
2,5,1519756513260000,1508.0
2,5,1519756514159000,1839.0
2,5,1519756515060000,2003.0
2,5,1519756515961000,1096.0
2,5,1519756516891000,1237.0
2,5,1519756517790000,1260.0
2,5,1519756518691000,1289.0
2,5,1519756519620000,1337.0
2,5,1519756520520000,1375.0
2,5,1519756521420000,1407.0
2,5,1519756522320000,1458.0
2,5,1519756523219000,1526.0
2,5,1519756524119000,1594.0
2,5,1519756525020000,1664.0
2,5,1519756525920000,1735.0
2,5,1519756526820000,1796.0
2,5,1519756527749000,1852.0
2,5,1519756528649999,1906.0
2,5,1519756529609999,1302.0
2,5,1519756530569999,1370.0
2,5,1519756531500000,1439.0
2,5,1519756532431000,1520.0
2,5,1519756533329999,1583.0
2,5,1519756534230000,1634.0
2,5,1519756535129999,1672.0
2,5,1519756536030000,1697.0
2,5,1519756536960000,1720.0
2,5,1519756537859000,1724.0
2,5,1519756538760000,1668.0
2,5,1519756539660000,1695.0
2,5,1519756540560000,1691.0
2,5,1519756541460000,1698.0
2,5,1519756542359000,1714.0
2,5,1519756543259000,1723.0
2,5,1519756544189000,1738.0
2,5,1519756545089999,1755.0
2,5,1519756545990000,1767.0
2,5,1519756546889999,1768.0
2,5,1519756547790000,1755.0
2,5,1519756548689999,1735.0
2,5,1519756549590000,1710.0
2,5,1519756550520000,1674.0
2,5,1519756551419000,1638.0
2,5,1519756552319000,1585.0
2,5,1519756553219000,1575.0
2,5,1519756555019000,1577.0
2,5,1519756555919000,1576.0
2,5,1519756556822000,1582.0
2,5,1519756557750000,1591.0
2,5,1519756558649000,1608.0
2,5,1519756559550000,1586.0
2,5,1519756560449000,1578.0
2,5,1519756561349000,1085.0
2,5,1519756562249000,2246.0
2,5,1519756563149000,2215.0
2,5,1519756564049000,2196.0
2,5,1519756564949000,2185.0
2,5,1519756565851000,2144.0
2,5,1519756566750000,2097.0
2,5,1519756567649000,2049.0
2,5,1519756568549000,2007.0
2,5,1519756569420000,2009.0
2,5,1519756570320000,2039.0
2,5,1519756571188000,2079.0
2,5,1519756572089999,2097.0
2,5,1519756572992000,2114.0
2,5,1519756573859000,2138.0
2,5,1519756574759000,2155.0
2,5,1519756575629000,2179.0
2,5,1519756576529000,2259.0
2,5,1519756577369000,2349.0
2,5,1519756578239000,2423.0
2,5,1519756579109000,2377.0
2,5,1519756579950000,2297.0
2,5,1519756580790000,2257.0
2,5,1519756581631000,2224.0
2,5,1519756582469000,2150.0
2,5,1519756583251000,2079.0
2,5,1519756584089999,2007.0
2,5,1519756584869000,1938.0
2,5,1519756585652000,1863.0
2,5,1519756586489000,1775.0
2,5,1519756587299000,1631.0
2,5,1519756588051000,1035.0
2,5,1519756588800000,1039.0
2,5,1519756589608000,1049.0
2,5,1519756590389000,1042.0
2,5,1519756591289000,1403.0
2,5,1519756592217999,1647.0
2,5,1519756593089000,1762.0
2,5,1519756593961000,1976.0
2,5,1519756594801000,1651.0
2,5,1519756595641000,1551.0
2,5,1519756596571000,1511.0
2,5,1519756597528000,1696.0
2,5,1519756598340000,1861.0
2,5,1519756599159000,1976.0
2,5,1519756599929000,2023.0
2,5,1519756600742000,2038.0
2,5,1519756601489999,2044.0
2,5,1519756602329000,2057.0
2,5,1519756603079000,2085.0
2,5,1519756603829000,2106.0
2,5,1519756604580000,2119.0
2,5,1519756605389000,2103.0
2,5,1519756606200000,2062.0
2,5,1519756607043000,2002.0
2,5,1519756607791000,1953.0
2,5,1519756608541000,1933.0
2,5,1519756609289999,1934.0
2,5,1519756610044000,1946.0
2,5,1519756610790000,1966.0
2,5,1519756611540000,1984.0
2,5,1519756612289000,2001.0
2,5,1519756613040000,2006.0
2,5,1519756613791000,2011.0
2,5,1519756614543000,2009.0
2,5,1519756615289999,2010.0
2,5,1519756616043000,2011.0
2,5,1519756616791000,1996.0
2,5,1519756617629000,1973.0
2,5,1519756618379000,1962.0
2,5,1519756619128000,1968.0
2,5,1519756619881000,1982.0
2,5,1519756620689000,2005.0
2,5,1519756621469000,2029.0
2,5,1519756622279000,2075.0
2,5,1519756623031000,2131.0
2,5,1519756623782000,2194.0
2,5,1519756624537000,2241.0
2,5,1519756625280000,1675.0
2,5,1519756626033000,1566.0
2,5,1519756626781000,1592.0
2,5,1519756627528000,1635.0
2,5,1519756628280000,1678.0
2,5,1519756629031000,1725.0
2,5,1519756629781000,1768.0
2,5,1519756630531000,1807.0
2,5,1519756631279000,1840.0
2,5,1519756632118000,1866.0
2,5,1519756632989000,1883.0
2,5,1519756633889999,1897.0
2,5,1519756634789000,1912.0
2,5,1519756635689000,1930.0
2,5,1519756636588000,1948.0
2,5,1519756637519000,1966.0
2,5,1519756638417999,1982.0
2,5,1519756639319000,1993.0
2,5,1519756640249000,2008.0
2,5,1519756641179000,2022.0
2,5,1519756642108000,2060.0
2,5,1519756643009000,2085.0
2,5,1519756643909000,2100.0
2,5,1519756644809000,2113.0
2,5,1519756645709000,2124.0
2,5,1519756646608000,2137.0
2,5,1519756647539000,2167.0
2,5,1519756648439000,2212.0
2,5,1519756649337999,1538.0
2,5,1519756650268000,1762.0
2,5,1519756651198000,1790.0
2,5,1519756652127000,1825.0
2,5,1519756653031000,1855.0
2,5,1519756653929000,1887.0
2,5,1519756654829000,1911.0
2,5,1519756655758000,1372.0
2,5,1519756656657999,1588.0
2,5,1519756657588000,1590.0
2,5,1519756658488000,1596.0
2,5,1519756659388000,1610.0
2,5,1519756660288000,1623.0
2,5,1519756661188000,1634.0
2,5,1519756662088000,1661.0
2,5,1519756662989000,1687.0
2,5,1519756663889000,1710.0
2,5,1519756664788000,1726.0
2,5,1519756665687000,1740.0
2,5,1519756666588000,1757.0
2,5,1519756667488000,1777.0
2,5,1519756668388000,1783.0
2,5,1519756669288000,1781.0
2,5,1519756670188000,1791.0
2,5,1519756671087000,1805.0
2,5,1519756672020000,1802.0
2,5,1519756672919000,1795.0
2,5,1519756673817999,1791.0
2,5,1519756674719000,1788.0
2,5,1519756675617999,1792.0
2,5,1519756676489000,1765.0
2,5,1519756677388000,1761.0
2,5,1519756678288000,1735.0
2,5,1519756679187000,1724.0
2,5,1519756680088000,1718.0
2,5,1519756680988000,1717.0
2,5,1519756681888000,1719.0
2,5,1519756682817999,1713.0
2,5,1519756683717000,1714.0
2,5,1519756684620000,1708.0
2,5,1519756685489000,1700.0
2,5,1519756686388000,1688.0
2,5,1519756687259000,1682.0
2,5,1519756688188000,1673.0
2,5,1519756689089000,1659.0
2,5,1519756689988000,1644.0
2,5,1519756690857999,1630.0
2,5,1519756691758000,1612.0
2,5,1519756692599000,1603.0
2,5,1519756693497999,1598.0
2,5,1519756694339000,1582.0
2,5,1519756695209000,1580.0
2,5,1519756696107000,1571.0
2,5,1519756696949000,1566.0
2,5,1519756697789000,1567.0
2,5,1519756698688000,1570.0
2,5,1519756699500000,1574.0
2,5,1519756700277000,1581.0
2,5,1519756701147000,1578.0
2,5,1519756702047000,1582.0
2,5,1519756702860000,1585.0
2,5,1519756703612000,1592.0
2,5,1519756704360000,1599.0
2,5,1519756705168000,1605.0
2,5,1519756705950000,1619.0
2,5,1519756706701000,1624.0
2,5,1519756707510000,1626.0
2,5,1519756709009999,1642.0
2,5,1519756709908000,1650.0
2,5,1519756710748000,1662.0
2,5,1519756711587000,1670.0
2,5,1519756713358000,1674.0
2,5,1519756714199000,1672.0
2,5,1519756715038000,1674.0
2,5,1519756715849999,1673.0
2,5,1519756716688000,1679.0
2,5,1519756717527000,1675.0
2,5,1519756718339000,1669.0
2,5,1519756719177000,1663.0
2,5,1519756719928000,1659.0
2,5,1519756720649999,1656.0
2,5,1519756721457999,1651.0
2,5,1519756722299000,1643.0
2,5,1519756723049000,1631.0
2,5,1519756723829000,1622.0
2,5,1519756724638000,1601.0
2,5,1519756725388000,1580.0
2,5,1519756726137000,1555.0
2,5,1519756726888000,1531.0
2,5,1519756727697999,1510.0
2,5,1519756728448000,1496.0
2,5,1519756729200000,1493.0
2,5,1519756729948000,1498.0
2,5,1519756730699000,1505.0
2,5,1519756731449999,1525.0
2,5,1519756732198000,1540.0
2,5,1519756732951000,1574.0
2,5,1519756733700000,1601.0
2,5,1519756734461000,1618.0
2,5,1519756735198000,1629.0
2,5,1519756735948000,1655.0
2,5,1519756736700000,1682.0
2,5,1519756737537999,1698.0
2,5,1519756738288000,1733.0
2,5,1519756739039000,1747.0
2,5,1519756739788000,1774.0
2,5,1519756740540000,1796.0
2,5,1519756741288000,1832.0
2,5,1519756742097999,1853.0
2,5,1519756742878000,1875.0
2,5,1519756743628000,1893.0
2,5,1519756744377999,1943.0
2,5,1519756745127000,1923.0
2,5,1519756745878000,1928.0
2,5,1519756746628000,1935.0
2,5,1519756747377000,1928.0
2,5,1519756748128000,1927.0
2,5,1519756749028000,1928.0
2,5,1519756749926000,1926.0
2,5,1519756753558000,1922.0
2,5,1519756754457999,1919.0
2,5,1519756755358000,1923.0
2,5,1519756756257000,1922.0
2,5,1519756757187000,1933.0
2,5,1519756758087000,1939.0
2,5,1519756758988000,1931.0
2,5,1519756759887000,1943.0
2,5,1519756760788000,1934.0
2,5,1519756761687000,1945.0
2,5,1519756762588000,1939.0
2,5,1519756763487000,1947.0
2,5,1519756764388000,1945.0
2,5,1519756765287000,1943.0
2,5,1519756766187000,1950.0
2,5,1519756767117000,1944.0
2,5,1519756768017000,1938.0
2,5,1519756768917000,1951.0
2,5,1519756769816000,1943.0
2,5,1519756770717000,1947.0
2,5,1519756771617000,1952.0
2,5,1519756772518000,1940.0
2,5,1519756773417999,1948.0
2,5,1519756774319000,1941.0
2,5,1519756775247000,1892.0
2,5,1519756776147000,1859.0
2,5,1519756777105999,1798.0
2,5,1519756778007000,1738.0
2,5,1519756778907000,1694.0
2,5,1519756779809000,1638.0
2,5,1519756780707000,1581.0
2,5,1519756781607000,1534.0
2,5,1519756782566000,1505.0
2,5,1519756783467000,1495.0
2,5,1519756784368000,1472.0
2,5,1519756785357000,1424.0
2,5,1519756786715000,1629.0
2,5,1519756788516000,1664.0
2,5,1519756790375000,1743.0
2,5,1519756792145999,1790.0
2,5,1519756793715000,1831.0
2,5,1519756795885000,1916.0
2,5,1519756797921000,1949.0
2,5,1519756799766000,2004.0
2,5,1519756801744000,2053.0
2,5,1519756803724000,2148.0
2,5,1519756805788000,2170.0
2,5,1519756807681999,2217.0
2,5,1519756809911000,1675.0
2,5,1519756811893000,1991.0
2,5,1519756813790000,2099.0
2,5,1519756816097999,2192.0
2,5,1519756818327000,2193.0
2,5,1519756820553999,2190.0
2,5,1519756822864000,2209.0
2,5,1519756824764000,2226.0
2,5,1519756827071000,2241.0
2,5,1519756829133000,2248.0
2,5,1519756831279000,2261.0
2,5,1519756833753000,2268.0
2,5,1519756835735000,2269.0
2,5,1519756839776000,2268.0
2,5,1519756844317000,2266.0
2,5,1519756846209999,2270.0
2,5,1519756848521000,2269.0
2,5,1519756850638000,2271.0
2,5,1519756852811000,2275.0
2,5,1519756854791000,2281.0
2,5,1519756856990000,2283.0
2,5,1519756858999000,2285.0
2,5,1519756861479000,2281.0
2,5,1519756863865999,2280.0
2,5,1519756870548000,2274.0
2,5,1519756872363000,2267.0
2,5,1519756874425000,2271.0
2,5,1519756876569999,2264.0
2,5,1519756878385999,2263.0
2,5,1519756880529999,2261.0
2,5,1519756882428000,2260.0
2,5,1519756884823000,2263.0
2,5,1519756886801000,2267.0
2,5,1519756888865000,2277.0
2,5,1519756891008000,2281.0
2,5,1519756893153000,2280.0
2,5,1519756895481000,2275.0
2,5,1519756897360000,2278.0
2,5,1519756899313000,2279.0
2,5,1519756903052000,2275.0
2,5,1519756905280000,2274.0
2,5,1519756909736000,2278.0
2,5,1519756911550000,2281.0
2,5,1519756913529999,2279.0
2,5,1519756915510000,2276.0
2,5,1519756917627000,2274.0
2,5,1519756919552000,2271.0
2,5,1519756921865000,2270.0
2,5,1519756924255000,2254.0
2,5,1519756926233999,2204.0
2,5,1519756928628000,2180.0
2,5,1519756930691000,2201.0
2,5,1519756932889999,2220.0
2,5,1519756934816000,2237.0
2,5,1519756936878000,2252.0
2,5,1519756938943000,2255.0
2,5,1519756941334000,2261.0
2,5,1519756943147000,2264.0
2,5,1519756945127000,2263.0
2,5,1519756949169000,2257.0
2,5,1519756951231000,2256.0
2,5,1519756953377000,2262.0
2,5,1519756957144000,2260.0
2,5,1519756959233999,2265.0
2,5,1519756961478000,2271.0
2,5,1519756963854000,2274.0
2,5,1519756965833999,2271.0
2,5,1519756967649999,2273.0
2,5,1519756971527000,2271.0
2,5,1519756973757000,2282.0
2,5,1519756975989000,2285.0
2,5,1519756977961999,2284.0
2,5,1519756980189000,2283.0
2,5,1519756982169000,2284.0
2,5,1519756984232000,2283.0
2,5,1519756988109000,2282.0
2,5,1519756990336000,2271.0
2,5,1519756992483000,2237.0
2,5,1519756994463000,2186.0
2,5,1519756996524000,2143.0
2,5,1519756998919000,2097.0
2,5,1519757000733000,2073.0
2,5,1519757002960000,2072.0
2,5,1519757005269000,2066.0
2,5,1519757007664000,2065.0
2,5,1519757009889999,2064.0
2,5,1519757016489000,2062.0
2,5,1519757018801000,2070.0
2,5,1519757021025999,2055.0
2,5,1519757023309000,2031.0
2,5,1519757025488000,2002.0
2,5,1519757027477000,2007.0
2,5,1519757030184000,2029.0
2,5,1519757032219000,2057.0
2,5,1519757034225999,2073.0
2,5,1519757036453000,2080.0
2,5,1519757038600000,2091.0
2,5,1519757040825999,2088.0
2,5,1519757042641000,2089.0
2,5,1519757045037000,2067.0
2,5,1519757047015000,2090.0
2,5,1519757049241000,2140.0
2,5,1519757051193000,2184.0
2,5,1519757053449000,2217.0
2,5,1519757055428000,2236.0
2,5,1519757057821000,2247.0
2,5,1519757060131000,2252.0
2,5,1519757062276000,2259.0
2,5,1519757066813000,2266.0
2,5,1519757068959000,2258.0
2,5,1519757071185999,2267.0
2,5,1519757073166000,2263.0
2,5,1519757075228000,2276.0
2,5,1519757077537000,2272.0
2,5,1519757079766000,2278.0
2,5,1519757081992000,2275.0
2,5,1519757084137999,2264.0
2,5,1519757086009000,2269.0
2,5,1519757087521000,2268.0
2,5,1519757089087000,2265.0
2,5,1519757091233000,2276.0
2,5,1519757093377999,2272.0
2,5,1519757095358000,2276.0
2,5,1519757097833000,2274.0
2,5,1519757099977999,2272.0
2,5,1519757102123000,2274.0
2,5,1519757104350000,2279.0
2,5,1519757106825000,2285.0
2,5,1519757108807000,2279.0
2,5,1519757111281000,2271.0
2,5,1519757113592000,2265.0
2,5,1519757115569999,2258.0
2,5,1519757117881000,2259.0
2,5,1519757120190000,2228.0
2,5,1519757122345000,2160.0
2,5,1519757124563000,2115.0
2,5,1519757126955000,2016.0
2,5,1519757129347000,1895.0
2,5,1519757131659000,1773.0
2,5,1519757133886000,1713.0
2,5,1519757136443000,1677.0
2,5,1519757138588000,1667.0
2,5,1519757140569000,1657.0
2,5,1519757144693000,1665.0
2,5,1519757146921999,1666.0
2,5,1519757149147000,1636.0
2,5,1519757151512000,1530.0
2,5,1519757153603000,1423.0
2,5,1519757156076000,1308.0
2,5,1519757158222000,1353.0
2,5,1519757160203000,1445.0
2,5,1519757162264000,1430.0
2,5,1519757164328000,1440.0
2,5,1519757166476000,1509.0
2,5,1519757168619000,1567.0
2,5,1519757171094000,1646.0
2,5,1519757173321999,1751.0
2,5,1519757175633000,1777.0
2,5,1519757177944000,1849.0
2,5,1519757180171000,1962.0
2,5,1519757182647000,2053.0
2,5,1519757184793999,2025.0
2,5,1519757186937000,1951.0
2,5,1519757189164000,1917.0
2,5,1519757191225999,1905.0
2,5,1519757193427000,1913.0
2,5,1519757195681999,1883.0
2,5,1519757197910000,1861.0
2,5,1519757199974000,1862.0
2,5,1519757202448000,1868.0
2,5,1519757204593000,1886.0
2,5,1519757206656000,1932.0
2,5,1519757208635000,1982.0
2,5,1519757210945999,2041.0
2,5,1519757213172000,2075.0
2,5,1519757215732000,2099.0
2,5,1519757218287000,2111.0
2,5,1519757220597000,2114.0
2,5,1519757222577000,2120.0
2,5,1519757224942000,2119.0
2,5,1519757227115000,2118.0
2,5,1519757229589000,2121.0
2,5,1519757231653000,2108.0
2,5,1519757233798000,2106.0
2,5,1519757238007000,2110.0
2,5,1519757240044000,2095.0
2,5,1519757242377000,2012.0
2,5,1519757244275000,1973.0
2,5,1519757246502000,1991.0
2,5,1519757248649000,2027.0
2,5,1519757251121999,2136.0
2,5,1519757252550000,2214.0
2,5,1519757253406000,2249.0
2,5,1519757254259000,2294.0
2,5,1519757255081000,2325.0
2,5,1519757255905999,2360.0
2,5,1519757256760000,2390.0
2,5,1519757257611000,2424.0
2,5,1519757258437000,2449.0
2,5,1519757259233999,2472.0
2,5,1519757260086000,2496.0
2,5,1519757260939000,2459.0
2,5,1519757261766000,2420.0
2,5,1519757262617000,2380.0
2,5,1519757263441999,2336.0
2,5,1519757264294000,2315.0
2,5,1519757265118000,2307.0
2,5,1519757265944000,2303.0
2,5,1519757266771000,2302.0
2,5,1519757267622000,2306.0
2,5,1519757268446000,2309.0
2,5,1519757269299000,2301.0
2,5,1519757270123000,2287.0
2,5,1519757270949000,2268.0
2,5,1519757271774000,2245.0
2,5,1519757272654000,2224.0
2,5,1519757273479000,2217.0
2,5,1519757274304000,2208.0
2,5,1519757275128000,2213.0
2,5,1519757275955000,2219.0
2,5,1519757276779000,2226.0
2,5,1519757277604000,2233.0
2,5,1519757278429000,2243.0
2,5,1519757279253000,2254.0
2,5,1519757280051000,2266.0
2,5,1519757280849000,2275.0
2,5,1519757281675000,2292.0
2,5,1519757282526000,2300.0
2,5,1519757283352000,2313.0
2,5,1519757284176000,2330.0
2,5,1519757285001999,2344.0
2,5,1519757285827000,2360.0
2,5,1519757286652000,2376.0
2,5,1519757287475000,2394.0
2,5,1519757288328000,2413.0
2,5,1519757289181000,2435.0
2,5,1519757290006000,2455.0
2,5,1519757290832000,2474.0
2,5,1519757291656000,2473.0
2,5,1519757292481000,2469.0
2,5,1519757293305000,2466.0
2,5,1519757294957000,2468.0
2,5,1519757295782000,2467.0
2,5,1519757296606000,2466.0
2,5,1519757297431000,2470.0
2,5,1519757298256000,2469.0
2,5,1519757299081000,2465.0
2,5,1519757299905999,2451.0
2,5,1519757300731000,2429.0
2,5,1519757301529000,2414.0
2,5,1519757302353999,2389.0
2,5,1519757303177999,2376.0
2,5,1519757304004000,2347.0
2,5,1519757304829000,2329.0
2,5,1519757305654000,2305.0
2,5,1519757306479000,2291.0
2,5,1519757307304000,2285.0
2,5,1519757308128000,2280.0
2,5,1519757308953999,2269.0
2,5,1519757309779000,2263.0
2,5,1519757310604000,2254.0
2,5,1519757311429000,2235.0
2,5,1519757312254000,2225.0
2,5,1519757313078000,2229.0
2,5,1519757313902000,2226.0
2,5,1519757314729000,2230.0
2,5,1519757315581000,2236.0
2,5,1519757316406000,2228.0
2,5,1519757317231000,2233.0
2,5,1519757318056000,2234.0
2,5,1519757318881000,2244.0
2,5,1519757320531000,2239.0
2,5,1519757322180000,2233.0
2,5,1519757323006000,2236.0
2,5,1519757323832000,2234.0
2,5,1519757324656000,2237.0
2,5,1519757326305999,2246.0
2,5,1519757327158000,2256.0
2,5,1519757327983000,2262.0
2,5,1519757328809000,2264.0
2,5,1519757329633999,2258.0
2,5,1519757330459000,2253.0
2,5,1519757331311000,2249.0
2,5,1519757332163000,2245.0
2,5,1519757333016000,2250.0
2,5,1519757333841000,2256.0
2,5,1519757334665999,2249.0
2,5,1519757335491000,2233.0
2,5,1519757336344000,2219.0
2,5,1519757337169000,2192.0
2,5,1519757337993999,2165.0
2,5,1519757338819000,2135.0
2,5,1519757339644000,2106.0
2,5,1519757340469000,2095.0
2,5,1519757341294000,2081.0
2,5,1519757342118000,2083.0
2,5,1519757342944000,2081.0
2,5,1519757343769000,2080.0
2,5,1519757344593999,2096.0
2,5,1519757345419000,2137.0
2,5,1519757346244000,2178.0
2,5,1519757347069000,2210.0
2,5,1519757347893000,2232.0
2,5,1519757348719000,2249.0
2,5,1519757349571000,2267.0
2,5,1519757350396000,2289.0
2,5,1519757351221000,2308.0
2,5,1519757352046000,2323.0
2,5,1519757352871000,2338.0
2,5,1519757353697000,2362.0
2,5,1519757354521000,2385.0
2,5,1519757355373000,2413.0
2,5,1519757356199000,2452.0
2,5,1519757357023000,2476.0
2,5,1519757357903000,2498.0
2,5,1519757358756000,2527.0
2,5,1519757359581000,2542.0
2,5,1519757360433000,2564.0
2,5,1519757361257999,2582.0
2,5,1519757362083000,2610.0
2,5,1519757362936000,2631.0
2,5,1519757363761000,2655.0
2,5,1519757364585999,2667.0
2,5,1519757365356000,2657.0
2,5,1519757366180000,2660.0
2,5,1519757367006000,2648.0
2,5,1519757367830000,2566.0
2,5,1519757368655000,2614.0
2,5,1519757369481000,2569.0
2,5,1519757370360000,2550.0
2,5,1519757371185999,2530.0
2,5,1519757372009999,2493.0
2,5,1519757372863000,2457.0
2,5,1519757373689999,2419.0
2,5,1519757374513000,2424.0
2,5,1519757375337999,2385.0
2,5,1519757376163000,2388.0
2,5,1519757376988000,2386.0
2,5,1519757377841000,2390.0
2,5,1519757378665999,2396.0
2,5,1519757379492000,2394.0
2,5,1519757380316000,2397.0
2,5,1519757381141000,2368.0
2,5,1519757381965000,2335.0
2,5,1519757382817999,2309.0
2,5,1519757383670000,2297.0
2,5,1519757384496000,2284.0
2,5,1519757385321999,2279.0
2,5,1519757386145000,2273.0
2,5,1519757386971000,2261.0
2,5,1519757387822000,2248.0
2,5,1519757388648000,2229.0
2,5,1519757389473000,2223.0
2,5,1519757390299000,2221.0
2,5,1519757391121999,2222.0
2,5,1519757391948000,2231.0
2,5,1519757392800000,2242.0
2,5,1519757393653000,2253.0
2,5,1519757394478000,2250.0
2,5,1519757395303000,2244.0
2,5,1519757396128000,2249.0
2,5,1519757396953000,2256.0
2,5,1519757397807000,2261.0
2,5,1519757398657999,2265.0
2,5,1519757399483000,2272.0
2,5,1519757400309000,2275.0
2,5,1519757401132000,2274.0
2,5,1519757401958000,2273.0
2,5,1519757402809999,2270.0
2,5,1519757403636000,2271.0
2,5,1519757404459000,2246.0
2,5,1519757405285000,2241.0
2,5,1519757406110000,2210.0
2,5,1519757406936000,2178.0
2,5,1519757407760000,2152.0
2,5,1519757408585999,2121.0
2,5,1519757409409999,2097.0
2,5,1519757410235000,2047.0
2,5,1519757411061000,2006.0
2,5,1519757411887000,1969.0
2,5,1519757412711000,1937.0
2,5,1519757413535000,1906.0
2,5,1519757414360000,1885.0
2,5,1519757415185000,1875.0
2,5,1519757416011000,1866.0
2,5,1519757416836000,1855.0
2,5,1519757418513000,1842.0
2,5,1519757419337999,1831.0
2,5,1519757420217999,1823.0
2,5,1519757421043000,1814.0
2,5,1519757421868000,1817.0
2,5,1519757422693000,1818.0
2,5,1519757423518000,1804.0
2,5,1519757424343000,1789.0
2,5,1519757425167000,1767.0
2,5,1519757425993999,1745.0
2,5,1519757426817999,1726.0
2,5,1519757427644000,1717.0
2,5,1519757428468000,1708.0
2,5,1519757429320000,1704.0
2,5,1519757430971000,1712.0
2,5,1519757431796000,1721.0
2,5,1519757432620000,1724.0
2,5,1519757433445000,1735.0
2,5,1519757434270000,1746.0
2,5,1519757435096000,1751.0
2,5,1519757435921000,1755.0
2,5,1519757436745000,1761.0
2,5,1519757437597000,1763.0
2,5,1519757438423000,1764.0
2,5,1519757439248000,1767.0
2,5,1519757440072000,1764.0
2,5,1519757440899000,1766.0
2,5,1519757441723000,1769.0
2,5,1519757442548000,1767.0
2,5,1519757443373000,1766.0
2,5,1519757444197000,1759.0
2,5,1519757445023000,1752.0
2,5,1519757445848000,1746.0
2,5,1519757446673000,1717.0
2,5,1519757447497999,1730.0
2,5,1519757448350000,1707.0
2,5,1519757449175000,1692.0
2,5,1519757450000000,1684.0
2,5,1519757450798000,1671.0
2,5,1519757451623000,1659.0
2,5,1519757452475000,1657.0
2,5,1519757453300000,1668.0
2,5,1519757454124000,1650.0
2,5,1519757454950000,1647.0
2,5,1519757455775000,1644.0
2,5,1519757456628000,1641.0
2,5,1519757457480000,1640.0
2,5,1519757458305999,1644.0
2,5,1519757459955000,1650.0
2,5,1519757460780000,1653.0
2,5,1519757461605000,1658.0
2,5,1519757462430000,1654.0
2,5,1519757463255000,1646.0
2,5,1519757464080000,1637.0
2,5,1519757464904000,1630.0
2,5,1519757465729999,1627.0
2,5,1519757466555000,1624.0
2,5,1519757467379000,1616.0
2,5,1519757468233000,1613.0
2,5,1519757469057999,1609.0
2,5,1519757469881999,1605.0
2,5,1519757470708000,1607.0
2,5,1519757471478000,1609.0
2,5,1519757473155000,1615.0
2,5,1519757473980000,1621.0
2,5,1519757475685000,1631.0
2,5,1519757476510000,1627.0
2,5,1519757477335000,1632.0
2,5,1519757478187000,1631.0
2,5,1519757479014000,1633.0
2,5,1519757480663000,1628.0
2,5,1519757481488000,1624.0
2,5,1519757482340000,1618.0
2,5,1519757483192000,1612.0
2,5,1519757484073000,1593.0
2,5,1519757484897999,1570.0
2,5,1519757485721999,1540.0
2,5,1519757486549000,1509.0
2,5,1519757487372000,1480.0
2,5,1519757488225000,1450.0
2,5,1519757489077000,1422.0
2,5,1519757489929999,1400.0
2,5,1519757490759000,1385.0
2,5,1519757491580000,1375.0
2,5,1519757492405000,1369.0
2,5,1519757493257000,1364.0
2,5,1519757494081999,1360.0
2,5,1519757494908000,1358.0
2,5,1519757495760000,1359.0
2,5,1519757496585000,1358.0
2,5,1519757497409000,1361.0
2,5,1519757498235000,1363.0
2,5,1519757499060000,1366.0
2,5,1519757499884000,1371.0
2,5,1519757500710000,1374.0
2,5,1519757502360000,1379.0
2,5,1519757503267000,1382.0
2,5,1519757504092000,1387.0
2,5,1519757504917000,1392.0
2,5,1519757505742000,1390.0
2,5,1519757506568000,1380.0
2,5,1519757507392000,1373.0
2,5,1519757508245000,1362.0
2,5,1519757509069000,1344.0
2,5,1519757509895000,1351.0
2,5,1519757510719000,1360.0
2,5,1519757511545000,1365.0
2,5,1519757512369999,1382.0
2,5,1519757513249999,1386.0
2,5,1519757514076000,1402.0
2,5,1519757514900000,1421.0
2,5,1519757515726000,1452.0
2,5,1519757516550000,1490.0
2,5,1519757517375000,1515.0
2,5,1519757518255000,1529.0
2,5,1519757519080000,1549.0
2,5,1519757519905000,1548.0
2,5,1519757521556000,1558.0
2,5,1519757522380000,1574.0
2,5,1519757523233000,1576.0
2,5,1519757524057000,1572.0
2,5,1519757524881999,1575.0
2,5,1519757525707000,1571.0
2,5,1519757526532000,1573.0
2,5,1519757527356000,1569.0
2,5,1519757528209999,1564.0
2,5,1519757529035000,1567.0
2,5,1519757529859000,1564.0
2,5,1519757530684000,1562.0
2,5,1519757531510000,1571.0
2,5,1519757532361999,1572.0
2,5,1519757533187000,1575.0
2,5,1519757534012000,1579.0
2,5,1519757534837000,1585.0
2,5,1519757535662000,1580.0
2,5,1519757537230000,1573.0
2,5,1519757538081000,1561.0
2,5,1519757538907000,1554.0
2,5,1519757539760000,1545.0
2,5,1519757540612000,1540.0
2,5,1519757541437000,1536.0
2,5,1519757542262000,1526.0
2,5,1519757543113999,1524.0
2,5,1519757543939000,1519.0
2,5,1519757544764000,1513.0
2,5,1519757545589000,1509.0
2,5,1519757546414000,1507.0
2,5,1519757547239000,1501.0
2,5,1519757548092000,1498.0
2,5,1519757548917000,1493.0
2,5,1519757549769000,1485.0
2,5,1519757550593999,1478.0
2,5,1519757551419000,1471.0
2,5,1519757552244000,1455.0
2,5,1519757553071000,1450.0
2,5,1519757553895000,1454.0
2,5,1519757554719000,1166.0
2,5,1519757555543000,1673.0
2,5,1519757556342000,1692.0
2,5,1519757557166000,1716.0
2,5,1519757557993000,1758.0
2,5,1519757558817000,1782.0
2,5,1519757559643000,1787.0
2,5,1519757560467000,1780.0
2,5,1519757561292000,1774.0
2,5,1519757562116000,1771.0
2,5,1519757562942000,1770.0
2,5,1519757563767000,1796.0
2,5,1519757564592000,1814.0
2,5,1519757565417000,1840.0
2,5,1519757566241999,1864.0
2,5,1519757567067000,1888.0
2,5,1519757567892000,1907.0
2,5,1519757568744000,1930.0
2,5,1519757569571000,1946.0
2,5,1519757570393999,1952.0
2,5,1519757571219000,1944.0
2,5,1519757572071000,1933.0
2,5,1519757572897000,1912.0
2,5,1519757573750000,1889.0
2,5,1519757574574000,1871.0
2,5,1519757575399000,1849.0
2,5,1519757576252000,1826.0
2,5,1519757577076000,1816.0
2,5,1519757577902000,1820.0
2,5,1519757578727000,1824.0
2,5,1519757579552000,1836.0
2,5,1519757580404000,1856.0
2,5,1519757581229000,1880.0
2,5,1519757582055000,1911.0
2,5,1519757582879000,1970.0
2,5,1519757583704000,2039.0
2,5,1519757584529000,2110.0
2,5,1519757585353999,2182.0
2,5,1519757586206000,2255.0
2,5,1519757587031000,2310.0
2,5,1519757587884000,1941.0
2,5,1519757588709000,1948.0
2,5,1519757589534000,1992.0
2,5,1519757590359000,2030.0
2,5,1519757591184000,2064.0
2,5,1519757592009999,2092.0
2,5,1519757592833999,2113.0
2,5,1519757593659000,2134.0
2,5,1519757594485000,2163.0
2,5,1519757595309000,2176.0
2,5,1519757596133000,2183.0
2,5,1519757596960000,2202.0
2,5,1519757597811000,2210.0
2,5,1519757598664000,2228.0
2,5,1519757599489000,2253.0
2,5,1519757600313999,2262.0
2,5,1519757601137999,2288.0
2,5,1519757601965000,2308.0
2,5,1519757602872000,2330.0
2,5,1519757603697999,2348.0
2,5,1519757604550000,2371.0
2,5,1519757605373000,2391.0
2,5,1519757606199000,2414.0
2,5,1519757607024000,2440.0
2,5,1519757607849000,2463.0
2,5,1519757608673999,2481.0
2,5,1519757609499000,2511.0
2,5,1519757610351000,2530.0
2,5,1519757611176000,2550.0
2,5,1519757612001999,2575.0
2,5,1519757612854000,2595.0
2,5,1519757613679000,2618.0
2,5,1519757614504000,2642.0
2,5,1519757615328000,2658.0
2,5,1519757616153999,2686.0
2,5,1519757616980000,2704.0
2,5,1519757617831000,2727.0
2,5,1519757618656000,2750.0
2,5,1519757619481000,2774.0
2,5,1519757620251000,2795.0
2,5,1519757621076000,2823.0
2,5,1519757621901000,2849.0
2,5,1519757622755000,2874.0
2,5,1519757623579000,2894.0
2,5,1519757624404000,2917.0
2,5,1519757625229000,2938.0
2,5,1519757626053000,2949.0
2,5,1519757626881000,2950.0
2,5,1519757627731000,2936.0
2,5,1519757628556000,2930.0
2,5,1519757629381000,2918.0
2,5,1519757630233999,2890.0
2,5,1519757631057999,2861.0
2,5,1519757631884000,2835.0
2,5,1519757632791000,2810.0
2,5,1519757633644000,2788.0
2,5,1519757634469000,2756.0
2,5,1519757635294000,2719.0
2,5,1519757636145999,2684.0
2,5,1519757636971000,2646.0
2,5,1519757637824000,2599.0
2,5,1519757638649000,2558.0
2,5,1519757639473999,2510.0
2,5,1519757640299000,2479.0
2,5,1519757641153000,2452.0
2,5,1519757641976000,2432.0
2,5,1519757642801000,2415.0
2,5,1519757643625999,2401.0
2,5,1519757644451000,2384.0
2,5,1519757645276000,2366.0
2,5,1519757646100000,2345.0
2,5,1519757646926000,2317.0
2,5,1519757647806000,2275.0
2,5,1519757648632000,2238.0
2,5,1519757649456000,2210.0
2,5,1519757650281000,2187.0
2,5,1519757651105000,2173.0
2,5,1519757651931000,2166.0
2,5,1519757652784000,2170.0
2,5,1519757653609000,2178.0
2,5,1519757654461000,2192.0
2,5,1519757655286000,2208.0
2,5,1519757656110000,2234.0
2,5,1519757656936000,2263.0
2,5,1519757657761000,2286.0
2,5,1519757658585999,2307.0
2,5,1519757659439000,2278.0
2,5,1519757660263000,2266.0
2,5,1519757661088000,2219.0
2,5,1519757661913000,2199.0
2,5,1519757662766000,2178.0
2,5,1519757663619000,2171.0
2,5,1519757664443000,2172.0
2,5,1519757665268000,2174.0
2,5,1519757666093000,2180.0
2,5,1519757666918000,2194.0
2,5,1519757667772000,2209.0
2,5,1519757668596000,2226.0
2,5,1519757669421000,2252.0
2,5,1519757670246000,2275.0
2,5,1519757671070000,2309.0
2,5,1519757671896000,2342.0
2,5,1519757672748000,2377.0
2,5,1519757673601999,2412.0
2,5,1519757674425999,2440.0
2,5,1519757675278000,2481.0
2,5,1519757676129999,2497.0
2,5,1519757676956000,2501.0
2,5,1519757678606000,2497.0
2,5,1519757679431000,2480.0
2,5,1519757680256000,2456.0
2,5,1519757681080000,2427.0
2,5,1519757681905999,2405.0
2,5,1519757682731000,2371.0
2,5,1519757683556000,2341.0
2,5,1519757684408000,2320.0
2,5,1519757685233999,2310.0
2,5,1519757686057999,2304.0
2,5,1519757686883000,2300.0
2,5,1519757687708000,2299.0
2,5,1519757688560000,2291.0
2,5,1519757689385999,2272.0
2,5,1519757690211000,2243.0
2,5,1519757691036000,2201.0
2,5,1519757691860000,2160.0
2,5,1519757692686000,2145.0
2,5,1519757693537999,2128.0
2,5,1519757694364000,2105.0
2,5,1519757695188000,2082.0
2,5,1519757696013000,2055.0
2,5,1519757696838000,2037.0
2,5,1519757697663000,2013.0
2,5,1519757698488000,1994.0
2,5,1519757699313000,1968.0
2,5,1519757700137000,1947.0
2,5,1519757700963000,1926.0
2,5,1519757701790000,1910.0
2,5,1519757702613000,1893.0
2,5,1519757703521000,1872.0
2,5,1519757704373000,1862.0
2,5,1519757705198000,1853.0
2,5,1519757706023000,1851.0
2,5,1519757706848000,1846.0
2,5,1519757707700000,1843.0
2,5,1519757708581000,1824.0
2,5,1519757709406000,1816.0
2,5,1519757710230000,1787.0
2,5,1519757711057000,1765.0
2,5,1519757711880000,1741.0
2,5,1519757712705999,1720.0
2,5,1519757713558000,1702.0
2,5,1519757714383000,1689.0
2,5,1519757715235000,1676.0
2,5,1519757716061000,1664.0
2,5,1519757716886000,1665.0
2,5,1519757717710000,1671.0
2,5,1519757718591000,1677.0
2,5,1519757719416000,1685.0
2,5,1519757720268000,1693.0
2,5,1519757721120000,1684.0
2,5,1519757721945000,1678.0
2,5,1519757722825000,1667.0
2,5,1519757723678000,1666.0
2,5,1519757724503000,1663.0
2,5,1519757725329000,1680.0
2,5,1519757726153000,1686.0
2,5,1519757726977999,1714.0
2,5,1519757727830000,1731.0
2,5,1519757728656000,1738.0
2,5,1519757729480000,1736.0
2,5,1519757730305000,1733.0
2,5,1519757731129999,1729.0
2,5,1519757732808000,1723.0
2,5,1519757733633000,1726.0
2,5,1519757734484000,1728.0
2,5,1519757735310000,1731.0
2,5,1519757736135000,1738.0
2,5,1519757736959000,1756.0
2,5,1519757737812000,1774.0
2,5,1519757738638000,1810.0
2,5,1519757739463000,1831.0
2,5,1519757740288000,1865.0
2,5,1519757741112000,1893.0
2,5,1519757741937999,1913.0
2,5,1519757742763000,1924.0
2,5,1519757743617000,1937.0
2,5,1519757744440000,1951.0
2,5,1519757745265000,1952.0
2,5,1519757746089000,1968.0
2,5,1519757746915000,1988.0
2,5,1519757747740000,2009.0
2,5,1519757748565000,2039.0
2,5,1519757749417999,2065.0
2,5,1519757750243000,2102.0
2,5,1519757751067000,2129.0
2,5,1519757751892000,2161.0
2,5,1519757752718000,2187.0
2,5,1519757753598000,2232.0
2,5,1519757754423000,2259.0
2,5,1519757755247000,2300.0
2,5,1519757756072000,2331.0
2,5,1519757756897999,2364.0
2,5,1519757757724000,2392.0
2,5,1519757758575000,2413.0
2,5,1519757759428000,2415.0
2,5,1519757760252000,2379.0
2,5,1519757761077000,2362.0
2,5,1519757761903000,2321.0
2,5,1519757762727000,2289.0
2,5,1519757763635000,2261.0
2,5,1519757764460000,2228.0
2,5,1519757765285000,2231.0
2,5,1519757766109000,2200.0
2,5,1519757766935000,2209.0
2,5,1519757767760000,2229.0
2,5,1519757768585000,2256.0
2,5,1519757769411000,2290.0
2,5,1519757770235000,2330.0
2,5,1519757771063000,2354.0
2,5,1519757771885000,2390.0
2,5,1519757772711000,2425.0
2,5,1519757773563000,2462.0
2,5,1519757774387000,2497.0
2,5,1519757775212000,2541.0
2,5,1519757776038000,2576.0
2,5,1519757776863000,2617.0
2,5,1519757777687000,2656.0
2,5,1519757778540000,2697.0
2,5,1519757779365000,2707.0
2,5,1519757780190000,2698.0
2,5,1519757781015000,2680.0
2,5,1519757781840000,2658.0
2,5,1519757782665000,2622.0
2,5,1519757783517000,2586.0
2,5,1519757784342000,2546.0
2,5,1519757785167000,2526.0
2,5,1519757785992000,2511.0
2,5,1519757786817000,2490.0
2,5,1519757787643000,2478.0
2,5,1519757788467000,2485.0
2,5,1519757789293000,2478.0
2,5,1519757790144000,2459.0
2,5,1519757790942000,2440.0
2,5,1519757791713000,2422.0
2,5,1519757792537000,2401.0
2,5,1519757793363000,2382.0
2,5,1519757794187000,2371.0
2,5,1519757795011000,2358.0
2,5,1519757795837000,2353.0
2,5,1519757796689999,2345.0
2,5,1519757797515000,2350.0
2,5,1519757798340000,2379.0
2,5,1519757799164000,2409.0
2,5,1519757799990000,2439.0
2,5,1519757800815000,2476.0
2,5,1519757801640000,2491.0
2,5,1519757802492000,2493.0
2,5,1519757803345000,2500.0
2,5,1519757804169000,2509.0
2,5,1519757804995000,2519.0
2,5,1519757805847000,2542.0
2,5,1519757806673000,2570.0
2,5,1519757807497000,2582.0
2,5,1519757808321999,2608.0
2,5,1519757809147000,2632.0
2,5,1519757809972000,2653.0
2,5,1519757810797000,2645.0
2,5,1519757811622000,2618.0
2,5,1519757812448000,2593.0
2,5,1519757813300000,2597.0
2,5,1519757814124000,2619.0
2,5,1519757814950000,2634.0
2,5,1519757815775000,2641.0
2,5,1519757816599000,2643.0
2,5,1519757817424000,2654.0
2,5,1519757818249999,2670.0
2,5,1519757819073999,2673.0
2,5,1519757819900000,2678.0
2,5,1519757820724000,2674.0
2,5,1519757822375000,2690.0
2,5,1519757823227000,2701.0
2,5,1519757824079000,2716.0
2,5,1519757824904000,2728.0
2,5,1519757825757000,2736.0
2,5,1519757826583000,2735.0
2,5,1519757827406000,2746.0
2,5,1519757828259000,2760.0
2,5,1519757829111000,2786.0
2,5,1519757829937000,2808.0
2,5,1519757830761999,2838.0
2,5,1519757831587000,2860.0
2,5,1519757832412000,2878.0
2,5,1519757833292000,2900.0
2,5,1519757834116000,2919.0
2,5,1519757834942000,2940.0
2,5,1519757835767000,2964.0
2,5,1519757836593000,2980.0
2,5,1519757837444000,3004.0
2,5,1519757838297000,3024.0
2,5,1519757839121999,3045.0
2,5,1519757839948000,3064.0
2,5,1519757840773000,3078.0
2,5,1519757841597000,3092.0
2,5,1519757842422000,3109.0
2,5,1519757843273999,3130.0
2,5,1519757844099000,3142.0
2,5,1519757844924000,3162.0
2,5,1519757845750000,3177.0
2,5,1519757846574000,3128.0
2,5,1519757847399000,3047.0
2,5,1519757848252000,2962.0
2,5,1519757849076000,2911.0
2,5,1519757849903000,2863.0
2,5,1519757850727000,2830.0
2,5,1519757851553000,2798.0
2,5,1519757852377000,2775.0
2,5,1519757853229000,2757.0
2,5,1519757854054000,2739.0
2,5,1519757854879000,2687.0
2,5,1519757855704000,2675.0
2,5,1519757856529000,2635.0
2,5,1519757857353000,2596.0
2,5,1519757858233999,2570.0
2,5,1519757859086000,2578.0
2,5,1519757859939000,2569.0
2,5,1519757860764000,2522.0
2,5,1519757861589000,2519.0
2,5,1519757862414000,2486.0
2,5,1519757863239000,2466.0
2,5,1519757864091000,2459.0
2,5,1519757864917000,2454.0
2,5,1519757865743000,2458.0
2,5,1519757866567000,2464.0
2,5,1519757867393000,2458.0
2,5,1519757868217000,2463.0
2,5,1519757869894000,2452.0
2,5,1519757870720000,2443.0
2,5,1519757871544000,2442.0
2,5,1519757872369000,2449.0
2,5,1519757873193999,2457.0
2,5,1519757874019000,2465.0
2,5,1519757874845000,2451.0
2,5,1519757875643000,2423.0
2,5,1519757876439000,2408.0
2,5,1519757877264000,2394.0
2,5,1519757878116000,2385.0
2,5,1519757878943000,2382.0
2,5,1519757879767000,2385.0
2,5,1519757880619000,2391.0
2,5,1519757881444000,2392.0
2,5,1519757883120000,2388.0
2,5,1519757883953000,2371.0
2,5,1519757884772000,2367.0
2,5,1519757885597000,2372.0
2,5,1519757886449000,2382.0
2,5,1519757887273999,2395.0
2,5,1519757888097999,2401.0
2,5,1519757888924000,2407.0
2,5,1519757889749000,2418.0
2,5,1519757890601999,2431.0
2,5,1519757891425999,2437.0
2,5,1519757892251000,2441.0
2,5,1519757893103000,2442.0
2,5,1519757893957000,2451.0
2,5,1519757894782000,2479.0
2,5,1519757895607000,2498.0
2,5,1519757896432000,2525.0
2,5,1519757897229000,2536.0
2,5,1519757898081000,2525.0
2,5,1519757898905999,2510.0
2,5,1519757899732000,2484.0
2,5,1519757900556000,2466.0
2,5,1519757901381000,2447.0
2,5,1519757902206000,2419.0
2,5,1519757903085000,2395.0
2,5,1519757903912000,2380.0
2,5,1519757904736000,2371.0
2,5,1519757905561999,2359.0
2,5,1519757906385999,2348.0
2,5,1519757907211000,2335.0
2,5,1519757908037000,2322.0
2,5,1519757908861000,2316.0
2,5,1519757909686000,2315.0
2,5,1519757910512000,2311.0
2,5,1519757911335000,2316.0
2,5,1519757912161000,2319.0
2,5,1519757913812000,2321.0
2,5,1519757914664000,2318.0
2,5,1519757915488000,2315.0
2,5,1519757916315000,2285.0
2,5,1519757917139000,2277.0
2,5,1519757917965000,2243.0
2,5,1519757918790000,2198.0
2,5,1519757919616000,2179.0
2,5,1519757920468000,2159.0
2,5,1519757921293000,2141.0
2,5,1519757922117000,2120.0
2,5,1519757922971000,2094.0
2,5,1519757923796000,2068.0
2,5,1519757924621000,2042.0
2,5,1519757925446000,2014.0
2,5,1519757926271000,1992.0
2,5,1519757927095000,1964.0
2,5,1519757927949000,1950.0
2,5,1519757928774000,1942.0
2,5,1519757929599000,1943.0
2,5,1519757930424000,1950.0
2,5,1519757931249000,1966.0
2,5,1519757932073999,1977.0
2,5,1519757932953999,1987.0
2,5,1519757933779000,2001.0
2,5,1519757934604000,2015.0
2,5,1519757935429000,2033.0
2,5,1519757936254000,2020.0
2,5,1519757937079000,2000.0
2,5,1519757937931000,1967.0
2,5,1519757938757000,1940.0
2,5,1519757939582000,1915.0
2,5,1519757940379000,1906.0
2,5,1519757941204000,1909.0
2,5,1519757942029000,1900.0
2,5,1519757942857000,1901.0
2,5,1519757943707000,1909.0
2,5,1519757944532000,1952.0
2,5,1519757945412000,2002.0
2,5,1519757946237000,2041.0
2,5,1519757947062000,2075.0
2,5,1519757947915000,2106.0
2,5,1519757948739000,2139.0
2,5,1519757949592000,2188.0
2,5,1519757950417000,2217.0
2,5,1519757951241999,2248.0
2,5,1519757952065999,2286.0
2,5,1519757952920000,2320.0
2,5,1519757953744000,2354.0
2,5,1519757954569000,2391.0
2,5,1519757955393999,2421.0
2,5,1519757956247000,2463.0
2,5,1519757957072000,2492.0
2,5,1519757957925000,2526.0
2,5,1519757958749000,2559.0
2,5,1519757959574000,2584.0
2,5,1519757960399000,2599.0
2,5,1519757962080000,2591.0
2,5,1519757962929000,2594.0
2,5,1519757963782000,2591.0
2,5,1519757964607000,2595.0
2,5,1519757965432000,2598.0
2,5,1519757967081000,2526.0
2,5,1519757967934000,2522.0
2,5,1519757968760000,2451.0
2,5,1519757969612000,2381.0
2,5,1519757970437000,2304.0
2,5,1519757971262000,2227.0
2,5,1519757972086000,2148.0
2,5,1519757972967000,2070.0
2,5,1519757973819000,2013.0
2,5,1519757974644000,1987.0
2,5,1519757975469000,1968.0
2,5,1519757976294000,1946.0
2,5,1519757977119000,1929.0
2,5,1519757977972000,1901.0
2,5,1519757978797000,1883.0
2,5,1519757979622000,1861.0
2,5,1519757980447000,1840.0
2,5,1519757981272000,1828.0
2,5,1519757982096000,1833.0
2,5,1519757982950000,1850.0
2,5,1519757983773000,1863.0
2,5,1519757984599000,1887.0
2,5,1519757985425000,1921.0
2,5,1519757986249000,1977.0
2,5,1519757987078000,2010.0
2,5,1519757987927000,2053.0
2,5,1519757988755000,2090.0
2,5,1519757989577000,2121.0
2,5,1519757990401999,2159.0
2,5,1519757991227000,2185.0
2,5,1519757992053000,2212.0
2,5,1519757992877000,2252.0
2,5,1519757993702000,2274.0
2,5,1519757994527000,2301.0
2,5,1519757995352000,2329.0
2,5,1519757996176000,2360.0
2,5,1519757997001999,2381.0
2,5,1519757997827000,2417.0
2,5,1519757998681000,2443.0
2,5,1519757999504000,2473.0
2,5,1519758000329999,2506.0
2,5,1519758001181000,2534.0
2,5,1519758002037000,2559.0
2,5,1519758002859000,2595.0
2,5,1519758003767000,2622.0
2,5,1519758004593000,2649.0
2,5,1519758005417000,2680.0
2,5,1519758006241000,2703.0
2,5,1519758007094000,2740.0
2,5,1519758007948000,2744.0
2,5,1519758008769999,2751.0
2,5,1519758009597000,2766.0
2,5,1519758010421000,2779.0
2,5,1519758011247000,2792.0
2,5,1519758012071000,2815.0
2,5,1519758012896000,2829.0
2,5,1519758013721999,2845.0
2,5,1519758014545999,2862.0
2,5,1519758015372000,2886.0
2,5,1519758016196000,2905.0
2,5,1519758017022000,2922.0
2,5,1519758017847000,2944.0
2,5,1519758018699000,2966.0
2,5,1519758019524000,2981.0
2,5,1519758020348000,3003.0
2,5,1519758021174000,3014.0
2,5,1519758021999000,3020.0
2,5,1519758022824000,2992.0
2,5,1519758023677000,2902.0
2,5,1519758024505000,2834.0
2,5,1519758025326000,2792.0
2,5,1519758026151000,2757.0
2,5,1519758026976000,2725.0
2,5,1519758027805000,2689.0
2,5,1519758028654000,2657.0
2,5,1519758029507000,2627.0
2,5,1519758030331000,2601.0
2,5,1519758031156000,2614.0
2,5,1519758031983000,2598.0
2,5,1519758032806000,2632.0
2,5,1519758033632000,2670.0
2,5,1519758034456000,2710.0
2,5,1519758035309000,2750.0
2,5,1519758036133000,2790.0
2,5,1519758036963000,2823.0
2,5,1519758037784000,2860.0
2,5,1519758038609999,2869.0
2,5,1519758039461000,2814.0
2,5,1519758040286000,2776.0
2,5,1519758041111000,2739.0
2,5,1519758041937000,2705.0
2,5,1519758042761000,2669.0
2,5,1519758043617000,2654.0
2,5,1519758044439000,2646.0
2,5,1519758045264000,2630.0
2,5,1519758046089000,2652.0
2,5,1519758046942000,2681.0
2,5,1519758047766000,2731.0
2,5,1519758048619000,2774.0
2,5,1519758049444000,2819.0
2,5,1519758050269000,2858.0
2,5,1519758051092000,2897.0
2,5,1519758051919000,2935.0
2,5,1519758052744000,2965.0
2,5,1519758053598000,3004.0
2,5,1519758054421000,3024.0
2,5,1519758055247000,3056.0
2,5,1519758056070000,3077.0
2,5,1519758056924000,3082.0
2,5,1519758057749000,3066.0
2,5,1519758058574000,3046.0
2,5,1519758059398000,3034.0
2,5,1519758060223000,3027.0
2,5,1519758061048000,3022.0
2,5,1519758061901000,3011.0
2,5,1519758062753999,3024.0
2,5,1519758063579000,3037.0
2,5,1519758064404000,3050.0
2,5,1519758065256000,3067.0
2,5,1519758066080000,3087.0
2,5,1519758066905999,3108.0
2,5,1519758067731000,3122.0
2,5,1519758068583000,3131.0
2,5,1519758069408000,3139.0
2,5,1519758070261000,3130.0
2,5,1519758071085000,3113.0
2,5,1519758071911000,3095.0
2,5,1519758072736000,3077.0
2,5,1519758073616000,3028.0
2,5,1519758074468000,2979.0
2,5,1519758075293000,2931.0
2,5,1519758076118000,2889.0
2,5,1519758076944000,2816.0
2,5,1519758077768000,2727.0
2,5,1519758078621000,2645.0
2,5,1519758079446000,2574.0
2,5,1519758080271000,2501.0
2,5,1519758081095000,2441.0
2,5,1519758081920000,2400.0
2,5,1519758082745999,2377.0
2,5,1519758083598000,2353.0
2,5,1519758084423000,2330.0
2,5,1519758085248000,2311.0
2,5,1519758086073000,2283.0
2,5,1519758086897999,2261.0
2,5,1519758087751000,2241.0
2,5,1519758088603000,2219.0
2,5,1519758089428000,2207.0
2,5,1519758090281000,2188.0
2,5,1519758091105000,2185.0
2,5,1519758091931000,2171.0
2,5,1519758092756000,2172.0
2,5,1519758093609000,2169.0
2,5,1519758094461000,2171.0
2,5,1519758095286000,2170.0
2,5,1519758096110000,2172.0
2,5,1519758096964000,2176.0
2,5,1519758097788000,2173.0
2,5,1519758098668000,2175.0
2,5,1519758099492000,2179.0
2,5,1519758100318000,2183.0
2,5,1519758101995000,2185.0
2,5,1519758103673000,2182.0
2,5,1519758104497999,2184.0
2,5,1519758105323000,2182.0
2,5,1519758106176000,2186.0
2,5,1519758107001000,2185.0
2,5,1519758107825999,2181.0
2,5,1519758108651000,2183.0
2,5,1519758109476000,2184.0
2,5,1519758110246000,2186.0
2,5,1519758111923000,2182.0
2,5,1519758112749000,2181.0
2,5,1519758113601000,2180.0
2,5,1519758114425999,2178.0
2,5,1519758115251000,2177.0
2,5,1519758116075000,2179.0
2,5,1519758116902000,2177.0
2,5,1519758117726000,2175.0
2,5,1519758118552000,2172.0
2,5,1519758119376000,2171.0
2,5,1519758121878000,2173.0
2,5,1519758123529000,2177.0
2,5,1519758124381000,2178.0
2,5,1519758126085000,2181.0
2,5,1519758126937999,2179.0
2,5,1519758127761999,2182.0
2,5,1519758128615000,2181.0
2,5,1519758129441999,2182.0
2,5,1519758130265000,2180.0
2,5,1519758131091000,2185.0
2,5,1519758134445000,2184.0
2,5,1519758135271000,2186.0
2,5,1519758136121999,2185.0
2,5,1519758136951000,2183.0
2,5,1519758137773000,2182.0
2,5,1519758138625000,2184.0
2,5,1519758139449999,2186.0
2,5,1519758140275000,2185.0
2,5,1519758141925000,2181.0
2,5,1519758142750000,2184.0
2,5,1519758143604000,2183.0
2,5,1519758144428000,2185.0
2,5,1519758145253000,2182.0
2,5,1519758146078000,2185.0
2,5,1519758146903000,2186.0
2,5,1519758147728000,2188.0
2,5,1519758148553000,2185.0
2,5,1519758152678000,2187.0
2,5,1519758153503000,2186.0
2,5,1519758154328000,2178.0
2,5,1519758155180000,2166.0
2,5,1519758156005000,2141.0
2,5,1519758156830000,2108.0
2,5,1519758157655000,2080.0
2,5,1519758158535000,2046.0
2,5,1519758159360000,2017.0
2,5,1519758160184000,1989.0
2,5,1519758161009999,1966.0
2,5,1519758161835000,1945.0
2,5,1519758162660000,1928.0
2,5,1519758163513000,1913.0
2,5,1519758164337999,1904.0
2,5,1519758165163000,1897.0
2,5,1519758165988000,1896.0
2,5,1519758166813000,1885.0
2,5,1519758167638000,1876.0
2,5,1519758168489999,1855.0
2,5,1519758169315000,1838.0
2,5,1519758170195000,1821.0
2,5,1519758171020000,1796.0
2,5,1519758171846000,1786.0
2,5,1519758172670000,1779.0
2,5,1519758173521999,1783.0
2,5,1519758174375000,1775.0
2,5,1519758175200000,1783.0
2,5,1519758176025000,1788.0
2,5,1519758176849999,1787.0
2,5,1519758177675000,1782.0
2,5,1519758178500000,1777.0
2,5,1519758179325000,1770.0
2,5,1519758180149000,1762.0
2,5,1519758180975000,1758.0
2,5,1519758181827000,1756.0
2,5,1519758182680000,1751.0
2,5,1519758183505000,1760.0
2,5,1519758184331000,1762.0
2,5,1519758185182000,1752.0
2,5,1519758186007000,1748.0
2,5,1519758186832000,1738.0
2,5,1519758187657000,1735.0
2,5,1519758188510000,1751.0
2,5,1519758189335000,1775.0
2,5,1519758190185999,1813.0
2,5,1519758191012000,1832.0
2,5,1519758191837000,1854.0
2,5,1519758192662000,1873.0
2,5,1519758193487000,1886.0
2,5,1519758194312000,1900.0
2,5,1519758195164000,1913.0
2,5,1519758195991000,1920.0
2,5,1519758196815000,1931.0
2,5,1519758197640000,1938.0
2,5,1519758198465000,1944.0
2,5,1519758199289999,1947.0
2,5,1519758200113999,1946.0
2,5,1519758200942000,1950.0
2,5,1519758201792000,1949.0
2,5,1519758202617000,1951.0
2,5,1519758203470000,1953.0
2,5,1519758205175000,1954.0
2,5,1519758206000000,1951.0
2,5,1519758206852000,1948.0
2,5,1519758207677000,1954.0
2,5,1519758208502000,1945.0
2,5,1519758210152000,1940.0
2,5,1519758210977999,1939.0
2,5,1519758211801999,1932.0
2,5,1519758213480000,1933.0
2,5,1519758214305000,1932.0
2,5,1519758215955000,1933.0
2,5,1519758216780000,1930.0
2,5,1519758217604000,1936.0
2,5,1519758218457000,1933.0
2,5,1519758219281999,1936.0
2,5,1519758220105999,1937.0
2,5,1519758220933000,1939.0
2,5,1519758221757000,1938.0
2,5,1519758222609999,1941.0
2,5,1519758223463000,1946.0
2,5,1519758224287000,1962.0
2,5,1519758225167000,1982.0
2,5,1519758225993999,2002.0
2,5,1519758226817000,2017.0
2,5,1519758227641999,2030.0
2,5,1519758228495000,2048.0
2,5,1519758229347000,2058.0
2,5,1519758230171000,2072.0
2,5,1519758230997000,2078.0
2,5,1519758231822000,2086.0
2,5,1519758232647000,2089.0
2,5,1519758233500000,2093.0
2,5,1519758234325000,2100.0
2,5,1519758235149000,2101.0
2,5,1519758235974000,2106.0
2,5,1519758236800000,2109.0
2,5,1519758237624000,2104.0
2,5,1519758238451000,2109.0
2,5,1519758239273999,2108.0
2,5,1519758240126000,2111.0
2,5,1519758240952000,2109.0
2,5,1519758242601999,2107.0
2,5,1519758244278000,2103.0
2,5,1519758245103000,2108.0
2,5,1519758245929000,2111.0
2,5,1519758246753999,2104.0
2,5,1519758247579000,2109.0
2,5,1519758248433999,2111.0
2,5,1519758249256000,2114.0
2,5,1519758250083000,2109.0
2,5,1519758251759000,2107.0
2,5,1519758252584000,2087.0
2,5,1519758253438000,2067.0
2,5,1519758254262000,2038.0
2,5,1519758255086000,2007.0
2,5,1519758255911000,1988.0
2,5,1519758256737999,1966.0
2,5,1519758257561999,1947.0
2,5,1519758258387000,1943.0
2,5,1519758259239000,1938.0
2,5,1519758260065999,1939.0
2,5,1519758260889000,1945.0
2,5,1519758261742000,1952.0
2,5,1519758262566000,1955.0
2,5,1519758263419000,1958.0
2,5,1519758264244000,1975.0
2,5,1519758265096000,1994.0
2,5,1519758265921999,2007.0
2,5,1519758266750000,2020.0
2,5,1519758267572000,2029.0
2,5,1519758268424000,2053.0
2,5,1519758269249000,2058.0
2,5,1519758270075000,2066.0
2,5,1519758270899000,2074.0
2,5,1519758271724000,2088.0
2,5,1519758272549000,2104.0
2,5,1519758273374000,2115.0
2,5,1519758274199000,2126.0
2,5,1519758275024000,2148.0
2,5,1519758275849000,2153.0
2,5,1519758276673999,2159.0
2,5,1519758277499000,2163.0
2,5,1519758278352000,2168.0
2,5,1519758279176000,2174.0
2,5,1519758280029000,2175.0
2,5,1519758280825999,2177.0
2,5,1519758281652000,2180.0
2,5,1519758282504000,2179.0
2,5,1519758283356000,2181.0
2,5,1519758284181000,2183.0
2,5,1519758285006000,2187.0
2,5,1519758285832000,2188.0
2,5,1519758288361999,2187.0
2,5,1519758290892000,2189.0
2,5,1519758291716000,2187.0
2,5,1519758293393999,2188.0
2,5,1519758295045000,2186.0
2,5,1519758295869000,2187.0
2,5,1519758296694000,2190.0
2,5,1519758297519000,2189.0
2,5,1519758299169000,2188.0
2,5,1519758299993999,2192.0
2,5,1519758300819000,2193.0
2,5,1519758301644000,2195.0
2,5,1519758302469000,2190.0
2,5,1519758303321000,2194.0
2,5,1519758304145999,2193.0
2,5,1519758304999000,2147.0
2,5,1519758305851000,2131.0
2,5,1519758306677000,2111.0
2,5,1519758307500000,2105.0
2,5,1519758308326000,2090.0
2,5,1519758309151000,2074.0
2,5,1519758310004000,2070.0
2,5,1519758310829000,2062.0
2,5,1519758311654000,2058.0
2,5,1519758312479000,2056.0
2,5,1519758313332000,2058.0
2,5,1519758314184000,2070.0
2,5,1519758315009000,2083.0
2,5,1519758315833000,2101.0
2,5,1519758316659000,2126.0
2,5,1519758317484000,2143.0
2,5,1519758318364000,2158.0
2,5,1519758319189000,2180.0
2,5,1519758320014000,2187.0
2,5,1519758320839000,2184.0
2,5,1519758321664000,2186.0
2,5,1519758322516000,2187.0
2,5,1519758323343000,2190.0
2,5,1519758324166000,2192.0
2,5,1519758324991000,2195.0
2,5,1519758325815000,2196.0
2,5,1519758326641999,2197.0
2,5,1519758327465999,2198.0
2,5,1519758328319000,2199.0
2,5,1519758329143000,2198.0
2,5,1519758330793999,2196.0
2,5,1519758331619000,2200.0
2,5,1519758332443000,2197.0
2,5,1519758333296000,2198.0
2,5,1519758334148000,2197.0
2,5,1519758334974000,2199.0
2,5,1519758335799000,2200.0
2,5,1519758336624000,2202.0
2,5,1519758339125000,2203.0
2,5,1519758339951000,2200.0
2,5,1519758340803000,2204.0
2,5,1519758341656000,2202.0
2,5,1519758342481000,2197.0
2,5,1519758343333000,2195.0
2,5,1519758344158000,2189.0
2,5,1519758345836000,2190.0
2,5,1519758346661000,2189.0
2,5,1519758347486000,2185.0
2,5,1519758348366000,2186.0
2,5,1519758350016000,2185.0
2,5,1519758350841000,2183.0
2,5,1519758351665999,2180.0
2,5,1519758352489999,2176.0
2,5,1519758353342000,2177.0
2,5,1519758354168000,2176.0
2,5,1519758354993000,2174.0
2,5,1519758355817999,2170.0
2,5,1519758356643000,2168.0
2,5,1519758357468000,2170.0
2,5,1519758359173000,2175.0
2,5,1519758359999000,2178.0
2,5,1519758361648000,2180.0
2,5,1519758362473999,2179.0
2,5,1519758363327000,2178.0
2,5,1519758364150000,2182.0
2,5,1519758364976000,2179.0
2,5,1519758365801000,2180.0
2,5,1519758366625999,2181.0
2,5,1519758367449999,2183.0
2,5,1519758368276000,2186.0
2,5,1519758369100000,2193.0
2,5,1519758369926000,2196.0
2,5,1519758371576000,2200.0
2,5,1519758372401000,2203.0
2,5,1519758373281000,2205.0
2,5,1519758374133000,2203.0
2,5,1519758374959000,2202.0
2,5,1519758375784000,2206.0
2,5,1519758376609000,2208.0
2,5,1519758377433999,2207.0
2,5,1519758378257999,2205.0
2,5,1519758379083000,2204.0
2,5,1519758380789000,2199.0
2,5,1519758381613000,2205.0
2,5,1519758382439000,2202.0
2,5,1519758383291000,2200.0
2,5,1519758384115000,2194.0
2,5,1519758385793000,2193.0
2,5,1519758386646000,2194.0
2,5,1519758387470000,2192.0
2,5,1519758388323000,2190.0
2,5,1519758389148000,2193.0
2,5,1519758389973000,2190.0
2,5,1519758390798000,2192.0
2,5,1519758391623000,2190.0
2,5,1519758392448000,2191.0
2,5,1519758393273000,2190.0
2,5,1519758394097999,2188.0
2,5,1519758394925000,2190.0
2,5,1519758395776000,2188.0
2,5,1519758396601000,2186.0
2,5,1519758397424000,2185.0
2,5,1519758399102000,2178.0
2,5,1519758399928000,2180.0
2,5,1519758400753000,2179.0
2,5,1519758401577000,2176.0
2,5,1519758402430000,2175.0
2,5,1519758403283000,2173.0
2,5,1519758404107000,2175.0
2,5,1519758404933000,2171.0
2,5,1519758406609999,2175.0
2,5,1519758407435000,2177.0
2,5,1519758408289000,2179.0
2,5,1519758409112000,2182.0
2,5,1519758409966000,2183.0
2,5,1519758411616000,2185.0
2,5,1519758412468000,2186.0
2,5,1519758413320000,2194.0
2,5,1519758414145000,2193.0
2,5,1519758414971000,2200.0
2,5,1519758416648000,2195.0
2,5,1519758417473000,2201.0
2,5,1519758418297999,2199.0
2,5,1519758419121999,2200.0
2,5,1519758419949000,2192.0
2,5,1519758420773000,2167.0
2,5,1519758421599000,2145.0
2,5,1519758422423000,2114.0
2,5,1519758423275000,2093.0
2,5,1519758424102000,2067.0
2,5,1519758424925000,2062.0
2,5,1519758425751000,2047.0
2,5,1519758426575000,2028.0
2,5,1519758427400000,2024.0
2,5,1519758428225000,2027.0
2,5,1519758429051000,2044.0
2,5,1519758429847000,2059.0
2,5,1519758430673000,2079.0
2,5,1519758431497999,2097.0
2,5,1519758432323000,2108.0
2,5,1519758433147000,2124.0
2,5,1519758434001000,2133.0
2,5,1519758434825999,2145.0
2,5,1519758435649999,2155.0
2,5,1519758436476000,2163.0
2,5,1519758437301000,2168.0
2,5,1519758438124000,2173.0
2,5,1519758438977000,2177.0
2,5,1519758439803000,2181.0
2,5,1519758440655000,2180.0
2,5,1519758441480000,2186.0
2,5,1519758442333000,2187.0
2,5,1519758443157000,2186.0
2,5,1519758444009999,2192.0
2,5,1519758444835000,2194.0
2,5,1519758445687000,2197.0
2,5,1519758446512000,2201.0
2,5,1519758447337999,2194.0
2,5,1519758448161999,2195.0
2,5,1519758449016000,2192.0
2,5,1519758450667000,2198.0
2,5,1519758451489999,2194.0
2,5,1519758452260000,2190.0
2,5,1519758453057000,2194.0
2,5,1519758453910000,2191.0
2,5,1519758454735000,2192.0
2,5,1519758455560000,2184.0
2,5,1519758456385000,2187.0
2,5,1519758457209999,2184.0
2,5,1519758458036000,2175.0
2,5,1519758458888000,2168.0
2,5,1519758459712000,2136.0
2,5,1519758460537000,2113.0
2,5,1519758461361999,2084.0
2,5,1519758462185999,2049.0
2,5,1519758463012000,2022.0
2,5,1519758463892000,1995.0
2,5,1519758464718000,1965.0
2,5,1519758465543000,1931.0
2,5,1519758466367000,1906.0
2,5,1519758467192000,1881.0
2,5,1519758468017999,1866.0
2,5,1519758468870000,1858.0
2,5,1519758469695000,1856.0
2,5,1519758470520000,1855.0
2,5,1519758471345000,1858.0
2,5,1519758472169000,1864.0
2,5,1519758472995000,1862.0
2,5,1519758473847000,1867.0
2,5,1519758474672000,1872.0
2,5,1519758475497000,1875.0
2,5,1519758476323000,1873.0
2,5,1519758477147000,1875.0
2,5,1519758477972000,1879.0
2,5,1519758479649999,1878.0
2,5,1519758481321999,1879.0
2,5,1519758482152000,1880.0
2,5,1519758482977000,1883.0
2,5,1519758483801999,1881.0
2,5,1519758484628000,1886.0
2,5,1519758485452000,1882.0
2,5,1519758486277000,1886.0
2,5,1519758487101000,1889.0
2,5,1519758487928000,1891.0
2,5,1519758488752000,1893.0
2,5,1519758489577000,1891.0
2,5,1519758490401999,1892.0
2,5,1519758491227000,1889.0
2,5,1519758492079000,1893.0
2,5,1519758492905000,1895.0
2,5,1519758493757000,1899.0
2,5,1519758494581000,1902.0
2,5,1519758495407000,1906.0
2,5,1519758496231000,1904.0
2,5,1519758497057000,1901.0
2,5,1519758497881999,1897.0
2,5,1519758498707000,1899.0
2,5,1519758499532000,1898.0
2,5,1519758500358000,1892.0
2,5,1519758501182000,1888.0
2,5,1519758502007000,1894.0
2,5,1519758502832000,1885.0
2,5,1519758503712000,1890.0
2,5,1519758504537000,1888.0
2,5,1519758505361999,1886.0
2,5,1519758506187000,1887.0
2,5,1519758507012000,1885.0
2,5,1519758507892000,1882.0
2,5,1519758508745000,1880.0
2,5,1519758511219000,1878.0
2,5,1519758512045000,1880.0
2,5,1519758512869000,1882.0
2,5,1519758513749000,1884.0
2,5,1519758514575000,1882.0
2,5,1519758515399000,1874.0
2,5,1519758516252000,1865.0
2,5,1519758517083000,1860.0
2,5,1519758517902000,1852.0
2,5,1519758518755000,1837.0
2,5,1519758519579000,1831.0
2,5,1519758520405000,1820.0
2,5,1519758521230000,1803.0
2,5,1519758522055000,1790.0
2,5,1519758522879000,1779.0
2,5,1519758523732000,1760.0
2,5,1519758524584000,1761.0
2,5,1519758525409000,1735.0
2,5,1519758526233999,1727.0
2,5,1519758527059000,1741.0
2,5,1519758527884000,1785.0
2,5,1519758528737000,1816.0
2,5,1519758529561999,1836.0
2,5,1519758530441000,1858.0
2,5,1519758531267000,1874.0
2,5,1519758532091000,1892.0
2,5,1519758532917000,1908.0
2,5,1519758533769000,1927.0
2,5,1519758534595000,1926.0
2,5,1519758536244000,1914.0
2,5,1519758537068000,1905.0
2,5,1519758537895000,1900.0
2,5,1519758538719000,1893.0
2,5,1519758539545000,1888.0
2,5,1519758540369000,1884.0
2,5,1519758541193999,1881.0
2,5,1519758542019000,1879.0
2,5,1519758542844000,1877.0
2,5,1519758545345999,1876.0
2,5,1519758546172000,1873.0
2,5,1519758546996000,1878.0
2,5,1519758547821000,1879.0
2,5,1519758548673999,1880.0
2,5,1519758549499000,1884.0
2,5,1519758550323000,1886.0
2,5,1519758551149000,1889.0
2,5,1519758551974000,1887.0
2,5,1519758552825000,1891.0
2,5,1519758553707000,1892.0
2,5,1519758554532000,1898.0
2,5,1519758555357000,1897.0
2,5,1519758556181000,1895.0
2,5,1519758559509000,1891.0
2,5,1519758560334000,1829.0
2,5,1519758561158000,1873.0
2,5,1519758561984000,1861.0
2,5,1519758562809000,1846.0
2,5,1519758563661000,1839.0
2,5,1519758564486000,1827.0
2,5,1519758565318000,1822.0
2,5,1519758566136000,1819.0
2,5,1519758566961000,1812.0
2,5,1519758567788000,1811.0
2,5,1519758568639000,1807.0
2,5,1519758569464000,1798.0
2,5,1519758570289000,1796.0
2,5,1519758571113999,1790.0
2,5,1519758571939000,1786.0
2,5,1519758572764000,1784.0
2,5,1519758573616000,1782.0
2,5,1519758574440000,1780.0
2,5,1519758575265999,1779.0
2,5,1519758576089999,1775.0
2,5,1519758576916000,1774.0
2,5,1519758577741000,1770.0
2,5,1519758578593999,1771.0
2,5,1519758579419000,1766.0
2,5,1519758580244000,1768.0
2,5,1519758581068000,1767.0
2,5,1519758581894000,1768.0
2,5,1519758582718000,1770.0
2,5,1519758583571000,1769.0
2,5,1519758584396000,1771.0
2,5,1519758585221000,1772.0
2,5,1519758586063000,1770.0
2,5,1519758586872000,1769.0
2,5,1519758587696000,1770.0
2,5,1519758589374000,1771.0
2,5,1519758590199000,1774.0
2,5,1519758591024000,1777.0
2,5,1519758591849999,1782.0
2,5,1519758592673999,1784.0
2,5,1519758593527000,1777.0
2,5,1519758594351000,1785.0
2,5,1519758595176000,1786.0
2,5,1519758596001999,1774.0
2,5,1519758596825999,1684.0
2,5,1519758597651000,1533.0
2,5,1519758598504000,1448.0
2,5,1519758599328000,1464.0
2,5,1519758600180000,1450.0
2,5,1519758601061000,1464.0
2,5,1519758601886000,1472.0
2,5,1519758602711000,1473.0
2,5,1519758603536000,1466.0
2,5,1519758604389000,1461.0
2,5,1519758605214000,1457.0
2,5,1519758606039000,1449.0
2,5,1519758606864000,1430.0
2,5,1519758607689000,1402.0
2,5,1519758608541000,1373.0
2,5,1519758609366000,1359.0
2,5,1519758610191000,1350.0
2,5,1519758611016000,1353.0
2,5,1519758611841999,1357.0
2,5,1519758612665999,1365.0
2,5,1519758613518000,1367.0
2,5,1519758614345999,1385.0
2,5,1519758615168000,1402.0
2,5,1519758615993000,1429.0
2,5,1519758616817999,1441.0
2,5,1519758617644000,1460.0
2,5,1519758618469000,1481.0
2,5,1519758619321000,1508.0
2,5,1519758620173000,1537.0
2,5,1519758620999000,1555.0
2,5,1519758621745999,1554.0
2,5,1519758622595000,1560.0
2,5,1519758623446000,1550.0
2,5,1519758624271000,1537.0
2,5,1519758625095000,1532.0
2,5,1519758625929000,1530.0
2,5,1519758626747000,1529.0
2,5,1519758627571000,1533.0
2,5,1519758628423000,1544.0
2,5,1519758629248000,1552.0
2,5,1519758630073000,1558.0
2,5,1519758630897999,1570.0
2,5,1519758631724000,1575.0
2,5,1519758632548000,1580.0
2,5,1519758633374000,1590.0
2,5,1519758634198000,1593.0
2,5,1519758635051000,1598.0
2,5,1519758635876000,1603.0
2,5,1519758636701000,1610.0
2,5,1519758637553000,1606.0
2,5,1519758638407000,1613.0
2,5,1519758639230000,1616.0
2,5,1519758640056000,1615.0
2,5,1519758640880000,1621.0
2,5,1519758641705999,1620.0
2,5,1519758642532000,1626.0
2,5,1519758643382000,1623.0
2,5,1519758644208000,1627.0
2,5,1519758645035000,1625.0
2,5,1519758645857999,1628.0
2,5,1519758646683000,1641.0
2,5,1519758647508000,1656.0
2,5,1519758648333000,1669.0
2,5,1519758649158000,1686.0
2,5,1519758649983000,1696.0
2,5,1519758650808000,1710.0
2,5,1519758651633000,1726.0
2,5,1519758652457999,1740.0
2,5,1519758653283000,1751.0
2,5,1519758654135000,1764.0
2,5,1519758654961999,1759.0
2,5,1519758655785999,1767.0
2,5,1519758656612000,1771.0
2,5,1519758657436000,1773.0
2,5,1519758658288000,1777.0
2,5,1519758659113000,1772.0
2,5,1519758659937999,1777.0
2,5,1519758660763000,1782.0
2,5,1519758661588000,1781.0
2,5,1519758662413000,1783.0
2,5,1519758663238000,1784.0
2,5,1519758664089999,1780.0
2,5,1519758664916000,1784.0
2,5,1519758665741000,1779.0
2,5,1519758667417999,1786.0
2,5,1519758668244000,1781.0
2,5,1519758669096000,1783.0
2,5,1519758669921000,1782.0
2,5,1519758670747000,1784.0
2,5,1519758671572000,1785.0
2,5,1519758672397000,1786.0
2,5,1519758673223000,1791.0
2,5,1519758674873000,1793.0
2,5,1519758675697999,1792.0
2,5,1519758676523000,1794.0
2,5,1519758677348000,1792.0
2,5,1519758678173000,1793.0
2,5,1519758679025999,1792.0
2,5,1519758679851000,1789.0
2,5,1519758681501000,1787.0
2,5,1519758684828000,1789.0
2,5,1519758685654000,1786.0
2,5,1519758686478000,1788.0
2,5,1519758687304000,1769.0
2,5,1519758688156000,1760.0
2,5,1519758689036000,1737.0
2,5,1519758689861000,1712.0
2,5,1519758690718000,1686.0
2,5,1519758691540000,1659.0
2,5,1519758692364000,1650.0
2,5,1519758693189000,1643.0
2,5,1519758694014000,1638.0
2,5,1519758694840000,1634.0
2,5,1519758695665000,1628.0
2,5,1519758696491000,1616.0
2,5,1519758697313999,1609.0
2,5,1519758698139000,1585.0
2,5,1519758698991000,1562.0
2,5,1519758699816000,1543.0
2,5,1519758700641000,1522.0
2,5,1519758701465999,1503.0
2,5,1519758702291000,1483.0
2,5,1519758703116000,1465.0
2,5,1519758703941000,1446.0
2,5,1519758704766000,1427.0
2,5,1519758705592000,1231.0
2,5,1519758706389000,1120.0
2,5,1519758707158000,1580.0
2,5,1519758707957000,1519.0
2,5,1519758708809000,1455.0
2,5,1519758709633999,1420.0
2,5,1519758710486000,1396.0
2,5,1519758711311000,1368.0
2,5,1519758712136000,1364.0
2,5,1519758712961999,1366.0
2,5,1519758713814000,1363.0
2,5,1519758714665999,1375.0
2,5,1519758715519000,1380.0
2,5,1519758716344000,1382.0
2,5,1519758717196000,1385.0
2,5,1519758718022000,1389.0
2,5,1519758718847000,1371.0
2,5,1519758719672000,936.0
2,5,1519758720497000,1710.0
2,5,1519758721321999,1620.0
2,5,1519758722145999,1465.0
2,5,1519758722972000,1106.0
2,5,1519758723879000,1402.0
2,5,1519758724704000,1924.0
2,5,1519758725529000,1947.0
2,5,1519758726353999,1989.0
2,5,1519758727177999,1344.0
2,5,1519758727977000,1429.0
2,5,1519758728801999,1469.0
2,5,1519758729627000,1523.0
2,5,1519758730452000,1586.0
2,5,1519758731276000,1650.0
2,5,1519758732101000,1719.0
2,5,1519758732927000,1813.0
2,5,1519758733781000,1954.0
2,5,1519758734631000,2023.0
2,5,1519758735486000,1645.0
2,5,1519758736309000,1588.0
2,5,1519758737133000,1554.0
2,5,1519758737961000,1543.0
2,5,1519758738811000,1528.0
2,5,1519758739636000,1513.0
2,5,1519758740461000,1496.0
2,5,1519758741286000,1484.0
2,5,1519758742110000,1469.0
2,5,1519758742964000,1455.0
2,5,1519758743816000,1443.0
2,5,1519758744641000,1438.0
2,5,1519758745494000,1436.0
2,5,1519758746319000,1411.0
2,5,1519758747143000,1410.0
2,5,1519758747969999,1395.0
2,5,1519758748796000,1384.0
2,5,1519758749619000,1377.0
2,5,1519758750446000,1368.0
2,5,1519758751297000,1360.0
2,5,1519758752120000,1338.0
2,5,1519758752945999,1313.0
2,5,1519758753799000,1280.0
2,5,1519758754624000,1244.0
2,5,1519758755449000,1213.0
2,5,1519758756273999,907.0
2,5,1519758757097999,1379.0
2,5,1519758757924000,1341.0
2,5,1519758758831000,1296.0
2,5,1519758759657000,1257.0
2,5,1519758760483000,1101.0
2,5,1519758761305999,1005.0
2,5,1519758762129999,1635.0
2,5,1519758762959000,1543.0
2,5,1519758763781000,1479.0
2,5,1519758764633000,1407.0
2,5,1519758765459000,1307.0
2,5,1519758766284000,892.0
2,5,1519758767108000,1047.0
2,5,1519758767961999,1693.0
2,5,1519758768785999,1738.0
2,5,1519758769611000,1930.0
2,5,1519758770436000,2196.0
2,5,1519758771261000,1915.0
2,5,1519758772113000,1431.0
2,5,1519758772939000,1453.0
2,5,1519758773791000,1488.0
2,5,1519758774615000,1517.0
2,5,1519758775441000,1535.0
2,5,1519758776294000,1564.0
2,5,1519758777118000,1561.0
2,5,1519758777974000,1547.0
2,5,1519758778823000,1539.0
2,5,1519758779654000,1540.0
2,5,1519758781299000,1541.0
2,5,1519758782151000,1533.0
2,5,1519758782977000,1522.0
2,5,1519758783801999,1508.0
2,5,1519758784655000,1489.0
2,5,1519758785505999,1425.0
2,5,1519758786358000,1378.0
2,5,1519758787183000,1309.0
2,5,1519758788008000,1235.0
2,5,1519758788861000,1160.0
2,5,1519758789716000,1085.0
2,5,1519758790539000,936.0
2,5,1519758791363000,876.0
2,5,1519758792216000,1233.0
2,5,1519758793041000,1057.0
2,5,1519758793921000,945.0
2,5,1519758794745999,896.0
2,5,1519758795572000,885.0
2,5,1519758796396000,887.0
2,5,1519758797221000,886.0
2,5,1519758798073000,889.0
2,5,1519758798953999,922.0
2,5,1519758799779000,948.0
2,5,1519758800631000,967.0
2,5,1519758801456000,971.0
2,5,1519758802281000,994.0
2,5,1519758803105999,1052.0
2,5,1519758803958000,1106.0
2,5,1519758804784000,1155.0
2,5,1519758805608000,1201.0
2,5,1519758806433000,1240.0
2,5,1519758807257999,1271.0
2,5,1519758808084000,1300.0
2,5,1519758808936000,1319.0
2,5,1519758809761000,1342.0
2,5,1519758810585000,1388.0
2,5,1519758811411000,1446.0
2,5,1519758812236000,1502.0
2,5,1519758813061000,1548.0
2,5,1519758813886000,1575.0
2,5,1519758814712000,1536.0
2,5,1519758815536000,1448.0
2,5,1519758816361000,1333.0
2,5,1519758817185999,1288.0
2,5,1519758818011000,1245.0
2,5,1519758818864000,1186.0
2,5,1519758819688000,1097.0
2,5,1519758820513000,984.0
2,5,1519758821337999,867.0
2,5,1519758822163000,879.0
2,5,1519758822988000,890.0
2,5,1519758823841000,893.0
2,5,1519758824665000,897.0
2,5,1519758826316000,1014.0
2,5,1519758827141000,1179.0
2,5,1519758827966000,1365.0
2,5,1519758828846000,1529.0
2,5,1519758829670000,1597.0
2,5,1519758830495000,1848.0
2,5,1519758831320000,1412.0
2,5,1519758832173000,910.0
2,5,1519758833025999,1108.0
2,5,1519758834649000,1062.0
2,5,1519758835473000,1183.0
2,5,1519758836299000,1313.0
2,5,1519758837150000,1433.0
2,5,1519758837977000,1555.0
2,5,1519758838827000,1684.0
2,5,1519758839653000,1867.0
2,5,1519758840478000,1913.0
2,5,1519758841304000,1247.0
2,5,1519758842128000,1260.0
2,5,1519758842953000,1264.0
2,5,1519758843861000,1234.0
2,5,1519758844685000,1191.0
2,5,1519758845511000,895.0
2,5,1519758846336000,1221.0
2,5,1519758847160000,1536.0
2,5,1519758847985000,1493.0
2,5,1519758848838000,1502.0
2,5,1519758849665000,1510.0
2,5,1519758850489000,1470.0
2,5,1519758851312000,1444.0
2,5,1519758852137000,1479.0
2,5,1519758852965000,1573.0
2,5,1519758853843000,1734.0
2,5,1519758854668000,1903.0
2,5,1519758855493000,2013.0
2,5,1519758856318000,2046.0
2,5,1519758857149000,1990.0
2,5,1519758857968000,1899.0
2,5,1519758858793000,1874.0
2,5,1519758859617999,1879.0
2,5,1519758860471000,1855.0
2,5,1519758861323000,1836.0
2,5,1519758862147000,1839.0
2,5,1519758862973000,1867.0
2,5,1519758863825000,1976.0
2,5,1519758864649999,2219.0
2,5,1519758865475000,2468.0
2,5,1519758866313999,2178.0
2,5,1519758867125000,1758.0
2,5,1519758867950000,1744.0
2,5,1519758868804000,1881.0
2,5,1519758869627000,1909.0
2,5,1519758870453000,1878.0
2,5,1519758871278000,1824.0
2,5,1519758872102000,1778.0
2,5,1519758872928000,1732.0
2,5,1519758873781000,1689.0
2,5,1519758874605000,1639.0
2,5,1519758875431000,1599.0
2,5,1519758876255000,1557.0
2,5,1519758877079000,1539.0
2,5,1519758877905000,1542.0
2,5,1519758878761000,1551.0
2,5,1519758879583000,1563.0
2,5,1519758880408000,1574.0
2,5,1519758881260000,1591.0
2,5,1519758882084000,1606.0
2,5,1519758882911000,1639.0
2,5,1519758883763000,1688.0
2,5,1519758884589000,1764.0
2,5,1519758885412000,1844.0
2,5,1519758886265000,1917.0
2,5,1519758887091000,1990.0
2,5,1519758887916000,2084.0
2,5,1519758888795000,2229.0
2,5,1519758889620000,2355.0
2,5,1519758890473000,1835.0
2,5,1519758891297999,1660.0
2,5,1519758892121999,1689.0
2,5,1519758892977999,1645.0
2,5,1519758893800000,1690.0
2,5,1519758894625000,1682.0
2,5,1519758895451000,1664.0
2,5,1519758896275000,1646.0
2,5,1519758897099000,1622.0
2,5,1519758897897999,1545.0
2,5,1519758898750000,1199.0
2,5,1519758899601999,897.0
2,5,1519758900455000,901.0
2,5,1519758901280000,1510.0
2,5,1519758902104000,1773.0
2,5,1519758902931000,1749.0
2,5,1519758903755000,1712.0
2,5,1519758904579000,1675.0
2,5,1519758905405000,1644.0
2,5,1519758906257000,1614.0
2,5,1519758907081999,1585.0
2,5,1519758907907000,1551.0
2,5,1519758908760000,1519.0
2,5,1519758909585000,1491.0
2,5,1519758910409999,1468.0
2,5,1519758911235000,1466.0
2,5,1519758912060000,1488.0
2,5,1519758912885000,1502.0
2,5,1519758913737000,1531.0
2,5,1519758914561999,1560.0
2,5,1519758915385999,1592.0
2,5,1519758916213000,1614.0
2,5,1519758917038000,1637.0
2,5,1519758917862000,1655.0
2,5,1519758918717000,1676.0
2,5,1519758919513000,1695.0
2,5,1519758920283000,1724.0
2,5,1519758921108000,1767.0
2,5,1519758921932000,1810.0
2,5,1519758922759000,1844.0
2,5,1519758923613000,1863.0
2,5,1519758924435000,1371.0
2,5,1519758925315000,1321.0
2,5,1519758926139000,1342.0
2,5,1519758926968000,1357.0
2,5,1519758927789000,1374.0
2,5,1519758928641999,1388.0
2,5,1519758929495000,1402.0
2,5,1519758930320000,1414.0
2,5,1519758931145000,1428.0
2,5,1519758931971000,1447.0
2,5,1519758932795000,1462.0
2,5,1519758933647000,1480.0
2,5,1519758934473000,1498.0
2,5,1519758935297000,1514.0
2,5,1519758936153000,1538.0
2,5,1519758936975000,1553.0
2,5,1519758937799000,1573.0
2,5,1519758938652000,1588.0
2,5,1519758939479000,1613.0
2,5,1519758940275000,1634.0
2,5,1519758941099000,1662.0
2,5,1519758941925000,1708.0
2,5,1519758942777000,1761.0
2,5,1519758943604000,1821.0
2,5,1519758944428000,1878.0
2,5,1519758945252000,1935.0
2,5,1519758946077000,1995.0
2,5,1519758946902000,1572.0
2,5,1519758947729000,1594.0
2,5,1519758948608000,1635.0
2,5,1519758949432000,1672.0
2,5,1519758950257000,1709.0
2,5,1519758951081000,1730.0
2,5,1519758951908000,1736.0
2,5,1519758952732000,1721.0
2,5,1519758953585000,1705.0
2,5,1519758954409999,1694.0
2,5,1519758955235000,1670.0
2,5,1519758956060000,1650.0
2,5,1519758956887000,1623.0
2,5,1519758957711000,1564.0
2,5,1519758958590000,1509.0
2,5,1519758959414000,1485.0
2,5,1519758960239000,1458.0
2,5,1519758961064000,1470.0
2,5,1519758961837000,1484.0
2,5,1519758962660000,1512.0
2,5,1519758963486000,1545.0
2,5,1519758964309000,1568.0
2,5,1519758965133000,1587.0
2,5,1519758965960000,1607.0
2,5,1519758966785999,1627.0
2,5,1519758967609000,1644.0
2,5,1519758968433999,1661.0
2,5,1519758969287000,1672.0
2,5,1519758970117000,1681.0
2,5,1519758970937999,1678.0
2,5,1519758971789000,1676.0
2,5,1519758972641999,1677.0
2,5,1519758973467000,1685.0
2,5,1519758974319000,1687.0
2,5,1519758975172000,1692.0
2,5,1519758975997000,1693.0
2,5,1519758976824000,1697.0
2,5,1519758977647000,1703.0
2,5,1519758978472000,1704.0
2,5,1519758979324000,1703.0
2,5,1519758980176000,1702.0
2,5,1519758981003000,1693.0
2,5,1519758981827000,1674.0
2,5,1519758982652000,1675.0
2,5,1519758983449999,1657.0
2,5,1519758984273999,1658.0
2,5,1519758985926000,1661.0
2,5,1519758986749000,1667.0
2,5,1519758987574000,1662.0
2,5,1519758988400000,1660.0
2,5,1519758989224000,1658.0
2,5,1519758990049000,1648.0
2,5,1519758990873999,1644.0
2,5,1519758991702000,1632.0
2,5,1519758992524000,1608.0
2,5,1519758993349000,1580.0
2,5,1519758994201000,1578.0
2,5,1519758995027000,1557.0
2,5,1519758995854000,1551.0
2,5,1519758996676000,1550.0
2,5,1519758997501000,1537.0
2,5,1519758998326000,1513.0
2,5,1519758999179000,1488.0
2,5,1519759000004000,1460.0
2,5,1519759000830000,1435.0
2,5,1519759001654000,1405.0
2,5,1519759002507000,1341.0
2,5,1519759003332000,1277.0
2,5,1519759004184000,1225.0
2,5,1519759005009000,1108.0
2,5,1519759005835000,1273.0
2,5,1519759006661000,1489.0
2,5,1519759007484000,1515.0
2,5,1519759008309000,1561.0
2,5,1519759009189000,1634.0
2,5,1519759010014000,1663.0
2,5,1519759010841000,1676.0
2,5,1519759011665000,1683.0
2,5,1519759012489999,1690.0
2,5,1519759013313999,1700.0
2,5,1519759014137999,1713.0
2,5,1519759014964000,1719.0
2,5,1519759015789000,1729.0
2,5,1519759016616000,1733.0
2,5,1519759017439000,1737.0
2,5,1519759018263000,1745.0
2,5,1519759019143000,1755.0
2,5,1519759019969000,1783.0
2,5,1519759020795000,1819.0
2,5,1519759021619000,1849.0
2,5,1519759022444000,1886.0
2,5,1519759023269000,1923.0
2,5,1519759024121000,1969.0
2,5,1519759024947000,1683.0
2,5,1519759025773000,1547.0
2,5,1519759026597000,1570.0
2,5,1519759027420000,1634.0
2,5,1519759028247000,1696.0
2,5,1519759029126000,1761.0
2,5,1519759029953000,1831.0
2,5,1519759030804000,1864.0
2,5,1519759031629000,1868.0
2,5,1519759032454000,1867.0
2,5,1519759033279000,1849.0
2,5,1519759034129999,1828.0
2,5,1519759034956000,1788.0
2,5,1519759035782000,1670.0
2,5,1519759036606000,1505.0
2,5,1519759037459000,1471.0
2,5,1519759038284000,1445.0
2,5,1519759039136000,1423.0
2,5,1519759039961999,1434.0
2,5,1519759040785999,1444.0
2,5,1519759041611000,1461.0
2,5,1519759042436000,1459.0
2,5,1519759043261000,1438.0
2,5,1519759044113000,1434.0
2,5,1519759044939000,1444.0
2,5,1519759045764000,1456.0
2,5,1519759046588000,1476.0
2,5,1519759047413000,1510.0
2,5,1519759048239000,1546.0
2,5,1519759049063000,1589.0
2,5,1519759049888000,1633.0
2,5,1519759050713999,1699.0
2,5,1519759051540000,1760.0
2,5,1519759052364000,1786.0
2,5,1519759053189000,1816.0
2,5,1519759054041999,1852.0
2,5,1519759054865999,1888.0
2,5,1519759055720000,1928.0
2,5,1519759056543000,1980.0
2,5,1519759057368000,1404.0
2,5,1519759058193999,1644.0
2,5,1519759059070000,1642.0
2,5,1519759059927000,1638.0
2,5,1519759060752000,1635.0
2,5,1519759061576000,1634.0
2,5,1519759062401000,1632.0
2,5,1519759063254000,1631.0
2,5,1519759064078000,1636.0
2,5,1519759064904000,1640.0
2,5,1519759065729000,1653.0
2,5,1519759066553000,1658.0
2,5,1519759067379000,1683.0
2,5,1519759068204000,1707.0
2,5,1519759069029000,1736.0
2,5,1519759069881000,1748.0
2,5,1519759070705999,1749.0
2,5,1519759071531000,1745.0
2,5,1519759072355000,1743.0
2,5,1519759073181000,1745.0
2,5,1519759074886000,1747.0
2,5,1519759075711000,1743.0
2,5,1519759076536000,1699.0
2,5,1519759077361000,1713.0
2,5,1519759078213000,1706.0
2,5,1519759079065999,1711.0
2,5,1519759079892000,1713.0
2,5,1519759080716000,1738.0
2,5,1519759081541000,1744.0
2,5,1519759082366000,1738.0
2,5,1519759083191000,1718.0
2,5,1519759084044000,1695.0
2,5,1519759084870000,1676.0
2,5,1519759085693000,1655.0
2,5,1519759086519000,1634.0
2,5,1519759087343000,1609.0
2,5,1519759088168000,1593.0
2,5,1519759089021000,1572.0
2,5,1519759089846000,1554.0
2,5,1519759090671000,1534.0
2,5,1519759091496000,1529.0
2,5,1519759092324000,1531.0
2,5,1519759093145000,1535.0
2,5,1519759093972000,1540.0
2,5,1519759094796000,1554.0
2,5,1519759095622000,1569.0
2,5,1519759096447000,1585.0
2,5,1519759097271000,1614.0
2,5,1519759098095000,1640.0
2,5,1519759098949000,1660.0
2,5,1519759099773000,1662.0
2,5,1519759100599000,1658.0
2,5,1519759101423000,1654.0
2,5,1519759102248000,1648.0
2,5,1519759103073000,1639.0
2,5,1519759103897999,1631.0
2,5,1519759104723000,1618.0
2,5,1519759105548000,1611.0
2,5,1519759106373000,1601.0
2,5,1519759107198000,1586.0
2,5,1519759108023000,1574.0
2,5,1519759108903000,1558.0
2,5,1519759109729000,1534.0
2,5,1519759110553000,1541.0
2,5,1519759111404000,1501.0
2,5,1519759112231000,1494.0
2,5,1519759113055000,1507.0
2,5,1519759113911000,1525.0
2,5,1519759114734000,1564.0
2,5,1519759115585999,1589.0
2,5,1519759116411000,1614.0
2,5,1519759117236000,1640.0
2,5,1519759118060000,1678.0
2,5,1519759118941000,1692.0
2,5,1519759119766000,1715.0
2,5,1519759120617999,1707.0
2,5,1519759121443000,1694.0
2,5,1519759122268000,1679.0
2,5,1519759123093000,1662.0
2,5,1519759123918000,1639.0
2,5,1519759124743000,1615.0
2,5,1519759125596000,1595.0
2,5,1519759126420000,1578.0
2,5,1519759127245000,1564.0
2,5,1519759128072000,1552.0
2,5,1519759128950000,1548.0
2,5,1519759129776000,1547.0
2,5,1519759130601000,1560.0
2,5,1519759131425999,1579.0
2,5,1519759132249999,1597.0
2,5,1519759133102000,1625.0
2,5,1519759133955000,1642.0
2,5,1519759134781000,1662.0
2,5,1519759135606000,1676.0
2,5,1519759136430000,1693.0
2,5,1519759137255000,1700.0
2,5,1519759138080000,1701.0
2,5,1519759138905999,1683.0
2,5,1519759139729999,1660.0
2,5,1519759140555000,1623.0
2,5,1519759141380000,1592.0
2,5,1519759142205000,1560.0
2,5,1519759143031000,1534.0
2,5,1519759143856000,1501.0
2,5,1519759144708000,1482.0
2,5,1519759145560000,1465.0
2,5,1519759146385999,1459.0
2,5,1519759147209999,1458.0
2,5,1519759148036000,1460.0
2,5,1519759148889000,1468.0
2,5,1519759149741000,1480.0
2,5,1519759150565000,1497.0
2,5,1519759151390000,1514.0
2,5,1519759152214000,1540.0
2,5,1519759153043000,1578.0
2,5,1519759153865000,1596.0
2,5,1519759154689999,1626.0
2,5,1519759155516000,1651.0
2,5,1519759156340000,1669.0
2,5,1519759157164000,1696.0
2,5,1519759157990000,1707.0
2,5,1519759158815000,1724.0
2,5,1519759159640000,1735.0
2,5,1519759160465000,1748.0
2,5,1519759161289999,1758.0
2,5,1519759162115000,1762.0
2,5,1519759162940000,1772.0
2,5,1519759163820000,1776.0
2,5,1519759164645000,1778.0
2,5,1519759165497999,1782.0
2,5,1519759166321000,1784.0
2,5,1519759167147000,1786.0
2,5,1519759168000000,1789.0
2,5,1519759168854000,1787.0
2,5,1519759169678000,1784.0
2,5,1519759170585000,1791.0
2,5,1519759171409999,1787.0
2,5,1519759173059000,1786.0
2,5,1519759173915000,1780.0
2,5,1519759174710000,1777.0
2,5,1519759175480000,1775.0
2,5,1519759176278000,1776.0
2,5,1519759177048000,1777.0
2,5,1519759177872000,1780.0
2,5,1519759178697999,1774.0
2,5,1519759179521999,1785.0
2,5,1519759180348000,1778.0
2,5,1519759181173000,1779.0
2,5,1519759181999000,1766.0
2,5,1519759182823000,1752.0
2,5,1519759183648000,1735.0
2,5,1519759184501000,1713.0
2,5,1519759185325000,1703.0
2,5,1519759186150000,1688.0
2,5,1519759187003000,1676.0
2,5,1519759187828000,1670.0
2,5,1519759188653000,1668.0
2,5,1519759189478000,1679.0
2,5,1519759190304000,1692.0
2,5,1519759191127000,1708.0
2,5,1519759191952000,1715.0
2,5,1519759192805000,1729.0
2,5,1519759193629000,1739.0
2,5,1519759194483000,1744.0
2,5,1519759195307000,1754.0
2,5,1519759196131000,1765.0
2,5,1519759196957000,1770.0
2,5,1519759197782000,1777.0
2,5,1519759198607000,1780.0
2,5,1519759199515000,1785.0
2,5,1519759200367000,1782.0
2,5,1519759201192000,1785.0
2,5,1519759202017999,1786.0
2,5,1519759202870000,1787.0
2,5,1519759203721999,1788.0
2,5,1519759204547000,1790.0
2,5,1519759205372000,1786.0
2,5,1519759206225000,1784.0
2,5,1519759207049999,1788.0
2,5,1519759207875000,1785.0
2,5,1519759208755000,1787.0
2,5,1519759209581000,1785.0
2,5,1519759210405000,1784.0
2,5,1519759211230000,1789.0
2,5,1519759212055000,1786.0
2,5,1519759212881000,1788.0
2,5,1519759213732000,1785.0
2,5,1519759214612000,1787.0
2,5,1519759215437000,1788.0
2,5,1519759216261000,1786.0
2,5,1519759217857999,1785.0
2,5,1519759218681999,1789.0
2,5,1519759219507000,1788.0
2,5,1519759220332000,1791.0
2,5,1519759221156000,1788.0
2,5,1519759221982000,1792.0
2,5,1519759222807000,1790.0
2,5,1519759223632000,1789.0
2,5,1519759224485000,1790.0
2,5,1519759225310000,1791.0
2,5,1519759226134000,1793.0
2,5,1519759226988000,1788.0
2,5,1519759227813000,1786.0
2,5,1519759228637000,1789.0
2,5,1519759229489999,1791.0
2,5,1519759230315000,1786.0
2,5,1519759231139000,1819.0
2,5,1519759231965000,1851.0
2,5,1519759232845000,1900.0
2,5,1519759233670000,1931.0
2,5,1519759234495000,1960.0
2,5,1519759235320000,1983.0
2,5,1519759236144000,2002.0
2,5,1519759236969999,2021.0
2,5,1519759237795000,2043.0
2,5,1519759238619000,2061.0
2,5,1519759239472000,2071.0
2,5,1519759240270000,2080.0
2,5,1519759241094000,2087.0
2,5,1519759241920000,2094.0
2,5,1519759242745000,2098.0
2,5,1519759243597000,2107.0
2,5,1519759244449999,2106.0
2,5,1519759245273999,2104.0
2,5,1519759246099000,2109.0
2,5,1519759248601999,2107.0
2,5,1519759249454000,2108.0
2,5,1519759250334000,2112.0
2,5,1519759251984000,2108.0
2,5,1519759253662000,2109.0
2,5,1519759255339000,2111.0
2,5,1519759256164000,2108.0
2,5,1519759256989000,2110.0
2,5,1519759257814000,2109.0
2,5,1519759258639000,2106.0
2,5,1519759259492000,2108.0
2,5,1519759262737000,2110.0
2,5,1519759264387000,2109.0
2,5,1519759265212000,2108.0
2,5,1519759266862000,2107.0
2,5,1519759267689000,2112.0
2,5,1519759268512000,2108.0
2,5,1519759269364000,2110.0
2,5,1519759270189000,2106.0
2,5,1519759271014000,2109.0
2,5,1519759272665000,2106.0
2,5,1519759273488000,2115.0
2,5,1519759274369000,2105.0
2,5,1519759275195000,2104.0
2,5,1519759276019000,2105.0
2,5,1519759276844000,2103.0
2,5,1519759277669000,2105.0
2,5,1519759278521999,2112.0
2,5,1519759279374000,2105.0
2,5,1519759280199000,2099.0
2,5,1519759280969000,2100.0
2,5,1519759281793999,2098.0
2,5,1519759283444000,2104.0
2,5,1519759284324000,2103.0
2,5,1519759285149000,2101.0
2,5,1519759285977000,2104.0
2,5,1519759289357000,2100.0
2,5,1519759290182000,2102.0
2,5,1519759291007000,2101.0
2,5,1519759291832000,2107.0
2,5,1519759292657999,2104.0
2,5,1519759293481999,2102.0
2,5,1519759294334000,2104.0
2,5,1519759295159000,2105.0
2,5,1519759296013000,2103.0
2,5,1519759296837000,2095.0
2,5,1519759297661000,2085.0
2,5,1519759298486000,2068.0
2,5,1519759299341000,2058.0
2,5,1519759300164000,2063.0
2,5,1519759300989000,2058.0
2,5,1519759301814000,2062.0
2,5,1519759302613000,2069.0
2,5,1519759303437000,2072.0
2,5,1519759304289000,2077.0
2,5,1519759305113000,2088.0
2,5,1519759305939000,2086.0
2,5,1519759306765000,2092.0
2,5,1519759307591000,2093.0
2,5,1519759308414000,2097.0
2,5,1519759309239000,2099.0
2,5,1519759310065000,2102.0
2,5,1519759310889000,2104.0
2,5,1519759311713999,2099.0
2,5,1519759312539000,2103.0
2,5,1519759313391000,2101.0
2,5,1519759314271000,2102.0
2,5,1519759315103000,2101.0
2,5,1519759315921000,2102.0
2,5,1519759317600000,2101.0
2,5,1519759318424000,2103.0
2,5,1519759319277000,2100.0
2,5,1519759320129000,2101.0
2,5,1519759320956000,2105.0
2,5,1519759322606000,2102.0
2,5,1519759323430000,2103.0
2,5,1519759325105999,2106.0
2,5,1519759325933000,2108.0
2,5,1519759327582000,2105.0
2,5,1519759328408000,2110.0
2,5,1519759329261000,2108.0
2,5,1519759330085000,2110.0
2,5,1519759330911000,2111.0
2,5,1519759331737000,2112.0
2,5,1519759332561000,2113.0
2,5,1519759333388000,2105.0
2,5,1519759335889000,2107.0
2,5,1519759336713999,2104.0
2,5,1519759338363000,2108.0
2,5,1519759339189000,2107.0
2,5,1519759340014000,2108.0
2,5,1519759340867000,2107.0
2,5,1519759341692000,2109.0
2,5,1519759342517000,2106.0
2,5,1519759343369000,2103.0
2,5,1519759344221000,2107.0
2,5,1519759345899000,2110.0
2,5,1519759349199000,2113.0
2,5,1519759350024000,2111.0
2,5,1519759350849000,2110.0
2,5,1519759351673999,2113.0
2,5,1519759352499000,2114.0
2,5,1519759353324000,2111.0
2,5,1519759355057000,2109.0
2,5,1519759355909000,2108.0
2,5,1519759356734000,2112.0
2,5,1519759357559000,2110.0
2,5,1519759359237000,2112.0
2,5,1519759360089000,2107.0
2,5,1519759360913999,2110.0
2,5,1519759361739000,2106.0
2,5,1519759362565000,2100.0
2,5,1519759363389000,2097.0
2,5,1519759364241999,2085.0
2,5,1519759365067000,2077.0
2,5,1519759365892000,2082.0
2,5,1519759366718000,2083.0
2,5,1519759367542000,2088.0
2,5,1519759368367000,2089.0
2,5,1519759370044000,2095.0
2,5,1519759371694000,2096.0
2,5,1519759372520000,2095.0
2,5,1519759373344000,2101.0
2,5,1519759374224000,2098.0
2,5,1519759375051000,2103.0
2,5,1519759375873999,2106.0
2,5,1519759376699000,2107.0
2,5,1519759378349000,2104.0
2,5,1519759379201999,2105.0
2,5,1519759380054000,2106.0
2,5,1519759380879000,2105.0
2,5,1519759381704000,2108.0
2,5,1519759384177999,2111.0
2,5,1519759385004000,2107.0
2,5,1519759385829000,2109.0
2,5,1519759386654000,2113.0
2,5,1519759387451000,2111.0
2,5,1519759388277000,2110.0
2,5,1519759389101000,2109.0
2,5,1519759390752000,2110.0
2,5,1519759391577000,2108.0
2,5,1519759392401999,2109.0
2,5,1519759393227000,2110.0
2,5,1519759394080000,2114.0
2,5,1519759394904000,2107.0
2,5,1519759395729000,2105.0
2,5,1519759396553999,2106.0
2,5,1519759397379000,2105.0
2,5,1519759398204000,2110.0
2,5,1519759399030000,2109.0
2,5,1519759399854000,2106.0
2,5,1519759401532000,2110.0
2,5,1519759402357000,2109.0
2,5,1519759404061000,2110.0
2,5,1519759404913999,2107.0
2,5,1519759405739000,2110.0
2,5,1519759406563000,2109.0
2,5,1519759407389000,2113.0
2,5,1519759408241999,2111.0
2,5,1519759409093000,2110.0
2,5,1519759409947000,2114.0
2,5,1519759410799000,2113.0
2,5,1519759411624000,2114.0
2,5,1519759412449000,2119.0
2,5,1519759413273999,2117.0
2,5,1519759414126000,2118.0
2,5,1519759414952000,2116.0
2,5,1519759415777000,2115.0
2,5,1519759416629000,2116.0
2,5,1519759418307000,2117.0
2,5,1519759419159000,2116.0
2,5,1519759419985000,2115.0
2,5,1519759421633000,2114.0
2,5,1519759422459000,2113.0
2,5,1519759423284000,2112.0
2,5,1519759424163000,2115.0
2,5,1519759424989000,2112.0
2,5,1519759426639000,2115.0
2,5,1519759427464000,2114.0
2,5,1519759428289000,2116.0
2,5,1519759429113000,2115.0
2,5,1519759429911000,2114.0
2,5,1519759430708000,2112.0
2,5,1519759431533000,2115.0
2,5,1519759432359000,2112.0
2,5,1519759433184000,2111.0
2,5,1519759434036000,2110.0
2,5,1519759434862000,2111.0
2,5,1519759436511000,2110.0
2,5,1519759437337000,2111.0
2,5,1519759438161000,2115.0
2,5,1519759438985999,2112.0
2,5,1519759440637000,2113.0
2,5,1519759442286000,2111.0
2,5,1519759443111000,2113.0
2,5,1519759443964000,2109.0
2,5,1519759444789000,2106.0
2,5,1519759445614000,2108.0
2,5,1519759446439000,2109.0
2,5,1519759447291000,2110.0
2,5,1519759448144000,2109.0
2,5,1519759448968000,2106.0
2,5,1519759449793999,2107.0
2,5,1519759450619000,2110.0
2,5,1519759451444000,2106.0
2,5,1519759452269000,2107.0
2,5,1519759453093000,2111.0
2,5,1519759453948000,2109.0
2,5,1519759454771000,2107.0
2,5,1519759456421000,2105.0
2,5,1519759457246000,2101.0
2,5,1519759458071000,2104.0
2,5,1519759458981000,2102.0
2,5,1519759459804000,2101.0
2,5,1519759460629000,2098.0
2,5,1519759461453000,2100.0
2,5,1519759463929999,2102.0
2,5,1519759464753999,2103.0
2,5,1519759465606000,2101.0
2,5,1519759466431000,2102.0
2,5,1519759467256000,2098.0
2,5,1519759468080000,2103.0
2,5,1519759468905999,2099.0
2,5,1519759469841000,2103.0
2,5,1519759470665999,2098.0
2,5,1519759471491000,2104.0
2,5,1519759472369000,2106.0
2,5,1519759474021000,2110.0
2,5,1519759475781000,2109.0
2,5,1519759477595000,2115.0
2,5,1519759479411000,2116.0
2,5,1519759481473000,2113.0
2,5,1519759483591000,2048.0
2,5,1519759485929000,1929.0
2,5,1519759488073000,1848.0
2,5,1519759490136000,1917.0
2,5,1519759492363000,1989.0
2,5,1519759494427000,2038.0
2,5,1519759496241000,2068.0
2,5,1519759498633000,2089.0
2,5,1519759500615000,2099.0
2,5,1519759502843000,2104.0
2,5,1519759504904000,2109.0
2,5,1519759506883000,2110.0
2,5,1519759509028000,2107.0
2,5,1519759511476000,2112.0
2,5,1519759513483000,2107.0
2,5,1519759517526000,2104.0
2,5,1519759519670000,2041.0
2,5,1519759521736000,1972.0
2,5,1519759523631000,1951.0
2,5,1519759525364000,1950.0
2,5,1519759527756000,1960.0
2,5,1519759529822000,1968.0
2,5,1519759531688000,1983.0
2,5,1519759533697000,1971.0
2,5,1519759535841000,1943.0
2,5,1519759537985999,1891.0
2,5,1519759540129999,1805.0
2,5,1519759542110000,1748.0
2,5,1519759544585000,1764.0
2,5,1519759546896000,1773.0
2,5,1519759549123000,1759.0
2,5,1519759551350000,1753.0
2,5,1519759553332000,1771.0
2,5,1519759555476000,1808.0
2,5,1519759557703000,1829.0
2,5,1519759559929999,1841.0
2,5,1519759562321999,1847.0
2,5,1519759564468000,1832.0
2,5,1519759566943000,1787.0
2,5,1519759569169999,1742.0
2,5,1519759571563000,1676.0
2,5,1519759573873000,1547.0
2,5,1519759576100000,1472.0
2,5,1519759578246000,1426.0
2,5,1519759580390000,1427.0
2,5,1519759582536000,1429.0
2,5,1519759587320000,1349.0
2,5,1519759589712000,1291.0
2,5,1519759591940000,1292.0
2,5,1519759594416000,1291.0
2,5,1519759596395000,1288.0
2,5,1519759598622000,1287.0
2,5,1519759600849999,1278.0
2,5,1519759602996000,1305.0
2,5,1519759605305000,1356.0
2,5,1519759607451000,1380.0
2,5,1519759609760000,1361.0
2,5,1519759611825999,1324.0
2,5,1519759614132000,1299.0
2,5,1519759616278000,1291.0
2,5,1519759618425000,1304.0
2,5,1519759620733000,1328.0
2,5,1519759623043000,1350.0
2,5,1519759625353999,1361.0
2,5,1519759627332000,1367.0
2,5,1519759629313999,1366.0
2,5,1519759631457999,1360.0
2,5,1519759633519000,1354.0
2,5,1519759635747000,1346.0
2,5,1519759638059000,1376.0
2,5,1519759640339000,1396.0
2,5,1519759642264000,1403.0
2,5,1519759644299000,1367.0
2,5,1519759646389000,1325.0
2,5,1519759648537999,1270.0
2,5,1519759650681000,1205.0
2,5,1519759652990000,1197.0
2,5,1519759655382000,1214.0
2,5,1519759657609000,1247.0
2,5,1519759660001999,1295.0
2,5,1519759662313000,1321.0
2,5,1519759664457999,1328.0
2,5,1519759666685000,1319.0
2,5,1519759668831000,1315.0
2,5,1519759671304000,1309.0
2,5,1519759673449999,1305.0
2,5,1519759675595000,1301.0
2,5,1519759677297999,1304.0
2,5,1519759678177999,1301.0
2,5,1519759679910000,1302.0
2,5,1519759680735000,1301.0
2,5,1519759681589000,1303.0
2,5,1519759682414000,1298.0
2,5,1519759683239000,1294.0
2,5,1519759684063000,1278.0
2,5,1519759684916000,1271.0
2,5,1519759685769000,1267.0
2,5,1519759686595000,1254.0
2,5,1519759687417999,1245.0
2,5,1519759688244000,1247.0
2,5,1519759689069000,1241.0
2,5,1519759689949000,1237.0
2,5,1519759690774000,1234.0
2,5,1519759691599000,1229.0
2,5,1519759692424000,1236.0
2,5,1519759693249000,1242.0
2,5,1519759694076000,1251.0
2,5,1519759694953999,1261.0
2,5,1519759695779000,1271.0
2,5,1519759696604000,1293.0
2,5,1519759697429000,1304.0
2,5,1519759698254000,1312.0
2,5,1519759699105999,1324.0
2,5,1519759699985999,1334.0
2,5,1519759700880000,1338.0
2,5,1519759701719000,1336.0
2,5,1519759702572000,1337.0
2,5,1519759703396000,1332.0
2,5,1519759704221000,1327.0
2,5,1519759705073000,1319.0
2,5,1519759705900000,1310.0
2,5,1519759706724000,1299.0
2,5,1519759707549000,1288.0
2,5,1519759708401000,1280.0
2,5,1519759709253000,1265.0
2,5,1519759710105000,1252.0
2,5,1519759710932000,1246.0
2,5,1519759711757000,1242.0
2,5,1519759712582000,1229.0
2,5,1519759713435000,1232.0
2,5,1519759714259000,1225.0
2,5,1519759715084000,1223.0
2,5,1519759715909000,1222.0
2,5,1519759716761000,1219.0
2,5,1519759717585000,1223.0
2,5,1519759718411000,1230.0
2,5,1519759719236000,1231.0
2,5,1519759720061000,1244.0
2,5,1519759720887000,1257.0
2,5,1519759721715000,1267.0
2,5,1519759722536000,1280.0
2,5,1519759723361999,1300.0
2,5,1519759724185999,1310.0
2,5,1519759725011000,1324.0
2,5,1519759725864000,1339.0
2,5,1519759726744000,1353.0
2,5,1519759727596000,1372.0
2,5,1519759728449000,1388.0
2,5,1519759729273999,1391.0
2,5,1519759730097999,1401.0
2,5,1519759730924000,1407.0
2,5,1519759731749000,1410.0
2,5,1519759732574000,1414.0
2,5,1519759733399000,1420.0
2,5,1519759734251000,1423.0
2,5,1519759735075000,1438.0
2,5,1519759735900000,1446.0
2,5,1519759736726000,1460.0
2,5,1519759737552000,1472.0
2,5,1519759738376000,1487.0
2,5,1519759739201000,1499.0
2,5,1519759740027000,1508.0
2,5,1519759740851000,1522.0
2,5,1519759741676000,1526.0
2,5,1519759742527000,1532.0
2,5,1519759743353999,1528.0
2,5,1519759744177999,1525.0
2,5,1519759745004000,1515.0
2,5,1519759745829000,1512.0
2,5,1519759746654000,1508.0
2,5,1519759747478000,1503.0
2,5,1519759748304000,1511.0
2,5,1519759749128000,1509.0
2,5,1519759749953000,1517.0
2,5,1519759750777999,1521.0
2,5,1519759751603000,1526.0
2,5,1519759752428000,1527.0
2,5,1519759753281000,1531.0
2,5,1519759754105000,1526.0
2,5,1519759754931000,1528.0
2,5,1519759756581000,1533.0
2,5,1519759757406000,1537.0
2,5,1519759758257999,1541.0
2,5,1519759759081999,1545.0
2,5,1519759759909000,1546.0
2,5,1519759760735000,1555.0
2,5,1519759761557000,1560.0
2,5,1519759762384000,1568.0
2,5,1519759763208000,1570.0
2,5,1519759764033000,1577.0
2,5,1519759764859000,1581.0
2,5,1519759765683000,1582.0
2,5,1519759766508000,1584.0
2,5,1519759767333000,1582.0
2,5,1519759768158000,1585.0
2,5,1519759768984000,1588.0
2,5,1519759769809000,1589.0
2,5,1519759770633000,1597.0
2,5,1519759771457999,1605.0
2,5,1519759772311000,1615.0
2,5,1519759773135000,1627.0
2,5,1519759773963000,1633.0
2,5,1519759774785999,1639.0
2,5,1519759775611000,1638.0
2,5,1519759776436000,1636.0
2,5,1519759777261000,1632.0
2,5,1519759778085000,1618.0
2,5,1519759778911000,1606.0
2,5,1519759779736000,1592.0
2,5,1519759780561000,1575.0
2,5,1519759781387000,1561.0
2,5,1519759782265999,1545.0
2,5,1519759783089999,1532.0
2,5,1519759783917000,1520.0
2,5,1519759784741000,1512.0
2,5,1519759785593000,1509.0
2,5,1519759786446000,1512.0
2,5,1519759787271000,1511.0
2,5,1519759788095000,1516.0
2,5,1519759789801000,1521.0
2,5,1519759790654000,1524.0
2,5,1519759791478000,1528.0
2,5,1519759792303000,1534.0
2,5,1519759793953000,1540.0
2,5,1519759794806000,1543.0
2,5,1519759795657999,1548.0
2,5,1519759796486000,1553.0
2,5,1519759797310000,1555.0
2,5,1519759798133000,1559.0
2,5,1519759798985999,1563.0
2,5,1519759799811000,1558.0
2,5,1519759800636000,1548.0
2,5,1519759801488000,1537.0
2,5,1519759802313000,1523.0
2,5,1519759803137999,1504.0
2,5,1519759803965000,1492.0
2,5,1519759804843000,1483.0
2,5,1519759805668000,1476.0
2,5,1519759806493000,1469.0
2,5,1519759807344000,1458.0
2,5,1519759808171000,1455.0
2,5,1519759808996000,1446.0
2,5,1519759809848000,1441.0
2,5,1519759810673000,1393.0
2,5,1519759811525000,1163.0
2,5,1519759812350000,1637.0
2,5,1519759813176000,1583.0
2,5,1519759814001000,1521.0
2,5,1519759814881000,1476.0
2,5,1519759815705999,1453.0
2,5,1519759816531000,1214.0
2,5,1519759817355000,1746.0
2,5,1519759818180000,1637.0
2,5,1519759819005000,1376.0
2,5,1519759819885000,1138.0
2,5,1519759820710000,1789.0
2,5,1519759821535000,1654.0
2,5,1519759822360000,1563.0
2,5,1519759823185000,1480.0
2,5,1519759824012000,1109.0
2,5,1519759824863000,897.0
2,5,1519759825689000,898.0
2,5,1519759826513000,897.0
2,5,1519759827366000,898.0
2,5,1519759828217999,899.0
2,5,1519759829072000,900.0
2,5,1519759829923000,899.0
2,5,1519759831573000,900.0
2,5,1519759832397000,899.0
2,5,1519759833195000,898.0
2,5,1519759833993999,865.0
2,5,1519759834763000,1113.0
2,5,1519759835617000,1603.0
2,5,1519759836413000,1726.0
2,5,1519759837211000,988.0
2,5,1519759838036000,1153.0
2,5,1519759838860000,1308.0
2,5,1519759839685000,1420.0
2,5,1519759840511000,1512.0
2,5,1519759841335000,1674.0
2,5,1519759842160000,1867.0
2,5,1519759842985000,2129.0
2,5,1519759843838000,2429.0
2,5,1519759844689999,2076.0
2,5,1519759845515000,1582.0
2,5,1519759846340000,1657.0
2,5,1519759847165000,1583.0
2,5,1519759847990000,1478.0
2,5,1519759848816000,1372.0
2,5,1519759849668000,1268.0
2,5,1519759850493000,1165.0
2,5,1519759851318000,1070.0
2,5,1519759852142000,972.0
2,5,1519759852968000,891.0
2,5,1519759853793000,876.0
2,5,1519759854645000,889.0
2,5,1519759855471000,896.0
2,5,1519759856295000,899.0
2,5,1519759857121000,898.0
2,5,1519759858769999,900.0
2,5,1519759860421000,899.0
2,5,1519759861245000,900.0
2,5,1519759862070000,902.0
2,5,1519759862895000,900.0
2,5,1519759863720000,920.0
2,5,1519759864544000,923.0
2,5,1519759865369000,919.0
2,5,1519759866249999,955.0
2,5,1519759867103000,908.0
2,5,1519759867929000,903.0
2,5,1519759868753999,901.0
2,5,1519759869577999,884.0
2,5,1519759870460000,795.0
2,5,1519759871283000,766.0
2,5,1519759872135000,765.0
2,5,1519759872961000,234.0
2,5,1519759873785000,0.0
2,5,1519759887895000,868.0
2,5,1519759888720000,1065.0
2,5,1519759889545000,995.0
2,5,1519759890369999,1370.0
2,5,1519759891222000,2016.0
2,5,1519759892047000,1983.0
2,5,1519759892873000,1203.0
2,5,1519759893697999,1481.0
2,5,1519759894521999,1931.0
2,5,1519759895376000,2501.0
2,5,1519759896200000,2487.0
2,5,1519759896998000,1775.0
2,5,1519759897823000,1890.0
2,5,1519759898648000,1885.0
2,5,1519759899473000,1879.0
2,5,1519759900325000,1865.0
2,5,1519759901149000,1834.0
2,5,1519759902003000,1819.0
2,5,1519759902829000,1824.0
2,5,1519759903707000,1839.0
2,5,1519759904588000,1840.0
2,5,1519759905413000,1823.0
2,5,1519759906238000,1838.0
2,5,1519759907063000,1889.0
2,5,1519759907917000,1952.0
2,5,1519759908740000,2028.0
2,5,1519759909593000,2100.0
2,5,1519759910417000,2103.0
2,5,1519759911241999,2084.0
2,5,1519759912068000,2086.0
2,5,1519759912894000,2091.0
2,5,1519759913718000,2076.0
2,5,1519759914569999,2056.0
2,5,1519759915395000,2045.0
2,5,1519759916219000,2030.0
2,5,1519759917045000,2036.0
2,5,1519759917897999,2018.0
2,5,1519759918723000,2038.0
2,5,1519759919549000,2074.0
2,5,1519759920372000,2098.0
2,5,1519759921197000,2150.0
2,5,1519759922023000,2224.0
2,5,1519759922876000,1470.0
2,5,1519759923700000,1450.0
2,5,1519759924553000,1551.0
2,5,1519759925433000,1568.0
2,5,1519759926257999,1583.0
2,5,1519759927081999,1599.0
2,5,1519759927936000,1595.0
2,5,1519759928761000,1599.0
2,5,1519759929615000,1591.0
2,5,1519759930438000,1595.0
2,5,1519759931263000,1596.0
2,5,1519759932089999,1586.0
2,5,1519759932913999,1570.0
2,5,1519759933737999,1554.0
2,5,1519759934617999,1537.0
2,5,1519759935443000,1519.0
2,5,1519759936405000,1503.0
2,5,1519759937230000,1498.0
2,5,1519759938055000,1489.0
2,5,1519759938885000,1468.0
2,5,1519759939815000,1454.0
2,5,1519759940640000,1452.0
2,5,1519759941465000,1439.0
2,5,1519759942293000,1420.0
2,5,1519759943142000,954.0
2,5,1519759943968000,1938.0
2,5,1519759944823000,1916.0
2,5,1519759945645000,1870.0
2,5,1519759946472000,1825.0
2,5,1519759947295000,1077.0
2,5,1519759948119000,1341.0
2,5,1519759948945000,2197.0
2,5,1519759949852000,2109.0
2,5,1519759950677000,2042.0
2,5,1519759951503000,2121.0
2,5,1519759952327000,2257.0
2,5,1519759953179000,2408.0
2,5,1519759954033999,1798.0
2,5,1519759954885000,1725.0
2,5,1519759955710000,1665.0
2,5,1519759956563000,1259.0
2,5,1519759957387000,1251.0
2,5,1519759958240000,1247.0
2,5,1519759959065000,1243.0
2,5,1519759959919000,1241.0
2,5,1519759960715000,1236.0
2,5,1519759961568000,934.0
2,5,1519759962392000,892.0
2,5,1519759963271000,893.0
2,5,1519759964097000,896.0
2,5,1519759964951000,901.0
2,5,1519759965775000,899.0
2,5,1519759967425000,900.0
2,5,1519759969077000,899.0
2,5,1519759969929000,900.0
2,5,1519759970753000,899.0
2,5,1519759971577999,900.0
2,5,1519759973227000,1133.0
2,5,1519759974052000,1431.0
2,5,1519759974932000,1612.0
2,5,1519759975757000,1687.0
2,5,1519759976583000,1660.0
2,5,1519759977408000,1673.0
2,5,1519759978232000,1711.0
2,5,1519759979057999,1803.0
2,5,1519759979881999,1950.0
2,5,1519759980708000,2122.0
2,5,1519759981533000,1675.0
2,5,1519759982357000,1370.0
2,5,1519759983182000,1396.0
2,5,1519759984008000,1058.0
2,5,1519759984862000,901.0
2,5,1519759985686000,1497.0
2,5,1519759986511000,1835.0
2,5,1519759987334000,1778.0
2,5,1519759988159000,1739.0
2,5,1519759988985999,1728.0
2,5,1519759989813000,1734.0
2,5,1519759990635000,1714.0
2,5,1519759991487000,1674.0
2,5,1519759992313000,1543.0
2,5,1519759993164000,1402.0
2,5,1519759994017999,1237.0
2,5,1519759994841999,1102.0
2,5,1519759995667000,1055.0
2,5,1519759996500000,1118.0
2,5,1519759997317000,1227.0
2,5,1519759998142000,1421.0
2,5,1519759998968000,1715.0
2,5,1519759999820000,2062.0
2,5,1519760000646000,2304.0
2,5,1519760001497000,1970.0
2,5,1519760002321999,1598.0
2,5,1519760003173000,1670.0
2,5,1519760004000000,1729.0
2,5,1519760004852000,1772.0
2,5,1519760005680000,1753.0
2,5,1519760006503000,1728.0
2,5,1519760007355000,1687.0
2,5,1519760008206000,1602.0
2,5,1519760009032000,1499.0
2,5,1519760009857000,1439.0
2,5,1519760010684000,1447.0
2,5,1519760011561999,1529.0
2,5,1519760012387000,1693.0
2,5,1519760013239000,1858.0
2,5,1519760014065999,1996.0
2,5,1519760015001000,1836.0
2,5,1519760015852000,1476.0
2,5,1519760016677000,1517.0
2,5,1519760017528000,1525.0
2,5,1519760018355000,1527.0
2,5,1519760019179000,1514.0
2,5,1519760020032000,1513.0
2,5,1519760020857999,1519.0
2,5,1519760021681999,1513.0
2,5,1519760022507000,1514.0
2,5,1519760023332000,1511.0
2,5,1519760025009999,1513.0
2,5,1519760025835000,1511.0
2,5,1519760026689000,1513.0
2,5,1519760027512000,1511.0
2,5,1519760028337000,1501.0
2,5,1519760029169999,1499.0
2,5,1519760030015000,1502.0
2,5,1519760030840000,1503.0
2,5,1519760031665000,1510.0
2,5,1519760032489000,1514.0
2,5,1519760033342000,1516.0
2,5,1519760034166000,1518.0
2,5,1519760035047000,1521.0
2,5,1519760035900000,1523.0
2,5,1519760036752000,1521.0
2,5,1519760037631000,1525.0
2,5,1519760039281999,1523.0
2,5,1519760040134000,1527.0
2,5,1519760040960000,1529.0
2,5,1519760041784000,1534.0
2,5,1519760042611000,1528.0
2,5,1519760043433999,1526.0
2,5,1519760044259000,1258.0
2,5,1519760045084000,890.0
2,5,1519760045966000,1504.0
2,5,1519760046763000,1734.0
2,5,1519760047585999,968.0
2,5,1519760048412000,895.0
2,5,1519760049237000,896.0
2,5,1519760050062000,899.0
2,5,1519760050887000,901.0
2,5,1519760051713999,958.0
2,5,1519760052537000,1026.0
2,5,1519760053361999,1187.0
2,5,1519760054187000,941.0
2,5,1519760055012000,898.0
2,5,1519760055837000,899.0
2,5,1519760056661000,900.0
2,5,1519760057486000,899.0
2,5,1519760058312000,898.0
2,5,1519760059136000,899.0
2,5,1519760060814000,863.0
2,5,1519760061640000,874.0
2,5,1519760062464000,591.0
2,5,1519760063289000,0.0
2,5,1519760111331000,150.0
2,5,1519760112156000,931.0
2,5,1519760112981000,813.0
2,5,1519760113806000,789.0
2,5,1519760114631000,757.0
2,5,1519760115456000,736.0
2,5,1519760116281000,764.0
2,5,1519760117105000,768.0
2,5,1519760117931000,770.0
2,5,1519760118757000,771.0
2,5,1519760119581000,772.0
2,5,1519760120407000,773.0
2,5,1519760122881000,771.0
2,5,1519760123761000,773.0
2,5,1519760124585999,772.0
2,5,1519760125465999,770.0
2,5,1519760126292000,771.0
2,5,1519760127116000,768.0
2,5,1519760127941000,771.0
2,5,1519760128767000,768.0
2,5,1519760129591000,770.0
2,5,1519760130444000,768.0
2,5,1519760131269000,769.0
2,5,1519760132093000,1007.0
2,5,1519760132920000,985.0
2,5,1519760133744000,1241.0
2,5,1519760134568000,2022.0
2,5,1519760135421000,2096.0
2,5,1519760136246000,1265.0
2,5,1519760137071000,1369.0
2,5,1519760137896000,1400.0
2,5,1519760138721000,1413.0
2,5,1519760139545999,1533.0
2,5,1519760140398000,1754.0
2,5,1519760141223000,2153.0
2,5,1519760142048000,1970.0
2,5,1519760142873000,1136.0
2,5,1519760143697999,921.0
2,5,1519760144525000,902.0
2,5,1519760145403000,898.0
2,5,1519760146229000,897.0
2,5,1519760147878000,900.0
2,5,1519760148703000,898.0
2,5,1519760149528000,899.0
2,5,1519760150408000,896.0
2,5,1519760151233999,897.0
2,5,1519760152856000,898.0
2,5,1519760153681000,900.0
2,5,1519760154505999,898.0
2,5,1519760155358000,899.0
2,5,1519760156183000,897.0
2,5,1519760157009000,899.0
2,5,1519760157861000,902.0
2,5,1519760158686000,901.0
2,5,1519760159511000,900.0
2,5,1519760160419000,901.0
2,5,1519760161241999,834.0
2,5,1519760162068000,944.0
2,5,1519760162893000,916.0
2,5,1519760163718000,972.0
2,5,1519760164543000,923.0
2,5,1519760165396000,938.0
2,5,1519760166221000,926.0
2,5,1519760167047000,912.0
2,5,1519760167870000,929.0
2,5,1519760168696000,951.0
2,5,1519760169521000,914.0
2,5,1519760170345999,905.0
2,5,1519760171171000,898.0
2,5,1519760171996000,895.0
2,5,1519760172821000,904.0
2,5,1519760173646000,819.0
2,5,1519760174471000,758.0
2,5,1519760175353000,910.0
2,5,1519760176201999,920.0
2,5,1519760177035000,966.0
2,5,1519760177853000,957.0
2,5,1519760178679000,970.0
2,5,1519760179503000,958.0
2,5,1519760180355000,967.0
2,5,1519760181180000,953.0
2,5,1519760182006000,941.0
2,5,1519760182831000,942.0
2,5,1519760183656000,924.0
2,5,1519760184480000,938.0
2,5,1519760185333000,942.0
2,5,1519760186157000,949.0
2,5,1519760186983000,953.0
2,5,1519760187808000,946.0
2,5,1519760188633000,953.0
2,5,1519760189465999,1003.0
2,5,1519760190337999,945.0
2,5,1519760191190000,882.0
2,5,1519760192044000,840.0
2,5,1519760192868000,797.0
2,5,1519760193693000,907.0
2,5,1519760194518000,1030.0
2,5,1519760195397000,937.0
2,5,1519760196223000,871.0
2,5,1519760197073999,822.0
2,5,1519760197901000,174.0
2,7,1519755824107000,0.0
2,7,1519755830347000,1.0
2,7,1519755831246000,2.0
2,7,1519755837637000,3.0
2,7,1519755838536000,5.0
2,7,1519755839436000,8.0
2,7,1519755840336000,10.0
2,7,1519755841267000,14.0
2,7,1519755842166000,15.0
2,7,1519755843966000,16.0
2,7,1519755844865999,15.0
2,7,1519755847627000,14.0
2,7,1519755848526000,15.0
2,7,1519755850356000,14.0
2,7,1519755852157000,18.0
2,7,1519755853056000,22.0
2,7,1519755853956000,25.0
2,7,1519755854856000,26.0
2,7,1519755856656000,25.0
2,7,1519755858486000,24.0
2,7,1519755859385999,23.0
2,7,1519755861187000,25.0
2,7,1519755862087000,26.0
2,7,1519755863917000,23.0
2,7,1519755864817000,19.0
2,7,1519755865716000,18.0
2,7,1519755866681000,17.0
2,7,1519755867577000,11.0
2,7,1519755868478000,2.0
2,7,1519755869377000,0.0
2,7,1519755874716000,2.0
2,7,1519755875646000,7.0
2,7,1519755876576000,12.0
2,7,1519755877476000,16.0
2,7,1519755878317000,18.0
2,7,1519755879189000,15.0
2,7,1519755880897000,17.0
2,7,1519755881737000,19.0
2,7,1519755882577999,20.0
2,7,1519755884287000,17.0
2,7,1519755885185999,14.0
2,7,1519755885997000,11.0
2,7,1519755886837000,8.0
2,7,1519755887588000,6.0
2,7,1519755888428000,5.0
2,7,1519755889237000,7.0
2,7,1519755889988000,10.0
2,7,1519755890888000,14.0
2,7,1519755891757000,17.0
2,7,1519755892687000,18.0
2,7,1519755893527000,19.0
2,7,1519755894428000,22.0
2,7,1519755895267000,25.0
2,7,1519755896105999,30.0
2,7,1519755897037000,31.0
2,7,1519755898807000,30.0
2,7,1519755902227000,28.0
2,7,1519755903039000,26.0
2,7,1519755903817000,23.0
2,7,1519755904628000,20.0
2,7,1519755905377000,15.0
2,7,1519755906157000,10.0
2,7,1519755907029000,5.0
2,7,1519755907776000,3.0
2,7,1519755909277000,4.0
2,7,1519755910116000,8.0
2,7,1519755910865999,12.0
2,7,1519755911677000,15.0
2,7,1519755913176000,13.0
2,7,1519755913927000,10.0
2,7,1519755914679000,8.0
2,7,1519755915428000,5.0
2,7,1519755916177000,4.0
2,7,1519755917017000,6.0
2,7,1519755917828000,11.0
2,7,1519755918577000,16.0
2,7,1519755919327000,19.0
2,7,1519755920078000,18.0
2,7,1519755920829000,21.0
2,7,1519755921577000,26.0
2,7,1519755922326000,27.0
2,7,1519755923856000,26.0
2,7,1519755924607000,25.0
2,7,1519755925417999,22.0
2,7,1519755926167000,19.0
2,7,1519755926947000,14.0
2,7,1519755927668000,9.0
2,7,1519755928419000,3.0
2,7,1519755929167000,1.0
2,7,1519755929918000,0.0
2,7,1519755938286000,3.0
2,7,1519755939185999,10.0
2,7,1519755940086000,15.0
2,7,1519755940985999,17.0
2,7,1519755942847000,21.0
2,7,1519755943745999,26.0
2,7,1519755944646000,31.0
2,7,1519755945545999,36.0
2,7,1519755946477000,39.0
2,7,1519755949176000,38.0
2,7,1519755950077000,36.0
2,7,1519755951937999,34.0
2,7,1519755952837000,29.0
2,7,1519755953766000,23.0
2,7,1519755954667000,19.0
2,7,1519755955566000,15.0
2,7,1519755956467000,12.0
2,7,1519755957397000,9.0
2,7,1519755958326000,5.0
2,7,1519755959225999,2.0
2,7,1519755960126000,1.0
2,7,1519755961029000,0.0
2,7,1519755984425000,2.0
2,7,1519755985265999,6.0
2,7,1519755986165000,11.0
2,7,1519755987067000,17.0
2,7,1519755987967000,18.0
2,7,1519755988836000,19.0
2,7,1519755989766000,22.0
2,7,1519755990697000,25.0
2,7,1519755992496000,26.0
2,7,1519755995195000,25.0
2,7,1519755996966000,23.0
2,7,1519755998705999,20.0
2,7,1519755999545000,18.0
2,7,1519756000476000,19.0
2,7,1519756001318000,22.0
2,7,1519756002245000,25.0
2,7,1519756003145999,29.0
2,7,1519756003987000,32.0
2,7,1519756004825999,31.0
2,7,1519756005665999,32.0
2,7,1519756006535000,35.0
2,7,1519756007345999,36.0
2,7,1519756008155000,38.0
2,7,1519756008936000,39.0
2,7,1519756009747000,40.0
2,7,1519756011336000,38.0
2,7,1519756012086000,35.0
2,7,1519756012836000,30.0
2,7,1519756013649000,25.0
2,7,1519756014396000,19.0
2,7,1519756015147000,14.0
2,7,1519756015985999,8.0
2,7,1519756016827000,2.0
2,7,1519756017637000,1.0
2,7,1519756018565000,0.0
2,7,1519756038275000,2.0
2,7,1519756039025999,7.0
2,7,1519756039776000,12.0
2,7,1519756040526000,17.0
2,7,1519756041335000,20.0
2,7,1519756042926000,24.0
2,7,1519756043676000,28.0
2,7,1519756044425000,30.0
2,7,1519756045926000,29.0
2,7,1519756046676000,26.0
2,7,1519756047427000,24.0
2,7,1519756048236000,21.0
2,7,1519756051416000,18.0
2,7,1519756052315000,12.0
2,7,1519756053215000,6.0
2,7,1519756054115000,4.0
2,7,1519756055046000,3.0
2,7,1519756055945999,5.0
2,7,1519756056875000,10.0
2,7,1519756057775000,13.0
2,7,1519756058676000,15.0
2,7,1519756059576000,16.0
2,7,1519756061376000,17.0
2,7,1519756063205000,16.0
2,7,1519756064105000,13.0
2,7,1519756065009000,10.0
2,7,1519756065905999,7.0
2,7,1519756066836000,4.0
2,7,1519756068636000,3.0
2,7,1519756070435000,5.0
2,7,1519756071365000,9.0
2,7,1519756072295000,10.0
2,7,1519756073195000,9.0
2,7,1519756075897000,8.0
2,7,1519756076825999,7.0
2,7,1519756077727000,3.0
2,7,1519756078628000,0.0
2,7,1519756147385000,2.0
2,7,1519756148134000,4.0
2,7,1519756148885000,7.0
2,7,1519756149633999,9.0
2,7,1519756150384000,12.0
2,7,1519756151134000,13.0
2,7,1519756151945000,11.0
2,7,1519756153445000,12.0
2,7,1519756157195000,10.0
2,7,1519756157945000,9.0
2,7,1519756158695000,7.0
2,7,1519756159445000,5.0
2,7,1519756160195000,4.0
2,7,1519756160945000,3.0
2,7,1519756161797000,1.0
2,7,1519756162595000,0.0
2,7,1519756237203000,1.0
2,7,1519756238044000,2.0
2,7,1519756238916000,3.0
2,7,1519756240624000,2.0
2,7,1519756243115000,1.0
2,7,1519756247017999,2.0
2,7,1519756247766000,7.0
2,7,1519756248604000,10.0
2,7,1519756249353999,13.0
2,7,1519756250104000,15.0
2,7,1519756251604000,14.0
2,7,1519756254665999,13.0
2,7,1519756256164000,11.0
2,7,1519756257004000,7.0
2,7,1519756257753999,4.0
2,7,1519756258504000,2.0
2,7,1519756259254000,0.0
2,7,1519756338694000,8.0
2,7,1519756339534000,16.0
2,7,1519756340433999,21.0
2,7,1519756341275000,22.0
2,7,1519756342089999,24.0
2,7,1519756342953999,27.0
2,7,1519756343824000,29.0
2,7,1519756344636000,31.0
2,7,1519756345475000,32.0
2,7,1519756346283000,34.0
2,7,1519756347123000,37.0
2,7,1519756347934000,40.0
2,7,1519756348683000,41.0
2,7,1519756349435000,44.0
2,7,1519756350183000,43.0
2,7,1519756351054000,42.0
2,7,1519756353137000,43.0
2,7,1519756354084000,48.0
2,7,1519756354924000,51.0
2,7,1519756355764000,53.0
2,7,1519756356664000,51.0
2,7,1519756357473999,50.0
2,7,1519756358343000,48.0
2,7,1519756359183000,46.0
2,7,1519756359964000,45.0
2,7,1519756360773000,44.0
2,7,1519756362513000,45.0
2,7,1519756363323000,43.0
2,7,1519756364076000,42.0
2,7,1519756364828000,40.0
2,7,1519756365574000,39.0
2,7,1519756366324000,38.0
2,7,1519756367163000,36.0
2,7,1519756368724000,35.0
2,7,1519756369476000,34.0
2,7,1519756370313999,30.0
2,7,1519756371064000,26.0
2,7,1519756371843000,23.0
2,7,1519756372625000,21.0
2,7,1519756373374000,19.0
2,7,1519756375627000,21.0
2,7,1519756376375000,22.0
2,7,1519756377212000,23.0
2,7,1519756378713000,24.0
2,7,1519756379464000,26.0
2,7,1519756380243000,27.0
2,7,1519756381113000,29.0
2,7,1519756381923000,32.0
2,7,1519756383452000,34.0
2,7,1519756384203000,35.0
2,7,1519756385702000,37.0
2,7,1519756386452000,39.0
2,7,1519756387263000,42.0
2,7,1519756388102000,45.0
2,7,1519756388852000,47.0
2,7,1519756389601999,46.0
2,7,1519756390352000,45.0
2,7,1519756391852000,44.0
2,7,1519756393352000,42.0
2,7,1519756394103000,41.0
2,7,1519756397641999,42.0
2,7,1519756399472000,41.0
2,7,1519756400372000,40.0
2,7,1519756403102000,41.0
2,7,1519756404062000,42.0
2,7,1519756404961999,43.0
2,7,1519756405862000,45.0
2,7,1519756408561999,44.0
2,7,1519756409492000,43.0
2,7,1519756410393000,42.0
2,7,1519756412193000,43.0
2,7,1519756413092000,45.0
2,7,1519756414024000,46.0
2,7,1519756414924000,47.0
2,7,1519756415822000,46.0
2,7,1519756418551000,45.0
2,7,1519756420352000,44.0
2,7,1519756421252000,43.0
2,7,1519756423081000,42.0
2,7,1519756423982000,43.0
2,7,1519756424883000,44.0
2,7,1519756425783000,46.0
2,7,1519756426685000,47.0
2,7,1519756427609999,49.0
2,7,1519756429412000,48.0
2,7,1519756431211000,47.0
2,7,1519756432111000,46.0
2,7,1519756433041999,45.0
2,7,1519756433972000,43.0
2,7,1519756434844000,41.0
2,7,1519756435771000,40.0
2,7,1519756437630000,38.0
2,7,1519756438531000,36.0
2,7,1519756439431000,35.0
2,7,1519756443001999,36.0
2,7,1519756443900000,37.0
2,7,1519756444801999,38.0
2,7,1519756445700000,40.0
2,7,1519756446630000,42.0
2,7,1519756447529999,43.0
2,7,1519756448431000,44.0
2,7,1519756449300000,45.0
2,7,1519756450200000,47.0
2,7,1519756451070000,50.0
2,7,1519756451971000,52.0
2,7,1519756452841999,51.0
2,7,1519756453741000,49.0
2,7,1519756454641000,47.0
2,7,1519756455510000,45.0
2,7,1519756456411000,43.0
2,7,1519756457340000,41.0
2,7,1519756458180000,42.0
2,7,1519756459081000,44.0
2,7,1519756459920000,45.0
2,7,1519756462441000,44.0
2,7,1519756465021000,46.0
2,7,1519756465861000,48.0
2,7,1519756466643000,51.0
2,7,1519756467480000,53.0
2,7,1519756468229000,52.0
2,7,1519756468983000,51.0
2,7,1519756469793999,50.0
2,7,1519756471350000,49.0
2,7,1519756473179000,47.0
2,7,1519756474022000,46.0
2,7,1519756476569999,47.0
2,7,1519756478340000,45.0
2,7,1519756479209999,44.0
2,7,1519756480049999,41.0
2,7,1519756480833999,38.0
2,7,1519756481670000,34.0
2,7,1519756482540000,30.0
2,7,1519756483320000,28.0
2,7,1519756484070000,22.0
2,7,1519756484822000,17.0
2,7,1519756485569999,15.0
2,7,1519756486320000,11.0
2,7,1519756487135000,8.0
2,7,1519756487881999,7.0
2,7,1519756488633999,6.0
2,7,1519756489380000,7.0
2,7,1519756490131000,9.0
2,7,1519756490881999,12.0
2,7,1519756491630000,13.0
2,7,1519756497782000,12.0
2,7,1519756498533000,10.0
2,7,1519756499280000,9.0
2,7,1519756500035000,10.0
2,7,1519756500782000,11.0
2,7,1519756503329999,10.0
2,7,1519756504230000,8.0
2,7,1519756505159000,4.0
2,7,1519756506060000,3.0
2,7,1519756507889999,7.0
2,7,1519756508791000,11.0
2,7,1519756509689999,15.0
2,7,1519756510590000,18.0
2,7,1519756511520000,17.0
2,7,1519756512449999,21.0
2,7,1519756513350000,26.0
2,7,1519756514249000,32.0
2,7,1519756515149000,35.0
2,7,1519756516051000,34.0
2,7,1519756516980000,33.0
2,7,1519756517880000,34.0
2,7,1519756518781000,35.0
2,7,1519756519710000,36.0
2,7,1519756520609999,37.0
2,7,1519756521509000,38.0
2,7,1519756522409999,39.0
2,7,1519756523309000,41.0
2,7,1519756524209000,43.0
2,7,1519756525109000,45.0
2,7,1519756526011000,47.0
2,7,1519756526940000,48.0
2,7,1519756527840000,50.0
2,7,1519756528740000,51.0
2,7,1519756530660000,53.0
2,7,1519756531590000,56.0
2,7,1519756532520000,59.0
2,7,1519756533420000,62.0
2,7,1519756534320000,63.0
2,7,1519756535219000,65.0
2,7,1519756536132000,66.0
2,7,1519756537049999,67.0
2,7,1519756539750000,66.0
2,7,1519756542449000,67.0
2,7,1519756544279000,68.0
2,7,1519756546080000,69.0
2,7,1519756547880000,68.0
2,7,1519756549680000,67.0
2,7,1519756550609999,65.0
2,7,1519756551509000,64.0
2,7,1519756552409000,62.0
2,7,1519756553309000,61.0
2,7,1519756555109000,62.0
2,7,1519756556009000,61.0
2,7,1519756556939000,62.0
2,7,1519756558741000,63.0
2,7,1519756560539000,62.0
2,7,1519756561439000,61.0
2,7,1519756562339000,60.0
2,7,1519756563239000,59.0
2,7,1519756565939000,58.0
2,7,1519756566839000,56.0
2,7,1519756567737999,55.0
2,7,1519756568639000,54.0
2,7,1519756570409000,55.0
2,7,1519756571279000,56.0
2,7,1519756573051000,57.0
2,7,1519756574849999,58.0
2,7,1519756575719000,59.0
2,7,1519756576619000,61.0
2,7,1519756577459000,63.0
2,7,1519756578300000,66.0
2,7,1519756579198000,64.0
2,7,1519756580039000,62.0
2,7,1519756580879000,61.0
2,7,1519756581719000,60.0
2,7,1519756582561000,58.0
2,7,1519756583339000,56.0
2,7,1519756584149000,54.0
2,7,1519756584959000,52.0
2,7,1519756585741000,50.0
2,7,1519756586555000,48.0
2,7,1519756587389000,44.0
2,7,1519756588137999,39.0
2,7,1519756588889999,35.0
2,7,1519756589699000,31.0
2,7,1519756590480000,29.0
2,7,1519756591379000,28.0
2,7,1519756593177999,30.0
2,7,1519756594049000,34.0
2,7,1519756594889000,35.0
2,7,1519756595731000,36.0
2,7,1519756596660000,41.0
2,7,1519756597589000,45.0
2,7,1519756598429000,50.0
2,7,1519756599238000,54.0
2,7,1519756599990000,55.0
2,7,1519756603139000,56.0
2,7,1519756603891000,57.0
2,7,1519756606289000,55.0
2,7,1519756607128000,54.0
2,7,1519756607880000,53.0
2,7,1519756608630000,52.0
2,7,1519756610879000,53.0
2,7,1519756612379000,54.0
2,7,1519756617689999,53.0
2,7,1519756620779000,54.0
2,7,1519756621529000,55.0
2,7,1519756622369000,56.0
2,7,1519756623118000,57.0
2,7,1519756623870000,59.0
2,7,1519756624619000,60.0
2,7,1519756626118000,61.0
2,7,1519756626869000,62.0
2,7,1519756627617999,63.0
2,7,1519756628369000,65.0
2,7,1519756629118000,67.0
2,7,1519756629869000,69.0
2,7,1519756630619000,70.0
2,7,1519756631368000,72.0
2,7,1519756632179000,73.0
2,7,1519756633979000,74.0
2,7,1519756634880000,75.0
2,7,1519756636679000,76.0
2,7,1519756637609000,77.0
2,7,1519756639409000,78.0
2,7,1519756641269000,79.0
2,7,1519756642198000,80.0
2,7,1519756643097999,81.0
2,7,1519756643999000,82.0
2,7,1519756645799000,83.0
2,7,1519756647628000,85.0
2,7,1519756648529999,87.0
2,7,1519756649431000,86.0
2,7,1519756650358000,87.0
2,7,1519756651289000,89.0
2,7,1519756652217000,90.0
2,7,1519756653118000,92.0
2,7,1519756654020000,93.0
2,7,1519756654918000,95.0
2,7,1519756655848000,94.0
2,7,1519756659479000,95.0
2,7,1519756660377999,96.0
2,7,1519756661278000,97.0
2,7,1519756662177999,98.0
2,7,1519756663079000,100.0
2,7,1519756663979000,101.0
2,7,1519756664879000,102.0
2,7,1519756665777999,103.0
2,7,1519756666679000,104.0
2,7,1519756667577999,105.0
2,7,1519756670278000,106.0
2,7,1519756671177999,107.0
2,7,1519756673008000,106.0
2,7,1519756677479000,104.0
2,7,1519756678377999,102.0
2,7,1519756680177000,101.0
2,7,1519756685577999,100.0
2,7,1519756688278000,99.0
2,7,1519756689177000,98.0
2,7,1519756690079000,97.0
2,7,1519756690948000,96.0
2,7,1519756691849000,95.0
2,7,1519756693560000,94.0
2,7,1519756695297999,93.0
2,7,1519756697038000,92.0
2,7,1519756698750000,93.0
2,7,1519756702137999,94.0
2,7,1519756705257000,95.0
2,7,1519756706009999,96.0
2,7,1519756708348000,97.0
2,7,1519756709998000,98.0
2,7,1519756711677000,99.0
2,7,1519756719239000,98.0
2,7,1519756722388000,97.0
2,7,1519756723918000,96.0
2,7,1519756724699000,95.0
2,7,1519756725448000,93.0
2,7,1519756726199000,92.0
2,7,1519756727008000,91.0
2,7,1519756727788000,89.0
2,7,1519756728537999,88.0
2,7,1519756730789000,89.0
2,7,1519756731537999,90.0
2,7,1519756732288000,91.0
2,7,1519756733038000,93.0
2,7,1519756733788000,94.0
2,7,1519756734537999,96.0
2,7,1519756735288000,97.0
2,7,1519756736038000,98.0
2,7,1519756736788000,99.0
2,7,1519756737598000,101.0
2,7,1519756738350000,102.0
2,7,1519756739127000,104.0
2,7,1519756739877000,105.0
2,7,1519756740628000,106.0
2,7,1519756741379000,108.0
2,7,1519756742187000,109.0
2,7,1519756742941000,111.0
2,7,1519756743689000,112.0
2,7,1519756744440000,114.0
2,7,1519756754548000,113.0
2,7,1519756755447000,114.0
2,7,1519756757277000,115.0
2,7,1519756775337000,114.0
2,7,1519756776238000,110.0
2,7,1519756777197000,106.0
2,7,1519756778097000,103.0
2,7,1519756778997000,100.0
2,7,1519756779897000,97.0
2,7,1519756780797000,93.0
2,7,1519756781697999,91.0
2,7,1519756782656000,89.0
2,7,1519756783557000,88.0
2,7,1519756785446000,84.0
2,7,1519756786896000,80.0
2,7,1519756788700000,83.0
2,7,1519756790495000,86.0
2,7,1519756792256000,89.0
2,7,1519756793879000,91.0
2,7,1519756796051000,95.0
2,7,1519756798113000,97.0
2,7,1519756800017999,99.0
2,7,1519756801992000,102.0
2,7,1519756803971000,107.0
2,7,1519756806035000,108.0
2,7,1519756807848000,110.0
2,7,1519756810159000,112.0
2,7,1519756812137999,118.0
2,7,1519756814037000,125.0
2,7,1519756816264000,130.0
2,7,1519756820801999,129.0
2,7,1519756823110000,131.0
2,7,1519756825008000,132.0
2,7,1519756827236000,133.0
2,7,1519756831446000,134.0
2,7,1519756850831000,135.0
2,7,1519756872527000,134.0
2,7,1519756874590000,135.0
2,7,1519756876708000,134.0
2,7,1519756889110000,135.0
2,7,1519756922109000,134.0
2,7,1519756926564000,130.0
2,7,1519756928793000,129.0
2,7,1519756930856000,130.0
2,7,1519756933081999,132.0
2,7,1519756935062000,133.0
2,7,1519756939187000,134.0
2,7,1519756963992000,135.0
2,7,1519756965972000,134.0
2,7,1519756967815000,135.0
2,7,1519756992729000,132.0
2,7,1519756994710000,129.0
2,7,1519756996771000,127.0
2,7,1519756999054000,124.0
2,7,1519757001063000,123.0
2,7,1519757003125000,122.0
2,7,1519757019128000,123.0
2,7,1519757021192000,122.0
2,7,1519757023502000,120.0
2,7,1519757025729000,118.0
2,7,1519757027708000,119.0
2,7,1519757030431000,120.0
2,7,1519757032411000,122.0
2,7,1519757034473999,123.0
2,7,1519757038764000,124.0
2,7,1519757040992000,123.0
2,7,1519757047179000,124.0
2,7,1519757049408000,127.0
2,7,1519757051358000,129.0
2,7,1519757053697000,131.0
2,7,1519757055676000,133.0
2,7,1519757060297000,134.0
2,7,1519757073303000,135.0
2,7,1519757086173000,134.0
2,7,1519757091400000,135.0
2,7,1519757095605000,134.0
2,7,1519757098080000,135.0
2,7,1519757113838000,134.0
2,7,1519757120359000,132.0
2,7,1519757122501000,128.0
2,7,1519757124811000,125.0
2,7,1519757127201999,119.0
2,7,1519757129512000,112.0
2,7,1519757131905000,104.0
2,7,1519757134132000,101.0
2,7,1519757136689999,99.0
2,7,1519757138753999,98.0
2,7,1519757149479000,96.0
2,7,1519757151623000,90.0
2,7,1519757153849999,83.0
2,7,1519757156324000,77.0
2,7,1519757158525000,80.0
2,7,1519757160367000,85.0
2,7,1519757162431000,84.0
2,7,1519757164493000,85.0
2,7,1519757166638000,89.0
2,7,1519757168867000,93.0
2,7,1519757171343000,97.0
2,7,1519757173625000,104.0
2,7,1519757175880000,108.0
2,7,1519757178190000,110.0
2,7,1519757180417999,117.0
2,7,1519757182812000,122.0
2,7,1519757185040000,120.0
2,7,1519757187184000,115.0
2,7,1519757189412000,113.0
2,7,1519757195929000,111.0
2,7,1519757198157000,110.0
2,7,1519757204758000,111.0
2,7,1519757206821000,114.0
2,7,1519757208800000,117.0
2,7,1519757211192000,121.0
2,7,1519757213420000,123.0
2,7,1519757215977000,124.0
2,7,1519757218452000,125.0
2,7,1519757222909000,126.0
2,7,1519757227361999,125.0
2,7,1519757240232000,123.0
2,7,1519757242625000,119.0
2,7,1519757244521999,116.0
2,7,1519757246752000,118.0
2,7,1519757248815000,120.0
2,7,1519757251349000,127.0
2,7,1519757252633000,131.0
2,7,1519757253513000,133.0
2,7,1519757254337999,135.0
2,7,1519757255163000,138.0
2,7,1519757255989000,140.0
2,7,1519757256841000,142.0
2,7,1519757257693000,144.0
2,7,1519757258518000,145.0
2,7,1519757259317000,147.0
2,7,1519757260168000,148.0
2,7,1519757261022000,146.0
2,7,1519757261846000,143.0
2,7,1519757262699000,141.0
2,7,1519757263524000,139.0
2,7,1519757264376000,137.0
2,7,1519757266025999,136.0
2,7,1519757268529000,137.0
2,7,1519757269381000,136.0
2,7,1519757271031000,134.0
2,7,1519757271856000,133.0
2,7,1519757272736000,132.0
2,7,1519757273561000,131.0
2,7,1519757276036000,132.0
2,7,1519757278511000,133.0
2,7,1519757279336000,134.0
2,7,1519757280931000,135.0
2,7,1519757281756000,136.0
2,7,1519757283433999,137.0
2,7,1519757284259000,138.0
2,7,1519757285083000,139.0
2,7,1519757285909000,140.0
2,7,1519757286734000,141.0
2,7,1519757287559000,142.0
2,7,1519757288409999,143.0
2,7,1519757289264000,144.0
2,7,1519757290088000,146.0
2,7,1519757290913999,147.0
2,7,1519757291739000,146.0
2,7,1519757297513999,147.0
2,7,1519757298337999,146.0
2,7,1519757299989000,145.0
2,7,1519757300814000,144.0
2,7,1519757301611000,143.0
2,7,1519757302436000,142.0
2,7,1519757303261000,141.0
2,7,1519757304086000,139.0
2,7,1519757304911000,138.0
2,7,1519757305736000,137.0
2,7,1519757306561000,136.0
2,7,1519757307385999,135.0
2,7,1519757309036000,134.0
2,7,1519757310686000,133.0
2,7,1519757311511000,132.0
2,7,1519757313985999,131.0
2,7,1519757314811000,132.0
2,7,1519757319789000,133.0
2,7,1519757322264000,132.0
2,7,1519757324739000,133.0
2,7,1519757327241000,134.0
2,7,1519757330541000,133.0
2,7,1519757333097999,134.0
2,7,1519757333924000,133.0
2,7,1519757336425999,131.0
2,7,1519757337251000,130.0
2,7,1519757338075000,128.0
2,7,1519757338901000,126.0
2,7,1519757339726000,125.0
2,7,1519757340551000,124.0
2,7,1519757341376000,123.0
2,7,1519757344676000,124.0
2,7,1519757345501000,126.0
2,7,1519757346327000,129.0
2,7,1519757347151000,131.0
2,7,1519757347975000,132.0
2,7,1519757348801999,133.0
2,7,1519757349653000,134.0
2,7,1519757350479000,136.0
2,7,1519757352127000,138.0
2,7,1519757352953000,139.0
2,7,1519757353777999,140.0
2,7,1519757354603000,141.0
2,7,1519757355456000,143.0
2,7,1519757356281000,145.0
2,7,1519757357105000,147.0
2,7,1519757357985999,148.0
2,7,1519757358838000,149.0
2,7,1519757359663000,151.0
2,7,1519757360516000,152.0
2,7,1519757361340000,153.0
2,7,1519757362165000,155.0
2,7,1519757363017999,156.0
2,7,1519757363844000,157.0
2,7,1519757364668000,158.0
2,7,1519757366263000,157.0
2,7,1519757367913000,156.0
2,7,1519757368737999,153.0
2,7,1519757369591000,152.0
2,7,1519757370441999,151.0
2,7,1519757371268000,150.0
2,7,1519757372092000,148.0
2,7,1519757372945999,146.0
2,7,1519757373769999,144.0
2,7,1519757374596000,142.0
2,7,1519757375421000,141.0
2,7,1519757377923000,142.0
2,7,1519757381223000,140.0
2,7,1519757382048000,138.0
2,7,1519757382900000,137.0
2,7,1519757383753000,136.0
2,7,1519757385403000,135.0
2,7,1519757387053000,134.0
2,7,1519757387905000,133.0
2,7,1519757388731000,132.0
2,7,1519757392883000,133.0
2,7,1519757397888000,134.0
2,7,1519757399566000,135.0
2,7,1519757402893000,134.0
2,7,1519757403717000,135.0
2,7,1519757405368000,133.0
2,7,1519757406193000,131.0
2,7,1519757407017999,129.0
2,7,1519757407841999,127.0
2,7,1519757408669000,126.0
2,7,1519757409493000,124.0
2,7,1519757410318000,121.0
2,7,1519757411142000,119.0
2,7,1519757411968000,117.0
2,7,1519757412792000,114.0
2,7,1519757413617999,113.0
2,7,1519757414443000,112.0
2,7,1519757415268000,111.0
2,7,1519757416918000,110.0
2,7,1519757418595000,109.0
2,7,1519757419420000,108.0
2,7,1519757421124000,107.0
2,7,1519757422775000,108.0
2,7,1519757423600000,107.0
2,7,1519757424425000,106.0
2,7,1519757425249999,104.0
2,7,1519757426076000,103.0
2,7,1519757426901000,102.0
2,7,1519757428550000,101.0
2,7,1519757431878000,102.0
2,7,1519757433528000,103.0
2,7,1519757435177000,104.0
2,7,1519757440155000,105.0
2,7,1519757443455000,104.0
2,7,1519757445929999,103.0
2,7,1519757447581000,102.0
2,7,1519757448432000,101.0
2,7,1519757449257000,100.0
2,7,1519757450880000,99.0
2,7,1519757451733000,98.0
2,7,1519757455856000,97.0
2,7,1519757460037000,98.0
2,7,1519757463337999,97.0
2,7,1519757464985999,96.0
2,7,1519757468315000,95.0
2,7,1519757474067000,96.0
2,7,1519757477417999,97.0
2,7,1519757478270000,96.0
2,7,1519757479920000,97.0
2,7,1519757480745000,96.0
2,7,1519757483275000,95.0
2,7,1519757484153999,94.0
2,7,1519757484980000,93.0
2,7,1519757485805000,91.0
2,7,1519757486629000,89.0
2,7,1519757487455000,87.0
2,7,1519757488307000,86.0
2,7,1519757489159000,84.0
2,7,1519757490013000,83.0
2,7,1519757490838000,82.0
2,7,1519757491662000,81.0
2,7,1519757494164000,80.0
2,7,1519757499142000,81.0
2,7,1519757503350000,82.0
2,7,1519757507475000,81.0
2,7,1519757508328000,80.0
2,7,1519757509152000,79.0
2,7,1519757509977999,80.0
2,7,1519757511627000,81.0
2,7,1519757513332000,82.0
2,7,1519757514982000,84.0
2,7,1519757515807000,86.0
2,7,1519757516632000,88.0
2,7,1519757517457000,89.0
2,7,1519757518337999,91.0
2,7,1519757519985999,92.0
2,7,1519757520812000,91.0
2,7,1519757521637000,92.0
2,7,1519757522462000,93.0
2,7,1519757528292000,92.0
2,7,1519757529116000,93.0
2,7,1519757529942000,92.0
2,7,1519757531619000,93.0
2,7,1519757535744000,94.0
2,7,1519757537312000,93.0
2,7,1519757538164000,92.0
2,7,1519757539843000,91.0
2,7,1519757542344000,90.0
2,7,1519757544848000,89.0
2,7,1519757548999000,88.0
2,7,1519757551502000,87.0
2,7,1519757552327000,86.0
2,7,1519757554801999,84.0
2,7,1519757555625000,83.0
2,7,1519757557249999,85.0
2,7,1519757558073000,87.0
2,7,1519757558902000,88.0
2,7,1519757563849000,89.0
2,7,1519757564673999,90.0
2,7,1519757565499000,91.0
2,7,1519757566324000,92.0
2,7,1519757567148000,93.0
2,7,1519757567974000,95.0
2,7,1519757569652000,97.0
2,7,1519757571301000,96.0
2,7,1519757572153000,95.0
2,7,1519757572979000,94.0
2,7,1519757574657000,93.0
2,7,1519757575481000,91.0
2,7,1519757576334000,90.0
2,7,1519757579662000,91.0
2,7,1519757580486000,92.0
2,7,1519757581316000,93.0
2,7,1519757582136000,95.0
2,7,1519757582961000,97.0
2,7,1519757583787000,101.0
2,7,1519757584612000,104.0
2,7,1519757585436000,108.0
2,7,1519757586289000,112.0
2,7,1519757587113000,115.0
2,7,1519757587966000,114.0
2,7,1519757588791000,115.0
2,7,1519757589616000,118.0
2,7,1519757590441000,120.0
2,7,1519757591265999,122.0
2,7,1519757592091000,124.0
2,7,1519757592917000,125.0
2,7,1519757593741000,127.0
2,7,1519757594567000,128.0
2,7,1519757595391000,129.0
2,7,1519757597041000,130.0
2,7,1519757597894000,131.0
2,7,1519757598747000,132.0
2,7,1519757599571000,133.0
2,7,1519757600396000,134.0
2,7,1519757601221000,136.0
2,7,1519757602047000,137.0
2,7,1519757602953999,138.0
2,7,1519757603779000,139.0
2,7,1519757604631000,140.0
2,7,1519757605456000,142.0
2,7,1519757606281000,143.0
2,7,1519757607105000,145.0
2,7,1519757607931000,146.0
2,7,1519757608756000,147.0
2,7,1519757609582000,148.0
2,7,1519757610433999,150.0
2,7,1519757611259000,151.0
2,7,1519757612085000,153.0
2,7,1519757612936000,154.0
2,7,1519757613761000,155.0
2,7,1519757614585999,156.0
2,7,1519757615411000,157.0
2,7,1519757616236000,159.0
2,7,1519757617061000,160.0
2,7,1519757617913999,162.0
2,7,1519757618739000,163.0
2,7,1519757619564000,164.0
2,7,1519757620333000,166.0
2,7,1519757621159000,167.0
2,7,1519757621983000,169.0
2,7,1519757622836000,171.0
2,7,1519757624486000,173.0
2,7,1519757625311000,174.0
2,7,1519757626135000,175.0
2,7,1519757627814000,174.0
2,7,1519757629464000,173.0
2,7,1519757630315000,171.0
2,7,1519757631140000,170.0
2,7,1519757631966000,168.0
2,7,1519757632873000,166.0
2,7,1519757633726000,165.0
2,7,1519757634551000,163.0
2,7,1519757635376000,161.0
2,7,1519757636228000,159.0
2,7,1519757637054000,157.0
2,7,1519757637905999,154.0
2,7,1519757638732000,151.0
2,7,1519757639556000,149.0
2,7,1519757640381000,147.0
2,7,1519757641233000,145.0
2,7,1519757642057999,144.0
2,7,1519757642883000,143.0
2,7,1519757643708000,142.0
2,7,1519757644533000,141.0
2,7,1519757645358000,140.0
2,7,1519757646182000,139.0
2,7,1519757647008000,137.0
2,7,1519757647888000,135.0
2,7,1519757648713999,133.0
2,7,1519757649537999,131.0
2,7,1519757650363000,130.0
2,7,1519757651188000,129.0
2,7,1519757652013000,128.0
2,7,1519757653691000,129.0
2,7,1519757654544000,130.0
2,7,1519757656193000,132.0
2,7,1519757657017999,134.0
2,7,1519757657843000,136.0
2,7,1519757658668000,137.0
2,7,1519757659521000,136.0
2,7,1519757660345999,134.0
2,7,1519757661171000,131.0
2,7,1519757661996000,130.0
2,7,1519757662848000,129.0
2,7,1519757663701000,128.0
2,7,1519757664526000,129.0
2,7,1519757667001000,130.0
2,7,1519757667853000,131.0
2,7,1519757668678000,132.0
2,7,1519757669503000,133.0
2,7,1519757670328000,135.0
2,7,1519757671153000,137.0
2,7,1519757671977999,139.0
2,7,1519757672831000,141.0
2,7,1519757673683000,143.0
2,7,1519757674508000,145.0
2,7,1519757675361000,147.0
2,7,1519757676213000,148.0
2,7,1519757679513000,147.0
2,7,1519757680337999,145.0
2,7,1519757681161999,144.0
2,7,1519757681989000,142.0
2,7,1519757682813000,140.0
2,7,1519757683665999,138.0
2,7,1519757684489999,137.0
2,7,1519757685316000,136.0
2,7,1519757686140000,137.0
2,7,1519757686966000,136.0
2,7,1519757689468000,135.0
2,7,1519757690293000,133.0
2,7,1519757691118000,131.0
2,7,1519757691942000,128.0
2,7,1519757692795000,127.0
2,7,1519757693621000,126.0
2,7,1519757694446000,124.0
2,7,1519757695270000,123.0
2,7,1519757696095000,122.0
2,7,1519757696920000,121.0
2,7,1519757697745999,119.0
2,7,1519757698569999,118.0
2,7,1519757699395000,116.0
2,7,1519757700220000,115.0
2,7,1519757701046000,114.0
2,7,1519757701870000,113.0
2,7,1519757702696000,112.0
2,7,1519757703603000,111.0
2,7,1519757704455000,110.0
2,7,1519757706105000,109.0
2,7,1519757709488000,108.0
2,7,1519757710313000,106.0
2,7,1519757711137000,104.0
2,7,1519757711963000,103.0
2,7,1519757712815000,102.0
2,7,1519757713640000,101.0
2,7,1519757714493000,100.0
2,7,1519757715318000,99.0
2,7,1519757716142000,98.0
2,7,1519757717820000,99.0
2,7,1519757719497999,100.0
2,7,1519757722028000,99.0
2,7,1519757724585000,98.0
2,7,1519757725409000,99.0
2,7,1519757726235000,100.0
2,7,1519757727059000,101.0
2,7,1519757727913000,102.0
2,7,1519757728737999,103.0
2,7,1519757732037000,102.0
2,7,1519757736217000,103.0
2,7,1519757737041999,104.0
2,7,1519757737895000,105.0
2,7,1519757738720000,107.0
2,7,1519757739545000,109.0
2,7,1519757740369999,110.0
2,7,1519757741195000,112.0
2,7,1519757742021000,113.0
2,7,1519757742873000,114.0
2,7,1519757743697000,115.0
2,7,1519757744521999,116.0
2,7,1519757746997000,117.0
2,7,1519757747823000,119.0
2,7,1519757748647000,121.0
2,7,1519757749500000,122.0
2,7,1519757750325000,124.0
2,7,1519757751149000,126.0
2,7,1519757751975000,128.0
2,7,1519757752855000,130.0
2,7,1519757753680000,132.0
2,7,1519757754505000,134.0
2,7,1519757755329999,136.0
2,7,1519757756153999,138.0
2,7,1519757756980000,140.0
2,7,1519757757832000,142.0
2,7,1519757758657999,144.0
2,7,1519757759510000,143.0
2,7,1519757760335000,142.0
2,7,1519757761159000,140.0
2,7,1519757761985000,138.0
2,7,1519757762838000,136.0
2,7,1519757763717000,134.0
2,7,1519757764543000,132.0
2,7,1519757765367000,131.0
2,7,1519757766192000,130.0
2,7,1519757767016000,131.0
2,7,1519757767841999,132.0
2,7,1519757768667000,134.0
2,7,1519757769492000,136.0
2,7,1519757770317000,138.0
2,7,1519757771142000,140.0
2,7,1519757771967000,141.0
2,7,1519757772792000,144.0
2,7,1519757773645000,146.0
2,7,1519757774470000,148.0
2,7,1519757775295000,151.0
2,7,1519757776119000,153.0
2,7,1519757776945000,155.0
2,7,1519757777769999,157.0
2,7,1519757778622000,160.0
2,7,1519757779447000,161.0
2,7,1519757780272000,160.0
2,7,1519757781096000,159.0
2,7,1519757781923000,157.0
2,7,1519757782747000,156.0
2,7,1519757783600000,153.0
2,7,1519757784425000,151.0
2,7,1519757785249999,149.0
2,7,1519757786903000,148.0
2,7,1519757787724000,147.0
2,7,1519757788550000,148.0
2,7,1519757789375000,146.0
2,7,1519757790998000,144.0
2,7,1519757792620000,142.0
2,7,1519757793445000,141.0
2,7,1519757794269000,140.0
2,7,1519757795919000,139.0
2,7,1519757798422000,141.0
2,7,1519757799248000,143.0
2,7,1519757800073000,145.0
2,7,1519757800897999,146.0
2,7,1519757801721999,148.0
2,7,1519757804252000,149.0
2,7,1519757805929000,151.0
2,7,1519757806753999,152.0
2,7,1519757807579000,153.0
2,7,1519757808404000,155.0
2,7,1519757809229000,156.0
2,7,1519757810054000,157.0
2,7,1519757810880000,156.0
2,7,1519757811704000,155.0
2,7,1519757812529000,154.0
2,7,1519757814207000,155.0
2,7,1519757815032000,156.0
2,7,1519757815856000,157.0
2,7,1519757818332000,158.0
2,7,1519757821632000,159.0
2,7,1519757823337000,160.0
2,7,1519757824161000,161.0
2,7,1519757824987000,162.0
2,7,1519757827488000,163.0
2,7,1519757829193999,165.0
2,7,1519757830019000,167.0
2,7,1519757830844000,168.0
2,7,1519757831670000,169.0
2,7,1519757832494000,171.0
2,7,1519757833374000,172.0
2,7,1519757834199000,173.0
2,7,1519757835025000,174.0
2,7,1519757835849000,176.0
2,7,1519757836702000,177.0
2,7,1519757837527000,178.0
2,7,1519757838379000,179.0
2,7,1519757839204000,180.0
2,7,1519757840031000,182.0
2,7,1519757841679000,183.0
2,7,1519757842504000,185.0
2,7,1519757843357000,186.0
2,7,1519757844182000,187.0
2,7,1519757845831000,188.0
2,7,1519757846657000,185.0
2,7,1519757847481999,181.0
2,7,1519757848334000,176.0
2,7,1519757849158000,172.0
2,7,1519757849984000,170.0
2,7,1519757850809000,168.0
2,7,1519757851633999,166.0
2,7,1519757852459000,164.0
2,7,1519757854136000,162.0
2,7,1519757854961999,161.0
2,7,1519757855785999,159.0
2,7,1519757856612000,156.0
2,7,1519757857435000,154.0
2,7,1519757858316000,152.0
2,7,1519757859169000,153.0
2,7,1519757860022000,152.0
2,7,1519757861672000,149.0
2,7,1519757862496000,147.0
2,7,1519757863321000,146.0
2,7,1519757864999000,145.0
2,7,1519757865824000,146.0
2,7,1519757869976000,145.0
2,7,1519757874101000,146.0
2,7,1519757874926000,145.0
2,7,1519757875725000,144.0
2,7,1519757876521000,143.0
2,7,1519757877347000,142.0
2,7,1519757878198000,141.0
2,7,1519757880701000,142.0
2,7,1519757884029000,141.0
2,7,1519757884854000,140.0
2,7,1519757885705999,141.0
2,7,1519757887355000,142.0
2,7,1519757889832000,143.0
2,7,1519757890684000,144.0
2,7,1519757891509000,145.0
2,7,1519757894864000,146.0
2,7,1519757895689000,148.0
2,7,1519757896513999,150.0
2,7,1519757897321999,151.0
2,7,1519757898163000,150.0
2,7,1519757898989000,149.0
2,7,1519757899813000,147.0
2,7,1519757900639000,146.0
2,7,1519757901463000,145.0
2,7,1519757902289000,143.0
2,7,1519757903169000,142.0
2,7,1519757903993999,141.0
2,7,1519757904820000,140.0
2,7,1519757906468000,139.0
2,7,1519757907294000,138.0
2,7,1519757908944000,137.0
2,7,1519757912244000,138.0
2,7,1519757913069000,137.0
2,7,1519757913894000,138.0
2,7,1519757914747000,137.0
2,7,1519757917222000,135.0
2,7,1519757918049000,133.0
2,7,1519757918872000,130.0
2,7,1519757919697999,129.0
2,7,1519757920550000,128.0
2,7,1519757921375000,127.0
2,7,1519757922200000,125.0
2,7,1519757923053000,124.0
2,7,1519757923878000,123.0
2,7,1519757924704000,121.0
2,7,1519757925528000,119.0
2,7,1519757926353000,118.0
2,7,1519757927177999,116.0
2,7,1519757928031000,115.0
2,7,1519757931331000,116.0
2,7,1519757932155000,117.0
2,7,1519757933037000,118.0
2,7,1519757934686000,119.0
2,7,1519757935511000,121.0
2,7,1519757936336000,120.0
2,7,1519757937161000,118.0
2,7,1519757938014000,116.0
2,7,1519757938839000,114.0
2,7,1519757939638000,113.0
2,7,1519757942110000,112.0
2,7,1519757943789000,113.0
2,7,1519757944614000,116.0
2,7,1519757945494000,118.0
2,7,1519757946319000,121.0
2,7,1519757947143000,123.0
2,7,1519757947997000,125.0
2,7,1519757948822000,127.0
2,7,1519757949673999,129.0
2,7,1519757950499000,131.0
2,7,1519757951324000,134.0
2,7,1519757952148000,136.0
2,7,1519757953001999,137.0
2,7,1519757953827000,139.0
2,7,1519757954652000,142.0
2,7,1519757955477000,144.0
2,7,1519757956329000,146.0
2,7,1519757957153999,148.0
2,7,1519757958007000,150.0
2,7,1519757958832000,152.0
2,7,1519757959656000,154.0
2,7,1519757963011000,153.0
2,7,1519757963864000,154.0
2,7,1519757967164000,153.0
2,7,1519757968017000,149.0
2,7,1519757968841000,146.0
2,7,1519757969694000,141.0
2,7,1519757970519000,136.0
2,7,1519757971345000,131.0
2,7,1519757972169000,127.0
2,7,1519757973049000,122.0
2,7,1519757973902000,119.0
2,7,1519757974727000,118.0
2,7,1519757975553000,117.0
2,7,1519757976376000,115.0
2,7,1519757977201000,114.0
2,7,1519757978056000,113.0
2,7,1519757978879000,111.0
2,7,1519757979705000,110.0
2,7,1519757980529000,109.0
2,7,1519757981353999,108.0
2,7,1519757982177999,109.0
2,7,1519757983857000,110.0
2,7,1519757984681999,112.0
2,7,1519757985505999,114.0
2,7,1519757986331000,117.0
2,7,1519757987183000,119.0
2,7,1519757988009000,122.0
2,7,1519757988835000,124.0
2,7,1519757989659000,126.0
2,7,1519757990484000,128.0
2,7,1519757991313000,130.0
2,7,1519757992133000,131.0
2,7,1519757992959000,133.0
2,7,1519757993784000,135.0
2,7,1519757994609000,136.0
2,7,1519757995433999,138.0
2,7,1519757996259000,140.0
2,7,1519757997084000,141.0
2,7,1519757997909000,143.0
2,7,1519757998761000,145.0
2,7,1519757999585999,147.0
2,7,1519758000413000,149.0
2,7,1519758001264000,150.0
2,7,1519758002116000,152.0
2,7,1519758002997000,153.0
2,7,1519758003849000,155.0
2,7,1519758004673999,157.0
2,7,1519758005499000,159.0
2,7,1519758006351000,160.0
2,7,1519758007204000,163.0
2,7,1519758009679000,164.0
2,7,1519758010504000,165.0
2,7,1519758011329000,166.0
2,7,1519758012153000,167.0
2,7,1519758012979000,168.0
2,7,1519758014629000,170.0
2,7,1519758015454000,171.0
2,7,1519758016279000,172.0
2,7,1519758017103000,173.0
2,7,1519758017956000,174.0
2,7,1519758018782000,176.0
2,7,1519758019606000,177.0
2,7,1519758020430000,178.0
2,7,1519758021256000,179.0
2,7,1519758022905999,177.0
2,7,1519758023758000,172.0
2,7,1519758024584000,168.0
2,7,1519758025408000,166.0
2,7,1519758026233999,163.0
2,7,1519758027060000,162.0
2,7,1519758027884000,159.0
2,7,1519758028736000,157.0
2,7,1519758029589000,156.0
2,7,1519758030414000,154.0
2,7,1519758031239000,153.0
2,7,1519758032064000,154.0
2,7,1519758032889000,155.0
2,7,1519758033713999,158.0
2,7,1519758034539000,161.0
2,7,1519758035392000,163.0
2,7,1519758036216000,165.0
2,7,1519758037041999,167.0
2,7,1519758037865999,169.0
2,7,1519758039544000,167.0
2,7,1519758040369000,164.0
2,7,1519758041193000,163.0
2,7,1519758042019000,160.0
2,7,1519758042843000,158.0
2,7,1519758044521000,157.0
2,7,1519758045345999,156.0
2,7,1519758047023000,159.0
2,7,1519758047849999,162.0
2,7,1519758048701000,165.0
2,7,1519758049526000,167.0
2,7,1519758050351000,169.0
2,7,1519758051175000,172.0
2,7,1519758052001999,174.0
2,7,1519758052825999,176.0
2,7,1519758053679000,178.0
2,7,1519758054504000,180.0
2,7,1519758055329000,181.0
2,7,1519758056153000,183.0
2,7,1519758057831000,182.0
2,7,1519758058656000,180.0
2,7,1519758061129999,179.0
2,7,1519758063661000,180.0
2,7,1519758064486000,181.0
2,7,1519758065337999,182.0
2,7,1519758066161999,183.0
2,7,1519758066988000,184.0
2,7,1519758067813000,185.0
2,7,1519758068665999,186.0
2,7,1519758071168000,185.0
2,7,1519758071993000,184.0
2,7,1519758072817999,183.0
2,7,1519758073697999,179.0
2,7,1519758074552000,176.0
2,7,1519758075376000,174.0
2,7,1519758076201000,171.0
2,7,1519758077025999,167.0
2,7,1519758077851000,162.0
2,7,1519758078703000,156.0
2,7,1519758079528000,152.0
2,7,1519758080353000,148.0
2,7,1519758081177999,145.0
2,7,1519758082001999,142.0
2,7,1519758082828000,141.0
2,7,1519758083681000,139.0
2,7,1519758084505999,138.0
2,7,1519758085331000,137.0
2,7,1519758086155000,135.0
2,7,1519758086982000,134.0
2,7,1519758087833000,133.0
2,7,1519758088686000,132.0
2,7,1519758089511000,131.0
2,7,1519758090365000,130.0
2,7,1519758091188000,129.0
2,7,1519758092838000,128.0
2,7,1519758093691000,129.0
2,7,1519758094543000,128.0
2,7,1519758095368000,129.0
2,7,1519758111180000,130.0
2,7,1519758112005000,129.0
2,7,1519758119457999,128.0
2,7,1519758121135000,129.0
2,7,1519758132851000,130.0
2,7,1519758133703000,129.0
2,7,1519758139533000,130.0
2,7,1519758140357000,129.0
2,7,1519758144510000,130.0
2,7,1519758145335000,129.0
2,7,1519758149460000,130.0
2,7,1519758151110000,129.0
2,7,1519758151942000,130.0
2,7,1519758153585000,129.0
2,7,1519758154411000,130.0
2,7,1519758155262000,128.0
2,7,1519758156087000,127.0
2,7,1519758156912000,125.0
2,7,1519758157737000,123.0
2,7,1519758158617999,121.0
2,7,1519758159441999,119.0
2,7,1519758160268000,118.0
2,7,1519758161092000,116.0
2,7,1519758161917000,115.0
2,7,1519758162742000,114.0
2,7,1519758163595000,113.0
2,7,1519758165245000,112.0
2,7,1519758167720000,111.0
2,7,1519758168573000,110.0
2,7,1519758169398000,109.0
2,7,1519758170277000,108.0
2,7,1519758171101000,107.0
2,7,1519758171927000,106.0
2,7,1519758172752000,105.0
2,7,1519758176107000,106.0
2,7,1519758178582000,105.0
2,7,1519758180232000,104.0
2,7,1519758186089000,103.0
2,7,1519758187740000,102.0
2,7,1519758188593000,104.0
2,7,1519758189417000,105.0
2,7,1519758190269000,107.0
2,7,1519758191094000,109.0
2,7,1519758191920000,110.0
2,7,1519758192745000,111.0
2,7,1519758193569000,112.0
2,7,1519758194395000,113.0
2,7,1519758196072000,114.0
2,7,1519758197723000,115.0
2,7,1519758201875000,116.0
2,7,1519758202700000,115.0
2,7,1519758203552000,116.0
2,7,1519758204432000,115.0
2,7,1519758207760000,116.0
2,7,1519758208584000,115.0
2,7,1519758211885000,114.0
2,7,1519758215211000,115.0
2,7,1519758216037000,114.0
2,7,1519758216862000,115.0
2,7,1519758218539000,114.0
2,7,1519758219364000,115.0
2,7,1519758224397000,116.0
2,7,1519758225249000,117.0
2,7,1519758226073999,119.0
2,7,1519758226901000,120.0
2,7,1519758228577999,121.0
2,7,1519758229430000,122.0
2,7,1519758230253000,123.0
2,7,1519758232729000,124.0
2,7,1519758235232000,125.0
2,7,1519758252667000,124.0
2,7,1519758253519000,122.0
2,7,1519758254345000,121.0
2,7,1519758255169000,119.0
2,7,1519758255993999,117.0
2,7,1519758256819000,116.0
2,7,1519758257644000,115.0
2,7,1519758261824000,116.0
2,7,1519758264327000,117.0
2,7,1519758265177999,118.0
2,7,1519758266004000,119.0
2,7,1519758266828000,120.0
2,7,1519758267655000,121.0
2,7,1519758269333000,122.0
2,7,1519758270981000,123.0
2,7,1519758271806000,124.0
2,7,1519758272631000,125.0
2,7,1519758274281000,126.0
2,7,1519758275105999,127.0
2,7,1519758276756000,128.0
2,7,1519758279259000,129.0
2,7,1519758285088000,130.0
2,7,1519758288444000,129.0
2,7,1519758290121000,130.0
2,7,1519758290974000,129.0
2,7,1519758292624000,130.0
2,7,1519758293476000,129.0
2,7,1519758294301000,130.0
2,7,1519758305081000,128.0
2,7,1519758305934000,126.0
2,7,1519758306759000,125.0
2,7,1519758308409000,124.0
2,7,1519758309233000,123.0
2,7,1519758310085000,122.0
2,7,1519758315091000,123.0
2,7,1519758315915000,124.0
2,7,1519758316742000,126.0
2,7,1519758317593000,127.0
2,7,1519758318446000,128.0
2,7,1519758319271000,130.0
2,7,1519758320095000,129.0
2,7,1519758322598000,130.0
2,7,1519758348449000,129.0
2,7,1519758357551000,128.0
2,7,1519758358431000,129.0
2,7,1519758368358000,130.0
2,7,1519758372484000,131.0
2,7,1519758379165000,130.0
2,7,1519758380046000,131.0
2,7,1519758381695000,130.0
2,7,1519758396684000,129.0
2,7,1519758410873000,130.0
2,7,1519758411697999,129.0
2,7,1519758412550000,130.0
2,7,1519758420855000,129.0
2,7,1519758421680000,127.0
2,7,1519758422505000,125.0
2,7,1519758423357000,123.0
2,7,1519758425008000,122.0
2,7,1519758425833000,121.0
2,7,1519758426657000,120.0
2,7,1519758429132000,121.0
2,7,1519758429929000,122.0
2,7,1519758430755000,123.0
2,7,1519758431580000,124.0
2,7,1519758432406000,125.0
2,7,1519758433257000,126.0
2,7,1519758434907000,127.0
2,7,1519758435732000,128.0
2,7,1519758438235000,129.0
2,7,1519758442415000,130.0
2,7,1519758453992000,129.0
2,7,1519758454817999,130.0
2,7,1519758456467000,129.0
2,7,1519758457292000,130.0
2,7,1519758458117000,129.0
2,7,1519758458969999,128.0
2,7,1519758459796000,127.0
2,7,1519758460620000,125.0
2,7,1519758461445000,123.0
2,7,1519758462270000,122.0
2,7,1519758463094000,120.0
2,7,1519758463976000,118.0
2,7,1519758464800000,116.0
2,7,1519758465625000,114.0
2,7,1519758466449000,113.0
2,7,1519758467275000,111.0
2,7,1519758468099000,110.0
2,7,1519758473929000,111.0
2,7,1519758483885000,112.0
2,7,1519758484709000,111.0
2,7,1519758485535000,112.0
2,7,1519758493839000,113.0
2,7,1519758495489000,112.0
2,7,1519758496313000,113.0
2,7,1519758497964000,112.0
2,7,1519758505444000,111.0
2,7,1519758506269000,112.0
2,7,1519758507093000,111.0
2,7,1519758517159000,110.0
2,7,1519758518837000,109.0
2,7,1519758519662000,108.0
2,7,1519758521312000,107.0
2,7,1519758522136000,106.0
2,7,1519758522961999,105.0
2,7,1519758524665999,104.0
2,7,1519758525491000,103.0
2,7,1519758526316000,102.0
2,7,1519758527141000,103.0
2,7,1519758527967000,105.0
2,7,1519758528819000,108.0
2,7,1519758529644000,109.0
2,7,1519758530524000,110.0
2,7,1519758531349000,111.0
2,7,1519758532173000,112.0
2,7,1519758532999000,113.0
2,7,1519758533851000,114.0
2,7,1519758534676000,115.0
2,7,1519758535502000,114.0
2,7,1519758536327000,113.0
2,7,1519758537977000,112.0
2,7,1519758540451000,111.0
2,7,1519758550406000,112.0
2,7,1519758561241000,111.0
2,7,1519758562065999,110.0
2,7,1519758562892000,109.0
2,7,1519758564569000,108.0
2,7,1519758567046000,107.0
2,7,1519758570371000,106.0
2,7,1519758573699000,105.0
2,7,1519758592756000,106.0
2,7,1519758593608000,105.0
2,7,1519758594433000,106.0
2,7,1519758596083000,105.0
2,7,1519758596908000,100.0
2,7,1519758597733000,91.0
2,7,1519758598585999,86.0
2,7,1519758601143000,87.0
2,7,1519758604472000,86.0
2,7,1519758606945999,84.0
2,7,1519758607771000,83.0
2,7,1519758608623000,81.0
2,7,1519758609448000,80.0
2,7,1519758613601000,81.0
2,7,1519758614425999,82.0
2,7,1519758615251000,83.0
2,7,1519758616075000,85.0
2,7,1519758617726000,86.0
2,7,1519758618579000,87.0
2,7,1519758619403000,89.0
2,7,1519758620255000,91.0
2,7,1519758621057000,92.0
2,7,1519758624353999,91.0
2,7,1519758626829000,90.0
2,7,1519758627653000,91.0
2,7,1519758629331000,92.0
2,7,1519758630980000,93.0
2,7,1519758633455000,94.0
2,7,1519758635132000,95.0
2,7,1519758639313000,96.0
2,7,1519758646766000,97.0
2,7,1519758647590000,98.0
2,7,1519758648415000,99.0
2,7,1519758649241000,100.0
2,7,1519758650067000,101.0
2,7,1519758651715000,102.0
2,7,1519758652540000,103.0
2,7,1519758653393999,104.0
2,7,1519758655869000,105.0
2,7,1519758661670000,106.0
2,7,1519758662495000,105.0
2,7,1519758663321000,106.0
2,7,1519758664173000,105.0
2,7,1519758666676000,106.0
2,7,1519758669179000,105.0
2,7,1519758671655000,106.0
2,7,1519758687385999,105.0
2,7,1519758688238000,104.0
2,7,1519758689118000,103.0
2,7,1519758689947000,101.0
2,7,1519758690796000,100.0
2,7,1519758691621000,98.0
2,7,1519758693271000,97.0
2,7,1519758695745999,96.0
2,7,1519758697395000,95.0
2,7,1519758698221000,94.0
2,7,1519758699073000,92.0
2,7,1519758699899000,91.0
2,7,1519758700724000,90.0
2,7,1519758701549000,89.0
2,7,1519758702374000,88.0
2,7,1519758703199000,86.0
2,7,1519758704849999,84.0
2,7,1519758705673999,83.0
2,7,1519758706471000,80.0
2,7,1519758707241000,78.0
2,7,1519758708040000,75.0
2,7,1519758708891000,72.0
2,7,1519758709716000,70.0
2,7,1519758710569000,69.0
2,7,1519758711393999,68.0
2,7,1519758712219000,67.0
2,7,1519758714749000,68.0
2,7,1519758718104000,69.0
2,7,1519758719753999,68.0
2,7,1519758720579000,66.0
2,7,1519758721404000,63.0
2,7,1519758722230000,57.0
2,7,1519758723087000,53.0
2,7,1519758723961999,52.0
2,7,1519758726436000,54.0
2,7,1519758728057999,56.0
2,7,1519758728884000,57.0
2,7,1519758729710000,59.0
2,7,1519758730534000,62.0
2,7,1519758731359000,64.0
2,7,1519758732183000,67.0
2,7,1519758733009000,70.0
2,7,1519758733861000,76.0
2,7,1519758734741000,81.0
2,7,1519758735566000,80.0
2,7,1519758736391000,78.0
2,7,1519758737216000,77.0
2,7,1519758738041999,76.0
2,7,1519758739721000,75.0
2,7,1519758740544000,74.0
2,7,1519758741369000,73.0
2,7,1519758743046000,72.0
2,7,1519758743899000,71.0
2,7,1519758747225999,70.0
2,7,1519758748052000,69.0
2,7,1519758748876000,68.0
2,7,1519758750526000,67.0
2,7,1519758752203000,66.0
2,7,1519758753029000,65.0
2,7,1519758753881000,63.0
2,7,1519758754705999,61.0
2,7,1519758755533000,60.0
2,7,1519758756357000,57.0
2,7,1519758757180000,54.0
2,7,1519758758007000,52.0
2,7,1519758758913999,50.0
2,7,1519758759739000,49.0
2,7,1519758760564000,47.0
2,7,1519758761388000,46.0
2,7,1519758762213000,43.0
2,7,1519758763038000,41.0
2,7,1519758763864000,40.0
2,7,1519758764716000,38.0
2,7,1519758765541000,35.0
2,7,1519758766366000,33.0
2,7,1519758767191000,31.0
2,7,1519758768043000,29.0
2,7,1519758768868000,30.0
2,7,1519758769694000,33.0
2,7,1519758770518000,38.0
2,7,1519758771344000,39.0
2,7,1519758772196000,38.0
2,7,1519758773021000,39.0
2,7,1519758773877000,40.0
2,7,1519758774697999,41.0
2,7,1519758776376000,42.0
2,7,1519758778055000,41.0
2,7,1519758783884000,40.0
2,7,1519758785615000,39.0
2,7,1519758786441000,37.0
2,7,1519758787265999,35.0
2,7,1519758788089999,33.0
2,7,1519758788944000,31.0
2,7,1519758789796000,29.0
2,7,1519758790621000,26.0
2,7,1519758791446000,23.0
2,7,1519758792297999,20.0
2,7,1519758793121999,18.0
2,7,1519758794003000,16.0
2,7,1519758794830000,15.0
2,7,1519758799036000,16.0
2,7,1519758802363000,17.0
2,7,1519758803188000,18.0
2,7,1519758804041000,19.0
2,7,1519758804865999,20.0
2,7,1519758806516000,21.0
2,7,1519758807341000,22.0
2,7,1519758809017999,23.0
2,7,1519758810667000,24.0
2,7,1519758811494000,25.0
2,7,1519758812318000,26.0
2,7,1519758813143000,27.0
2,7,1519758815617999,25.0
2,7,1519758816443000,23.0
2,7,1519758817268000,22.0
2,7,1519758818094000,21.0
2,7,1519758818945000,20.0
2,7,1519758819771000,19.0
2,7,1519758820596000,17.0
2,7,1519758821421000,15.0
2,7,1519758823071000,13.0
2,7,1519758823923000,10.0
2,7,1519758824747000,8.0
2,7,1519758825572000,7.0
2,7,1519758826398000,9.0
2,7,1519758827223000,10.0
2,7,1519758828076000,12.0
2,7,1519758828928000,13.0
2,7,1519758829753999,14.0
2,7,1519758830577000,16.0
2,7,1519758831403000,17.0
2,7,1519758832255000,15.0
2,7,1519758833107000,14.0
2,7,1519758833908000,15.0
2,7,1519758834729999,18.0
2,7,1519758835555000,20.0
2,7,1519758836381000,22.0
2,7,1519758837233000,25.0
2,7,1519758838057999,27.0
2,7,1519758838910000,29.0
2,7,1519758839735000,32.0
2,7,1519758840561000,35.0
2,7,1519758841385999,34.0
2,7,1519758842209999,33.0
2,7,1519758843039000,34.0
2,7,1519758843945000,33.0
2,7,1519758844769999,32.0
2,7,1519758845593000,31.0
2,7,1519758846417999,28.0
2,7,1519758847243000,26.0
2,7,1519758850571000,25.0
2,7,1519758853046000,27.0
2,7,1519758853925000,30.0
2,7,1519758854750000,33.0
2,7,1519758855575000,35.0
2,7,1519758857225000,34.0
2,7,1519758858049999,33.0
2,7,1519758858875000,32.0
2,7,1519758861405000,31.0
2,7,1519758862229000,32.0
2,7,1519758863908000,34.0
2,7,1519758864733000,38.0
2,7,1519758865558000,43.0
2,7,1519758866383000,44.0
2,7,1519758868033000,47.0
2,7,1519758868886000,51.0
2,7,1519758870535000,50.0
2,7,1519758871360000,49.0
2,7,1519758872185000,48.0
2,7,1519758873009999,47.0
2,7,1519758873863000,45.0
2,7,1519758874687000,44.0
2,7,1519758875513000,43.0
2,7,1519758876337999,42.0
2,7,1519758877161999,41.0
2,7,1519758878841000,42.0
2,7,1519758881343000,43.0
2,7,1519758882993000,44.0
2,7,1519758883846000,45.0
2,7,1519758884670000,48.0
2,7,1519758885495000,50.0
2,7,1519758886348000,52.0
2,7,1519758887172000,53.0
2,7,1519758887998000,56.0
2,7,1519758888878000,60.0
2,7,1519758889702000,63.0
2,7,1519758890556000,64.0
2,7,1519758892232000,66.0
2,7,1519758894708000,65.0
2,7,1519758896357000,64.0
2,7,1519758897182000,63.0
2,7,1519758897981000,60.0
2,7,1519758898833999,56.0
2,7,1519758899685000,53.0
2,7,1519758900537999,50.0
2,7,1519758901361999,48.0
2,7,1519758903012000,47.0
2,7,1519758903837000,46.0
2,7,1519758904662000,45.0
2,7,1519758905487000,44.0
2,7,1519758906340000,43.0
2,7,1519758907989000,42.0
2,7,1519758908841999,41.0
2,7,1519758909668000,40.0
2,7,1519758910493000,39.0
2,7,1519758912142000,40.0
2,7,1519758913820000,41.0
2,7,1519758914645000,42.0
2,7,1519758915469000,43.0
2,7,1519758917119000,44.0
2,7,1519758918797000,45.0
2,7,1519758919568000,46.0
2,7,1519758921189000,47.0
2,7,1519758922015000,48.0
2,7,1519758922840000,50.0
2,7,1519758924517000,51.0
2,7,1519758926221000,52.0
2,7,1519758927047000,53.0
2,7,1519758928724000,54.0
2,7,1519758930401999,55.0
2,7,1519758931227000,56.0
2,7,1519758932877000,57.0
2,7,1519758933729999,58.0
2,7,1519758935380000,59.0
2,7,1519758936232000,60.0
2,7,1519758937057000,61.0
2,7,1519758938735000,62.0
2,7,1519758939560000,63.0
2,7,1519758940357000,64.0
2,7,1519758941181000,65.0
2,7,1519758942008000,66.0
2,7,1519758942859000,69.0
2,7,1519758943685000,71.0
2,7,1519758944510000,73.0
2,7,1519758945335000,75.0
2,7,1519758946159000,78.0
2,7,1519758947811000,79.0
2,7,1519758948689999,81.0
2,7,1519758949513999,83.0
2,7,1519758950339000,85.0
2,7,1519758951164000,86.0
2,7,1519758952815000,85.0
2,7,1519758953667000,84.0
2,7,1519758955317000,83.0
2,7,1519758956141000,82.0
2,7,1519758956967000,80.0
2,7,1519758957793000,78.0
2,7,1519758958672000,74.0
2,7,1519758959505999,72.0
2,7,1519758961917000,73.0
2,7,1519758962742000,75.0
2,7,1519758963567000,76.0
2,7,1519758964392000,77.0
2,7,1519758965216000,79.0
2,7,1519758966041999,80.0
2,7,1519758966867000,81.0
2,7,1519758968517000,82.0
2,7,1519758969369000,83.0
2,7,1519758974401999,84.0
2,7,1519758979407000,85.0
2,7,1519758980259000,84.0
2,7,1519758981910000,83.0
2,7,1519758982734000,82.0
2,7,1519758990956000,81.0
2,7,1519758992607000,80.0
2,7,1519758993431000,78.0
2,7,1519758994284000,77.0
2,7,1519758997583000,76.0
2,7,1519758998409000,75.0
2,7,1519758999261000,73.0
2,7,1519759000087000,72.0
2,7,1519759000912000,71.0
2,7,1519759001736000,69.0
2,7,1519759002590000,66.0
2,7,1519759003414000,63.0
2,7,1519759004267000,60.0
2,7,1519759005091000,59.0
2,7,1519759005923000,58.0
2,7,1519759007567000,59.0
2,7,1519759008391000,61.0
2,7,1519759009271000,64.0
2,7,1519759010096000,65.0
2,7,1519759011749000,66.0
2,7,1519759014221000,67.0
2,7,1519759017521000,68.0
2,7,1519759020051000,69.0
2,7,1519759020878000,71.0
2,7,1519759021703000,72.0
2,7,1519759022526000,74.0
2,7,1519759023352000,75.0
2,7,1519759024203000,77.0
2,7,1519759025856000,76.0
2,7,1519759026678000,78.0
2,7,1519759027503000,80.0
2,7,1519759028329000,84.0
2,7,1519759029209000,88.0
2,7,1519759030038000,91.0
2,7,1519759030886000,92.0
2,7,1519759032536000,93.0
2,7,1519759033361000,92.0
2,7,1519759034214000,90.0
2,7,1519759035040000,88.0
2,7,1519759035865000,83.0
2,7,1519759036689000,75.0
2,7,1519759037541000,73.0
2,7,1519759038367000,71.0
2,7,1519759039217999,70.0
2,7,1519759040047000,71.0
2,7,1519759040869000,72.0
2,7,1519759043344000,71.0
2,7,1519759045846000,72.0
2,7,1519759046673000,73.0
2,7,1519759047496000,74.0
2,7,1519759048321000,76.0
2,7,1519759049145000,79.0
2,7,1519759049971000,81.0
2,7,1519759050796000,84.0
2,7,1519759051621000,87.0
2,7,1519759052446000,89.0
2,7,1519759053271000,90.0
2,7,1519759054123000,92.0
2,7,1519759054950000,94.0
2,7,1519759055801000,96.0
2,7,1519759056625999,98.0
2,7,1519759058276000,97.0
2,7,1519759062483000,96.0
2,7,1519759063336000,97.0
2,7,1519759066636000,98.0
2,7,1519759067461000,100.0
2,7,1519759068286000,101.0
2,7,1519759069110000,103.0
2,7,1519759069963000,104.0
2,7,1519759070789000,103.0
2,7,1519759077443000,101.0
2,7,1519759079973000,102.0
2,7,1519759080798000,103.0
2,7,1519759083273000,102.0
2,7,1519759084125000,100.0
2,7,1519759084951000,99.0
2,7,1519759085776000,98.0
2,7,1519759086601000,96.0
2,7,1519759087425000,95.0
2,7,1519759088251000,94.0
2,7,1519759089102000,93.0
2,7,1519759089928000,92.0
2,7,1519759090753999,91.0
2,7,1519759091577999,90.0
2,7,1519759093227000,91.0
2,7,1519759094878000,92.0
2,7,1519759095703000,93.0
2,7,1519759096528000,94.0
2,7,1519759097353000,96.0
2,7,1519759098177999,97.0
2,7,1519759099031000,99.0
2,7,1519759099856000,98.0
2,7,1519759102332000,97.0
2,7,1519759103980000,96.0
2,7,1519759105631000,95.0
2,7,1519759107280000,94.0
2,7,1519759108105000,93.0
2,7,1519759108985000,92.0
2,7,1519759109811000,90.0
2,7,1519759110635000,89.0
2,7,1519759112313000,88.0
2,7,1519759113137000,89.0
2,7,1519759113991000,90.0
2,7,1519759114815000,93.0
2,7,1519759115668000,94.0
2,7,1519759116493000,96.0
2,7,1519759117317000,98.0
2,7,1519759118142000,99.0
2,7,1519759119024000,101.0
2,7,1519759121526000,100.0
2,7,1519759122352000,99.0
2,7,1519759123175000,98.0
2,7,1519759124000000,97.0
2,7,1519759124825999,96.0
2,7,1519759125678000,94.0
2,7,1519759126503000,93.0
2,7,1519759127328000,92.0
2,7,1519759129033000,91.0
2,7,1519759129859000,92.0
2,7,1519759131508000,93.0
2,7,1519759132333000,95.0
2,7,1519759133185999,96.0
2,7,1519759134038000,97.0
2,7,1519759134863000,98.0
2,7,1519759135688000,99.0
2,7,1519759136513000,100.0
2,7,1519759137337999,101.0
2,7,1519759138988000,100.0
2,7,1519759139813000,98.0
2,7,1519759140638000,96.0
2,7,1519759141463000,94.0
2,7,1519759142288000,92.0
2,7,1519759143112000,91.0
2,7,1519759143937999,89.0
2,7,1519759144790000,87.0
2,7,1519759146468000,86.0
2,7,1519759148117000,87.0
2,7,1519759150649000,88.0
2,7,1519759151473000,90.0
2,7,1519759152297000,91.0
2,7,1519759153121999,93.0
2,7,1519759153948000,94.0
2,7,1519759154773000,96.0
2,7,1519759155598000,98.0
2,7,1519759156423000,99.0
2,7,1519759157247000,100.0
2,7,1519759158072000,101.0
2,7,1519759158897999,102.0
2,7,1519759159723000,103.0
2,7,1519759161372000,104.0
2,7,1519759163022000,105.0
2,7,1519759165580000,106.0
2,7,1519759173995000,105.0
2,7,1519759182905000,104.0
2,7,1519759183757000,103.0
2,7,1519759184582000,102.0
2,7,1519759185407000,101.0
2,7,1519759186232000,100.0
2,7,1519759187085000,99.0
2,7,1519759187910000,98.0
2,7,1519759188735000,99.0
2,7,1519759190385000,100.0
2,7,1519759191209999,101.0
2,7,1519759192887000,102.0
2,7,1519759193740000,103.0
2,7,1519759195391000,104.0
2,7,1519759197040000,105.0
2,7,1519759199597000,106.0
2,7,1519759210487000,105.0
2,7,1519759211312000,106.0
2,7,1519759231222000,107.0
2,7,1519759232047000,110.0
2,7,1519759232928000,112.0
2,7,1519759233752000,114.0
2,7,1519759234577000,116.0
2,7,1519759235401999,117.0
2,7,1519759236227000,119.0
2,7,1519759237053000,120.0
2,7,1519759237877000,121.0
2,7,1519759238729000,122.0
2,7,1519759239553999,123.0
2,7,1519759241176000,124.0
2,7,1519759243679000,125.0
2,7,1519759244532000,124.0
2,7,1519759245357000,125.0
2,7,1519759280281999,124.0
2,7,1519759283527000,125.0
2,7,1519759289439000,124.0
2,7,1519759291913999,125.0
2,7,1519759296919000,124.0
2,7,1519759298569000,123.0
2,7,1519759299421000,122.0
2,7,1519759303519000,123.0
2,7,1519759306021000,124.0
2,7,1519759310145999,125.0
2,7,1519759310971000,124.0
2,7,1519759311796000,125.0
2,7,1519759313473999,124.0
2,7,1519759318505999,125.0
2,7,1519759323512000,124.0
2,7,1519759324365000,125.0
2,7,1519759362647000,124.0
2,7,1519759364324000,123.0
2,7,1519759367624000,124.0
2,7,1519759375957000,125.0
2,7,1519759458180000,124.0
2,7,1519759462361000,125.0
2,7,1519759463185000,124.0
2,7,1519759464011000,125.0
2,7,1519759464836000,124.0
2,7,1519759465689000,125.0
2,7,1519759466513999,124.0
2,7,1519759472453000,125.0
2,7,1519759483784000,121.0
2,7,1519759486065999,114.0
2,7,1519759488321999,109.0
2,7,1519759490383000,114.0
2,7,1519759492611000,118.0
2,7,1519759494591000,121.0
2,7,1519759496492000,123.0
2,7,1519759498937000,124.0
2,7,1519759500943000,125.0
2,7,1519759515630000,124.0
2,7,1519759519836000,120.0
2,7,1519759521871000,116.0
2,7,1519759529985000,117.0
2,7,1519759536006000,115.0
2,7,1519759538150000,112.0
2,7,1519759540296000,107.0
2,7,1519759542358000,103.0
2,7,1519759544833000,105.0
2,7,1519759549369999,104.0
2,7,1519759553497000,105.0
2,7,1519759555723000,107.0
2,7,1519759558033000,108.0
2,7,1519759560094000,109.0
2,7,1519759564717000,108.0
2,7,1519759567107000,106.0
2,7,1519759569417999,103.0
2,7,1519759571809999,99.0
2,7,1519759574041000,91.0
2,7,1519759576347000,87.0
2,7,1519759578493000,84.0
2,7,1519759582783000,85.0
2,7,1519759584846000,84.0
2,7,1519759587567000,79.0
2,7,1519759589879000,76.0
2,7,1519759594663000,77.0
2,7,1519759596643000,76.0
2,7,1519759603326000,78.0
2,7,1519759605552000,80.0
2,7,1519759607699000,82.0
2,7,1519759610007000,80.0
2,7,1519759612069000,78.0
2,7,1519759614297999,76.0
2,7,1519759618670000,77.0
2,7,1519759620980000,79.0
2,7,1519759623289000,80.0
2,7,1519759625520000,81.0
2,7,1519759633767000,80.0
2,7,1519759638224000,81.0
2,7,1519759640452000,83.0
2,7,1519759644493000,81.0
2,7,1519759646555000,78.0
2,7,1519759648782000,75.0
2,7,1519759650927000,71.0
2,7,1519759655630000,72.0
2,7,1519759657857999,74.0
2,7,1519759660249000,77.0
2,7,1519759662479000,78.0
2,7,1519759671524000,77.0
2,7,1519759683321000,76.0
2,7,1519759684999000,75.0
2,7,1519759685851000,74.0
2,7,1519759689151000,73.0
2,7,1519759694156000,74.0
2,7,1519759695862000,75.0
2,7,1519759696686000,76.0
2,7,1519759697511000,77.0
2,7,1519759698336000,78.0
2,7,1519759700068000,79.0
2,7,1519759705156000,78.0
2,7,1519759705981000,77.0
2,7,1519759707631000,76.0
2,7,1519759708485000,75.0
2,7,1519759710188000,74.0
2,7,1519759711013000,73.0
2,7,1519759713515000,72.0
2,7,1519759719319000,73.0
2,7,1519759720969000,74.0
2,7,1519759721793999,75.0
2,7,1519759722619000,76.0
2,7,1519759723444000,77.0
2,7,1519759724268000,78.0
2,7,1519759725945999,79.0
2,7,1519759726825999,80.0
2,7,1519759727678000,81.0
2,7,1519759728531000,82.0
2,7,1519759729356000,83.0
2,7,1519759732656000,84.0
2,7,1519759734333000,85.0
2,7,1519759735983000,86.0
2,7,1519759737633000,87.0
2,7,1519759738457999,88.0
2,7,1519759740108000,89.0
2,7,1519759740933000,90.0
2,7,1519759743436000,91.0
2,7,1519759744261000,90.0
2,7,1519759746736000,89.0
2,7,1519759750036000,90.0
2,7,1519759753363000,91.0
2,7,1519759755013000,90.0
2,7,1519759756663000,91.0
2,7,1519759759993000,92.0
2,7,1519759762465999,93.0
2,7,1519759764941000,94.0
2,7,1519759770715000,95.0
2,7,1519759772393000,96.0
2,7,1519759774043000,97.0
2,7,1519759778168000,96.0
2,7,1519759778993000,95.0
2,7,1519759779819000,94.0
2,7,1519759780643000,93.0
2,7,1519759781468000,92.0
2,7,1519759782348000,91.0
2,7,1519759783173000,90.0
2,7,1519759784824000,89.0
2,7,1519759789032000,90.0
2,7,1519759791561000,91.0
2,7,1519759796566000,92.0
2,7,1519759801569999,91.0
2,7,1519759802395000,90.0
2,7,1519759803221000,89.0
2,7,1519759804045000,88.0
2,7,1519759805751000,87.0
2,7,1519759807427000,86.0
2,7,1519759809929999,85.0
2,7,1519759811608000,83.0
2,7,1519759812433000,81.0
2,7,1519759813257999,78.0
2,7,1519759814081999,75.0
2,7,1519759814963000,73.0
2,7,1519759815788000,72.0
2,7,1519759816613000,71.0
2,7,1519759817438000,68.0
2,7,1519759818263000,64.0
2,7,1519759819087000,59.0
2,7,1519759819968000,53.0
2,7,1519759820793999,48.0
2,7,1519759821617999,44.0
2,7,1519759822444000,42.0
2,7,1519759823267000,40.0
2,7,1519759824093000,35.0
2,7,1519759824945000,28.0
2,7,1519759825772000,24.0
2,7,1519759826595000,21.0
2,7,1519759827449000,18.0
2,7,1519759828300000,16.0
2,7,1519759829153000,14.0
2,7,1519759830006000,11.0
2,7,1519759830832000,9.0
2,7,1519759831655000,6.0
2,7,1519759832479000,4.0
2,7,1519759833278000,5.0
2,7,1519759834075000,6.0
2,7,1519759834846000,9.0
2,7,1519759835697999,14.0
2,7,1519759836495000,17.0
2,7,1519759838118000,19.0
2,7,1519759838943000,22.0
2,7,1519759839768000,24.0
2,7,1519759840593000,26.0
2,7,1519759841417000,28.0
2,7,1519759842243000,32.0
2,7,1519759843068000,37.0
2,7,1519759843921000,42.0
2,7,1519759846423000,45.0
2,7,1519759847249000,42.0
2,7,1519759848073000,39.0
2,7,1519759848897999,37.0
2,7,1519759849750000,34.0
2,7,1519759850575000,31.0
2,7,1519759851401000,29.0
2,7,1519759852224000,26.0
2,7,1519759853049999,23.0
2,7,1519759853875000,22.0
2,7,1519759854729000,20.0
2,7,1519759855553000,18.0
2,7,1519759856377999,17.0
2,7,1519759857203000,15.0
2,7,1519759858028000,13.0
2,7,1519759858853000,12.0
2,7,1519759859678000,10.0
2,7,1519759860503000,9.0
2,7,1519759861327000,8.0
2,7,1519759862151000,6.0
2,7,1519759862977999,5.0
2,7,1519759863803000,4.0
2,7,1519759864625999,5.0
2,7,1519759865479000,8.0
2,7,1519759867185000,6.0
2,7,1519759868013000,5.0
2,7,1519759868837000,4.0
2,7,1519759869660000,3.0
2,7,1519759870540000,1.0
2,7,1519759871366000,0.0
2,7,1519759889627000,5.0
2,7,1519759890452000,12.0
2,7,1519759891305000,18.0
2,7,1519759892129000,20.0
2,7,1519759892955000,21.0
2,7,1519759893780000,25.0
2,7,1519759894606000,33.0
2,7,1519759895459000,43.0
2,7,1519759896281999,47.0
2,7,1519759897080000,48.0
2,7,1519759897904000,51.0
2,7,1519759900407000,50.0
2,7,1519759901259000,49.0
2,7,1519759907173000,51.0
2,7,1519759907998000,52.0
2,7,1519759908824000,54.0
2,7,1519759909676000,57.0
2,7,1519759911325000,56.0
2,7,1519759914653000,55.0
2,7,1519759917980000,54.0
2,7,1519759918806000,55.0
2,7,1519759919631000,56.0
2,7,1519759921280000,58.0
2,7,1519759922105000,60.0
2,7,1519759922957000,61.0
2,7,1519759924636000,60.0
2,7,1519759925515000,61.0
2,7,1519759926340000,62.0
2,7,1519759928017999,63.0
2,7,1519759928843000,62.0
2,7,1519759932995000,61.0
2,7,1519759933821000,60.0
2,7,1519759935525000,59.0
2,7,1519759936487000,58.0
2,7,1519759938989000,57.0
2,7,1519759940721999,56.0
2,7,1519759942373000,55.0
2,7,1519759944053000,53.0
2,7,1519759944902000,52.0
2,7,1519759945727000,50.0
2,7,1519759946553999,49.0
2,7,1519759947377000,47.0
2,7,1519759948201000,42.0
2,7,1519759949097999,38.0
2,7,1519759949935000,36.0
2,7,1519759950761999,35.0
2,7,1519759951585000,36.0
2,7,1519759952409000,39.0
2,7,1519759953262000,42.0
2,7,1519759954968000,46.0
2,7,1519759955821000,49.0
2,7,1519759958321999,48.0
2,7,1519759961651000,45.0
2,7,1519759962473999,40.0
2,7,1519759963355000,35.0
2,7,1519759964179000,32.0
2,7,1519759965033999,29.0
2,7,1519759965857000,25.0
2,7,1519759966685000,21.0
2,7,1519759967507000,19.0
2,7,1519759968332000,17.0
2,7,1519759969157000,15.0
2,7,1519759970011000,12.0
2,7,1519759972485000,15.0
2,7,1519759973309000,19.0
2,7,1519759974137000,25.0
2,7,1519759975015000,28.0
2,7,1519759975839000,29.0
2,7,1519759976665000,28.0
2,7,1519759977489999,29.0
2,7,1519759979140000,31.0
2,7,1519759979965000,33.0
2,7,1519759980791000,36.0
2,7,1519759981614000,37.0
2,7,1519759984942000,35.0
2,7,1519759985767000,33.0
2,7,1519759986592000,31.0
2,7,1519759988241000,30.0
2,7,1519759990717000,29.0
2,7,1519759992395000,27.0
2,7,1519759993275000,24.0
2,7,1519759994100000,21.0
2,7,1519759994925000,18.0
2,7,1519759996574000,19.0
2,7,1519759997400000,21.0
2,7,1519759998224000,24.0
2,7,1519759999049999,30.0
2,7,1519759999902000,35.0
2,7,1519760000728000,40.0
2,7,1519760001579000,41.0
2,7,1519760002405000,43.0
2,7,1519760003256000,45.0
2,7,1519760004083000,46.0
2,7,1519760004935000,48.0
2,7,1519760005760000,47.0
2,7,1519760006585999,46.0
2,7,1519760007437000,45.0
2,7,1519760008289000,43.0
2,7,1519760009113000,40.0
2,7,1519760009937999,38.0
2,7,1519760011644000,41.0
2,7,1519760012469000,45.0
2,7,1519760013321999,50.0
2,7,1519760014147000,54.0
2,7,1519760015083000,56.0
2,7,1519760015934000,57.0
2,7,1519760016760000,59.0
2,7,1519760029243000,58.0
2,7,1519760030921999,59.0
2,7,1519760039364000,60.0
2,7,1519760040217000,59.0
2,7,1519760041867000,60.0
2,7,1519760043517000,59.0
2,7,1519760045193999,56.0
2,7,1519760046047000,52.0
2,7,1519760046844000,46.0
2,7,1519760047668000,37.0
2,7,1519760048494000,28.0
2,7,1519760049319000,20.0
2,7,1519760050143000,16.0
2,7,1519760050969000,15.0
2,7,1519760052619000,17.0
2,7,1519760053445000,21.0
2,7,1519760054269000,22.0
2,7,1519760056744000,20.0
2,7,1519760057569000,17.0
2,7,1519760058393999,16.0
2,7,1519760059219000,15.0
2,7,1519760060071000,12.0
2,7,1519760060897000,6.0
2,7,1519760061721999,0.0
2,7,1519760133001000,5.0
2,7,1519760133825999,11.0
2,7,1519760134651000,18.0
2,7,1519760135503000,22.0
2,7,1519760137153000,23.0
2,7,1519760137977999,24.0
2,7,1519760139628000,26.0
2,7,1519760140480000,30.0
2,7,1519760141305999,38.0
2,7,1519760142129999,39.0
2,7,1519760143781000,38.0
2,7,1519760144605000,37.0
2,7,1519760146311000,36.0
2,7,1519760147135000,34.0
2,7,1519760147965000,30.0
2,7,1519760148787000,25.0
2,7,1519760149611000,20.0
2,7,1519760150491000,15.0
2,7,1519760151316000,11.0
2,7,1519760152140000,8.0
2,7,1519760153763000,7.0
2,7,1519760154589000,6.0
2,7,1519760156265999,7.0
2,7,1519760157089999,6.0
2,7,1519760157944000,4.0
2,7,1519760160500000,3.0
2,7,1519760161325000,2.0
2,7,1519760165477000,3.0
2,7,1519760166304000,4.0
2,7,1519760167127000,6.0
2,7,1519760167953000,8.0
2,7,1519760169604000,7.0
2,7,1519760171253000,6.0
2,7,1519760172903000,2.0
2,7,1519760173731000,0.0
2,7,1519760177110000,1.0
2,7,1519760177935000,2.0
2,7,1519760181263000,1.0
2,7,1519760182913000,0.0
2,7,1519760183737999,1.0
2,7,1519760186240000,2.0
2,7,1519760187065000,1.0
2,7,1519760187892000,2.0
2,7,1519760190420000,1.0
2,7,1519760191273000,0.0
2,8,1519755824107000,10.0
2,8,1519755836827000,9.0
2,8,1519755837727000,10.0
2,8,1519755838625999,9.0
2,8,1519755840425999,10.0
2,8,1519755841356000,12.0
2,8,1519755842256000,13.0
2,8,1519755843156000,10.0
2,8,1519755844056000,9.0
2,8,1519755849516000,10.0
2,8,1519755850447000,9.0
2,8,1519755851345999,10.0
2,8,1519755852246000,9.0
2,8,1519755853147000,10.0
2,8,1519755854046000,12.0
2,8,1519755857646000,11.0
2,8,1519755859476000,10.0
2,8,1519755861278000,11.0
2,8,1519755864008000,10.0
2,8,1519755864907000,9.0
2,8,1519755865806000,8.0
2,8,1519755876665999,9.0
2,8,1519755877566000,12.0
2,8,1519755878406000,13.0
2,8,1519755879277000,12.0
2,8,1519755880147000,8.0
2,8,1519755882667000,9.0
2,8,1519755883507000,10.0
2,8,1519755884376000,8.0
2,8,1519755890976000,10.0
2,8,1519755891847000,11.0
2,8,1519755892776000,13.0
2,8,1519755893616000,9.0
2,8,1519755894516000,8.0
2,8,1519755895327000,9.0
2,8,1519755896197000,11.0
2,8,1519755897126000,12.0
2,8,1519755898057999,10.0
2,8,1519755899797000,9.0
2,8,1519755904719000,8.0
2,8,1519755905467000,7.0
2,8,1519755906246000,6.0
2,8,1519755910177000,7.0
2,8,1519755910928000,8.0
2,8,1519755911767000,10.0
2,8,1519755912517000,8.0
2,8,1519755914017999,7.0
2,8,1519755918665999,9.0
2,8,1519755919417000,11.0
2,8,1519755920166000,8.0
2,8,1519755920919000,7.0
2,8,1519755922416000,9.0
2,8,1519755923166000,8.0
2,8,1519755923916000,6.0
2,8,1519755928505999,7.0
2,8,1519755941076000,9.0
2,8,1519755942036000,7.0
2,8,1519755943836000,9.0
2,8,1519755944737999,10.0
2,8,1519755945637000,12.0
2,8,1519755946566000,11.0
2,8,1519755947465999,8.0
2,8,1519755948366000,7.0
2,8,1519755952028000,6.0
2,8,1519755970236000,7.0
2,8,1519755972036000,6.0
2,8,1519755974707000,7.0
2,8,1519755987156000,8.0
2,8,1519755988061000,11.0
2,8,1519755988927000,9.0
2,8,1519755989887000,8.0
2,8,1519755990785999,9.0
2,8,1519755995286000,8.0
2,8,1519755998797000,7.0
2,8,1519756000567000,6.0
2,8,1519756002336000,7.0
2,8,1519756003235000,10.0
2,8,1519756004076000,9.0
2,8,1519756004916000,7.0
2,8,1519756005756000,6.0
2,8,1519756006596000,7.0
2,8,1519756008998000,8.0
2,8,1519756010646000,7.0
2,8,1519756012927000,6.0
2,8,1519756013736000,5.0
2,8,1519756014485000,6.0
2,8,1519756015235000,5.0
2,8,1519756023727000,6.0
2,8,1519756039838000,7.0
2,8,1519756040588000,8.0
2,8,1519756041455000,11.0
2,8,1519756042236000,9.0
2,8,1519756042988000,7.0
2,8,1519756043737999,9.0
2,8,1519756045236000,8.0
2,8,1519756048325000,7.0
2,8,1519756049825999,6.0
2,8,1519756052406000,5.0
2,8,1519756054205000,6.0
2,8,1519756057865000,8.0
2,8,1519756060565000,6.0
2,8,1519756061465000,5.0
2,8,1519756062396000,6.0
2,8,1519756072385999,7.0
2,8,1519756073285000,6.0
2,8,1519756085076000,7.0
2,8,1519756114295000,8.0
2,8,1519756134094000,9.0
2,8,1519756134845000,8.0
2,8,1519756136374000,9.0
2,8,1519756138865999,8.0
2,8,1519756139649999,9.0
2,8,1519756140486000,8.0
2,8,1519756141236000,9.0
2,8,1519756150445000,10.0
2,8,1519756157284000,9.0
2,8,1519756158784000,8.0
2,8,1519756159534000,9.0
2,8,1519756203936000,10.0
2,8,1519756212064000,9.0
2,8,1519756212964000,10.0
2,8,1519756214765000,9.0
2,8,1519756218304000,10.0
2,8,1519756219204000,9.0
2,8,1519756220073999,10.0
2,8,1519756220973000,9.0
2,8,1519756221815000,10.0
2,8,1519756223615000,9.0
2,8,1519756228564000,10.0
2,8,1519756229313999,9.0
2,8,1519756232854000,10.0
2,8,1519756233755000,9.0
2,8,1519756239816000,10.0
2,8,1519756247104000,9.0
2,8,1519756248664000,10.0
2,8,1519756249415000,12.0
2,8,1519756250165000,13.0
2,8,1519756251726000,11.0
2,8,1519756252504000,10.0
2,8,1519756253255000,9.0
2,8,1519756285414000,10.0
2,8,1519756319044000,11.0
2,8,1519756338784000,12.0
2,8,1519756340523000,15.0
2,8,1519756341336000,14.0
2,8,1519756342173000,12.0
2,8,1519756343044000,13.0
2,8,1519756347213000,14.0
2,8,1519756348023000,15.0
2,8,1519756348773000,12.0
2,8,1519756349523000,11.0
2,8,1519756354172000,12.0
2,8,1519756355013000,13.0
2,8,1519756355854000,12.0
2,8,1519756356726000,10.0
2,8,1519756357563000,8.0
2,8,1519756360862000,7.0
2,8,1519756367224000,8.0
2,8,1519756367975000,9.0
2,8,1519756369565000,8.0
2,8,1519756371124000,7.0
2,8,1519756374964000,8.0
2,8,1519756378027000,9.0
2,8,1519756381201999,10.0
2,8,1519756383513000,9.0
2,8,1519756384263000,10.0
2,8,1519756385013000,8.0
2,8,1519756385763000,7.0
2,8,1519756386572000,8.0
2,8,1519756387352000,7.0
2,8,1519756389663000,5.0
2,8,1519756394163000,6.0
2,8,1519756403222000,7.0
2,8,1519756407752000,6.0
2,8,1519756412281999,7.0
2,8,1519756415913000,6.0
2,8,1519756424972000,7.0
2,8,1519756428601999,6.0
2,8,1519756429501000,5.0
2,8,1519756438621000,4.0
2,8,1519756439521000,5.0
2,8,1519756440390000,4.0
2,8,1519756442190000,5.0
2,8,1519756445790000,6.0
2,8,1519756450291000,7.0
2,8,1519756451160000,8.0
2,8,1519756452061000,7.0
2,8,1519756452929999,5.0
2,8,1519756453831000,4.0
2,8,1519756459141000,5.0
2,8,1519756460852000,4.0
2,8,1519756465110000,5.0
2,8,1519756465950000,6.0
2,8,1519756467542000,7.0
2,8,1519756468289999,5.0
2,8,1519756469041999,3.0
2,8,1519756469883000,4.0
2,8,1519756470630000,3.0
2,8,1519756472371000,4.0
2,8,1519756473270000,3.0
2,8,1519756474950000,4.0
2,8,1519756478430000,3.0
2,8,1519756481729999,2.0
2,8,1519756482631000,1.0
2,8,1519756484139000,2.0
2,8,1519756484883000,1.0
2,8,1519756490219000,2.0
2,8,1519756490969999,4.0
2,8,1519756491720000,5.0
2,8,1519756493280000,4.0
2,8,1519756499371000,3.0
2,8,1519756500120000,1.0
2,8,1519756500872000,2.0
2,8,1519756501622000,3.0
2,8,1519756504320000,1.0
2,8,1519756505249000,2.0
2,8,1519756507979000,3.0
2,8,1519756508880000,4.0
2,8,1519756509780000,7.0
2,8,1519756511609999,6.0
2,8,1519756512540000,4.0
2,8,1519756513440000,6.0
2,8,1519756514340000,7.0
2,8,1519756516140000,5.0
2,8,1519756517071000,0.0
2,8,1519756517972000,2.0
2,8,1519756519800000,3.0
2,8,1519756522501000,4.0
2,8,1519756530749000,3.0
2,8,1519756531681000,4.0
2,8,1519756532609999,5.0
2,8,1519756533510000,3.0
2,8,1519756534409999,4.0
2,8,1519756535310000,3.0
2,8,1519756538039000,2.0
2,8,1519756540739000,1.0
2,8,1519756541640000,2.0
2,8,1519756542540000,3.0
2,8,1519756547969999,2.0
2,8,1519756550699000,1.0
2,8,1519756551600000,2.0
2,8,1519756554300000,3.0
2,8,1519756555198000,2.0
2,8,1519756561529999,1.0
2,8,1519756562430000,0.0
2,8,1519756563329000,4.0
2,8,1519756565129999,3.0
2,8,1519756569599000,2.0
2,8,1519756571369000,3.0
2,8,1519756573144000,2.0
2,8,1519756574039000,3.0
2,8,1519756577550000,5.0
2,8,1519756579291000,3.0
2,8,1519756580100000,1.0
2,8,1519756581809999,0.0
2,8,1519756587449000,-1.0
2,8,1519756588951000,-4.0
2,8,1519756589790000,-3.0
2,8,1519756590569000,-4.0
2,8,1519756591469000,-3.0
2,8,1519756592401000,1.0
2,8,1519756593240000,2.0
2,8,1519756594140000,4.0
2,8,1519756595820000,2.0
2,8,1519756597678000,3.0
2,8,1519756598491000,4.0
2,8,1519756600079000,2.0
2,8,1519756600892000,1.0
2,8,1519756601641999,0.0
2,8,1519756602479000,1.0
2,8,1519756606379000,0.0
2,8,1519756607189000,-1.0
2,8,1519756609440000,0.0
2,8,1519756610189000,1.0
2,8,1519756617779000,0.0
2,8,1519756618529000,-1.0
2,8,1519756619279000,0.0
2,8,1519756620031000,1.0
2,8,1519756623929999,2.0
2,8,1519756626179000,-1.0
2,8,1519756626929000,-2.0
2,8,1519756627679000,0.0
2,8,1519756629179000,1.0
2,8,1519756633168000,0.0
2,8,1519756636769000,1.0
2,8,1519756637697999,0.0
2,8,1519756642288000,1.0
2,8,1519756644088000,0.0
2,8,1519756647719000,1.0
2,8,1519756648617999,2.0
2,8,1519756649519000,1.0
2,8,1519756650449000,-2.0
2,8,1519756651377999,0.0
2,8,1519756655937999,-2.0
2,8,1519756656838000,-3.0
2,8,1519756657768000,-2.0
2,8,1519756658669000,-1.0
2,8,1519756659569999,0.0
2,8,1519756660468000,-1.0
2,8,1519756662268000,0.0
2,8,1519756663168000,2.0
2,8,1519756664968000,0.0
2,8,1519756668568000,-1.0
2,8,1519756669468000,-2.0
2,8,1519756670368000,-1.0
2,8,1519756671268000,0.0
2,8,1519756672198000,-1.0
2,8,1519756673097000,-2.0
2,8,1519756674897999,-1.0
2,8,1519756678468000,0.0
2,8,1519756679367000,-2.0
2,8,1519756681168000,-1.0
2,8,1519756687437000,-2.0
2,8,1519756691038000,-3.0
2,8,1519756691939000,-2.0
2,8,1519756696288000,-1.0
2,8,1519756697968000,0.0
2,8,1519756701297000,-1.0
2,8,1519756703759000,0.0
2,8,1519756707659000,-1.0
2,8,1519756709187000,0.0
2,8,1519756712699000,-1.0
2,8,1519756724788000,-2.0
2,8,1519756725537999,-3.0
2,8,1519756728599000,-2.0
2,8,1519756729348000,-1.0
2,8,1519756730097999,0.0
2,8,1519756730849000,2.0
2,8,1519756733097000,1.0
2,8,1519756736097999,0.0
2,8,1519756739188000,-1.0
2,8,1519756746777999,-2.0
2,8,1519756748308000,-1.0
2,8,1519756749208000,-2.0
2,8,1519756757368000,-1.0
2,8,1519756758267000,-2.0
2,8,1519756776327000,-5.0
2,8,1519756778187000,-3.0
2,8,1519756779087000,-7.0
2,8,1519756781787000,-4.0
2,8,1519756783647000,-2.0
2,8,1519756784545999,0.0
2,8,1519756785547000,-3.0
2,8,1519756787048000,-5.0
2,8,1519756788876000,1.0
2,8,1519756790648000,0.0
2,8,1519756794070000,-2.0
2,8,1519756796297999,-1.0
2,8,1519756798251000,-2.0
2,8,1519756800175000,-1.0
2,8,1519756806200000,-2.0
2,8,1519756808095000,-3.0
2,8,1519756810325000,-2.0
2,8,1519756812307000,-1.0
2,8,1519756816430000,-3.0
2,8,1519756818739000,-4.0
2,8,1519756821049000,-3.0
2,8,1519756823276000,-2.0
2,8,1519756836145999,-3.0
2,8,1519756861885000,-2.0
2,8,1519756868649000,-3.0
2,8,1519756872694000,-2.0
2,8,1519756913862000,-3.0
2,8,1519756916006000,-2.0
2,8,1519756926729999,1.0
2,8,1519756929041999,-2.0
2,8,1519756931104000,-1.0
2,8,1519756933247000,0.0
2,8,1519756941635000,-1.0
2,8,1519756953761999,0.0
2,8,1519756959811000,-1.0
2,8,1519756974167000,-2.0
2,8,1519756992895000,-4.0
2,8,1519756994876000,-2.0
2,8,1519756996937000,0.0
2,8,1519756999246000,-1.0
2,8,1519757001309000,-3.0
2,8,1519757005764000,-2.0
2,8,1519757016983000,-1.0
2,8,1519757021440000,0.0
2,8,1519757023721999,1.0
2,8,1519757027956000,-2.0
2,8,1519757030680000,-1.0
2,8,1519757047425000,2.0
2,8,1519757049654000,1.0
2,8,1519757053947000,0.0
2,8,1519757058399000,-1.0
2,8,1519757107237000,-2.0
2,8,1519757116065000,0.0
2,8,1519757120521000,-2.0
2,8,1519757122665999,-3.0
2,8,1519757125059000,-2.0
2,8,1519757127532000,-4.0
2,8,1519757129679000,-5.0
2,8,1519757132152000,-4.0
2,8,1519757134470000,-1.0
2,8,1519757136937999,0.0
2,8,1519757143043000,1.0
2,8,1519757147415000,0.0
2,8,1519757149725000,-4.0
2,8,1519757151789000,-6.0
2,8,1519757154180000,-1.0
2,8,1519757156491000,-2.0
2,8,1519757158636000,0.0
2,8,1519757160532000,1.0
2,8,1519757162676000,-5.0
2,8,1519757164657999,0.0
2,8,1519757166886000,1.0
2,8,1519757185286000,-3.0
2,8,1519757187349000,-2.0
2,8,1519757189577000,-3.0
2,8,1519757191640000,0.0
2,8,1519757196177000,-1.0
2,8,1519757198405000,0.0
2,8,1519757200468000,1.0
2,8,1519757202860000,2.0
2,8,1519757205005000,1.0
2,8,1519757211357000,0.0
2,8,1519757216224000,-1.0
2,8,1519757220928000,-2.0
2,8,1519757225382000,-1.0
2,8,1519757238417000,0.0
2,8,1519757240397000,-1.0
2,8,1519757242792000,2.0
2,8,1519757244852000,0.0
2,8,1519757246913999,1.0
2,8,1519757251534000,3.0
2,8,1519757252715000,2.0
2,8,1519757255245000,1.0
2,8,1519757260251000,0.0
2,8,1519757261103000,-3.0
2,8,1519757262782000,-1.0
2,8,1519757263607000,-3.0
2,8,1519757265284000,-1.0
2,8,1519757266934000,0.0
2,8,1519757271113000,-2.0
2,8,1519757271939000,-3.0
2,8,1519757273645000,-2.0
2,8,1519757274469000,-1.0
2,8,1519757276118000,1.0
2,8,1519757281014000,0.0
2,8,1519757291823000,-1.0
2,8,1519757292647000,-3.0
2,8,1519757294297000,-2.0
2,8,1519757295121000,-1.0
2,8,1519757300072000,-2.0
2,8,1519757300896000,-1.0
2,8,1519757301694000,1.0
2,8,1519757304993999,0.0
2,8,1519757307468000,-1.0
2,8,1519757308294000,-2.0
2,8,1519757312417999,-1.0
2,8,1519757314067000,0.0
2,8,1519757318221000,1.0
2,8,1519757319872000,0.0
2,8,1519757325646000,1.0
2,8,1519757328975000,0.0
2,8,1519757330623000,-1.0
2,8,1519757333180000,0.0
2,8,1519757335656000,-1.0
2,8,1519757336508000,-3.0
2,8,1519757337333000,-2.0
2,8,1519757338983000,-1.0
2,8,1519757339808000,1.0
2,8,1519757340633000,0.0
2,8,1519757341459000,-3.0
2,8,1519757343108000,-1.0
2,8,1519757345583000,2.0
2,8,1519757348883000,0.0
2,8,1519757353036000,1.0
2,8,1519757357188000,0.0
2,8,1519757365520000,-1.0
2,8,1519757366345999,-2.0
2,8,1519757367169999,-1.0
2,8,1519757367995000,-3.0
2,8,1519757368821000,-4.0
2,8,1519757369673000,-3.0
2,8,1519757370525000,-2.0
2,8,1519757372175000,-3.0
2,8,1519757373853000,-1.0
2,8,1519757375503000,-3.0
2,8,1519757376328000,-1.0
2,8,1519757377152000,0.0
2,8,1519757380481000,-1.0
2,8,1519757381305999,-3.0
2,8,1519757382129999,-2.0
2,8,1519757382983000,0.0
2,8,1519757383836000,-2.0
2,8,1519757390463000,-1.0
2,8,1519757391288000,0.0
2,8,1519757392112000,1.0
2,8,1519757394643000,0.0
2,8,1519757395468000,-1.0
2,8,1519757396293000,0.0
2,8,1519757402975000,-1.0
2,8,1519757406275000,-2.0
2,8,1519757408750000,-1.0
2,8,1519757409575000,-2.0
2,8,1519757410400000,-1.0
2,8,1519757411225000,0.0
2,8,1519757413700000,-1.0
2,8,1519757415351000,-2.0
2,8,1519757416175000,-3.0
2,8,1519757418679000,-2.0
2,8,1519757419503000,-3.0
2,8,1519757422033000,-2.0
2,8,1519757422857999,-1.0
2,8,1519757424508000,-2.0
2,8,1519757425333000,-1.0
2,8,1519757426157000,1.0
2,8,1519757427808000,-1.0
2,8,1519757428633000,-3.0
2,8,1519757429485000,-2.0
2,8,1519757430310000,-1.0
2,8,1519757431134000,0.0
2,8,1519757438588000,-1.0
2,8,1519757440238000,0.0
2,8,1519757441888000,-1.0
2,8,1519757445187000,-2.0
2,8,1519757449340000,-1.0
2,8,1519757450164000,1.0
2,8,1519757453465000,0.0
2,8,1519757454289999,-3.0
2,8,1519757455115000,-1.0
2,8,1519757455939000,1.0
2,8,1519757460119000,0.0
2,8,1519757484237000,-1.0
2,8,1519757497574000,-5.0
2,8,1519757498401000,-3.0
2,8,1519757501700000,-2.0
2,8,1519757502552000,0.0
2,8,1519757503432000,1.0
2,8,1519757504257000,0.0
2,8,1519757510059000,-1.0
2,8,1519757510884000,-3.0
2,8,1519757512534000,-2.0
2,8,1519757515064000,0.0
2,8,1519757515889999,2.0
2,8,1519757518419000,0.0
2,8,1519757520069000,-1.0
2,8,1519757520894000,-3.0
2,8,1519757522545000,1.0
2,8,1519757523397000,0.0
2,8,1519757524222000,-2.0
2,8,1519757525048000,-1.0
2,8,1519757525872000,0.0
2,8,1519757529199000,2.0
2,8,1519757530849000,1.0
2,8,1519757534176000,0.0
2,8,1519757537393999,-1.0
2,8,1519757538247000,-2.0
2,8,1519757539952000,-1.0
2,8,1519757540777000,-2.0
2,8,1519757541603000,-1.0
2,8,1519757543279000,-2.0
2,8,1519757544103000,-1.0
2,8,1519757548257000,-2.0
2,8,1519757549934000,-1.0
2,8,1519757550759000,-2.0
2,8,1519757554884000,0.0
2,8,1519757555708000,-3.0
2,8,1519757556505999,-2.0
2,8,1519757557331000,1.0
2,8,1519757558156000,0.0
2,8,1519757559807000,-1.0
2,8,1519757560632000,-2.0
2,8,1519757563932000,-1.0
2,8,1519757564757000,0.0
2,8,1519757570559000,-1.0
2,8,1519757571384000,-3.0
2,8,1519757573064000,-4.0
2,8,1519757578065999,-2.0
2,8,1519757578892000,-1.0
2,8,1519757580569999,0.0
2,8,1519757582219000,1.0
2,8,1519757583044000,2.0
2,8,1519757588049000,-1.0
2,8,1519757588873999,-3.0
2,8,1519757589700000,1.0
2,8,1519757593824000,0.0
2,8,1519757600479000,-1.0
2,8,1519757630399000,-2.0
2,8,1519757631223000,-3.0
2,8,1519757633808000,-2.0
2,8,1519757635457999,-3.0
2,8,1519757637988000,-2.0
2,8,1519757638813000,-1.0
2,8,1519757642140000,-3.0
2,8,1519757643791000,-2.0
2,8,1519757648796000,-1.0
2,8,1519757649621000,0.0
2,8,1519757651272000,-2.0
2,8,1519757652948000,-1.0
2,8,1519757653773000,0.0
2,8,1519757655451000,1.0
2,8,1519757659603000,0.0
2,8,1519757660428000,-3.0
2,8,1519757661253000,-4.0
2,8,1519757662078000,-1.0
2,8,1519757662931000,-2.0
2,8,1519757663783000,-3.0
2,8,1519757664608000,-2.0
2,8,1519757665433000,0.0
2,8,1519757667936000,1.0
2,8,1519757671236000,0.0
2,8,1519757677120000,-1.0
2,8,1519757677945000,-2.0
2,8,1519757681245000,-3.0
2,8,1519757682070000,-4.0
2,8,1519757683748000,-3.0
2,8,1519757685398000,-1.0
2,8,1519757686222000,0.0
2,8,1519757688726000,-1.0
2,8,1519757690376000,-2.0
2,8,1519757691200000,-3.0
2,8,1519757692024000,-2.0
2,8,1519757693703000,-1.0
2,8,1519757694529000,-2.0
2,8,1519757699478000,-3.0
2,8,1519757700304000,-2.0
2,8,1519757704537999,-1.0
2,8,1519757706187000,0.0
2,8,1519757709571000,-2.0
2,8,1519757710395000,-3.0
2,8,1519757712897999,-2.0
2,8,1519757713723000,-1.0
2,8,1519757717049999,0.0
2,8,1519757717903000,2.0
2,8,1519757719580000,1.0
2,8,1519757720433000,0.0
2,8,1519757721285000,-1.0
2,8,1519757722109000,-2.0
2,8,1519757722990000,-1.0
2,8,1519757725492000,1.0
2,8,1519757729645000,-1.0
2,8,1519757736300000,0.0
2,8,1519757737124000,1.0
2,8,1519757738801999,0.0
2,8,1519757744605000,-1.0
2,8,1519757747905000,0.0
2,8,1519757760417000,-3.0
2,8,1519757761241999,-4.0
2,8,1519757762920000,-1.0
2,8,1519757763800000,-2.0
2,8,1519757764625000,-3.0
2,8,1519757765449999,-1.0
2,8,1519757766275000,-3.0
2,8,1519757767924000,0.0
2,8,1519757768750000,1.0
2,8,1519757772049999,0.0
2,8,1519757780356000,-2.0
2,8,1519757781179000,-3.0
2,8,1519757783681999,-2.0
2,8,1519757784507000,-1.0
2,8,1519757786157000,-3.0
2,8,1519757787807000,-2.0
2,8,1519757788632000,0.0
2,8,1519757789457000,-1.0
2,8,1519757790310000,-3.0
2,8,1519757793527000,-2.0
2,8,1519757796001999,-1.0
2,8,1519757796854000,0.0
2,8,1519757797679000,1.0
2,8,1519757799329000,2.0
2,8,1519757800153999,1.0
2,8,1519757802657000,-1.0
2,8,1519757803509000,0.0
2,8,1519757809312000,-1.0
2,8,1519757810961999,-2.0
2,8,1519757812612000,-3.0
2,8,1519757813464000,-2.0
2,8,1519757814289000,0.0
2,8,1519757816764000,-1.0
2,8,1519757820889000,-2.0
2,8,1519757822539000,-1.0
2,8,1519757837609000,-2.0
2,8,1519757847564000,-4.0
2,8,1519757848417000,-3.0
2,8,1519757851717000,-4.0
2,8,1519757853395000,-3.0
2,8,1519757855869000,-4.0
2,8,1519757856694000,-2.0
2,8,1519757859279000,-3.0
2,8,1519757860103000,-1.0
2,8,1519757860929000,-2.0
2,8,1519757861757000,-4.0
2,8,1519757863404000,-2.0
2,8,1519757864256000,-3.0
2,8,1519757865081000,-2.0
2,8,1519757865905999,-1.0
2,8,1519757867556000,-2.0
2,8,1519757869233999,-1.0
2,8,1519757870060000,-2.0
2,8,1519757870884000,-3.0
2,8,1519757871709000,-2.0
2,8,1519757872534000,-1.0
2,8,1519757875009000,-2.0
2,8,1519757875806000,-3.0
2,8,1519757876604000,-2.0
2,8,1519757877429000,-3.0
2,8,1519757879105000,-2.0
2,8,1519757879931000,-1.0
2,8,1519757882435000,-2.0
2,8,1519757883287000,-3.0
2,8,1519757885789000,-1.0
2,8,1519757887438000,0.0
2,8,1519757888264000,-1.0
2,8,1519757889089999,-2.0
2,8,1519757889913999,-1.0
2,8,1519757892416000,-2.0
2,8,1519757894120000,0.0
2,8,1519757895771000,1.0
2,8,1519757898246000,0.0
2,8,1519757899071000,-3.0
2,8,1519757900721000,-2.0
2,8,1519757901545999,-1.0
2,8,1519757902371000,-2.0
2,8,1519757904901000,-1.0
2,8,1519757908201000,-2.0
2,8,1519757909852000,-1.0
2,8,1519757917305000,-3.0
2,8,1519757918129000,-4.0
2,8,1519757919779000,-2.0
2,8,1519757920633999,-3.0
2,8,1519757923960000,-4.0
2,8,1519757925611000,-5.0
2,8,1519757927262000,-4.0
2,8,1519757928113000,-3.0
2,8,1519757928939000,-2.0
2,8,1519757929763000,-1.0
2,8,1519757930588000,0.0
2,8,1519757931414000,1.0
2,8,1519757933118000,0.0
2,8,1519757937244000,-4.0
2,8,1519757938921000,-1.0
2,8,1519757939719000,-4.0
2,8,1519757941369000,-2.0
2,8,1519757943047000,-3.0
2,8,1519757943871000,0.0
2,8,1519757944696000,1.0
2,8,1519757948079000,0.0
2,8,1519757951407000,-1.0
2,8,1519757960564000,-2.0
2,8,1519757961417000,-3.0
2,8,1519757968097999,-4.0
2,8,1519757968925000,-2.0
2,8,1519757973984000,-3.0
2,8,1519757978961000,-2.0
2,8,1519757981437000,-6.0
2,8,1519757982261000,-4.0
2,8,1519757983113000,-2.0
2,8,1519757983940000,-1.0
2,8,1519757985589000,0.0
2,8,1519757989741000,-1.0
2,8,1519757993865999,-2.0
2,8,1519758009761999,-3.0
2,8,1519758010585999,-2.0
2,8,1519758023841000,-4.0
2,8,1519758024665999,-3.0
2,8,1519758026316000,-4.0
2,8,1519758029671000,-3.0
2,8,1519758032971000,-1.0
2,8,1519758038774000,-2.0
2,8,1519758039625999,-4.0
2,8,1519758040451000,-3.0
2,8,1519758044604000,-4.0
2,8,1519758045429000,-3.0
2,8,1519758046253000,-4.0
2,8,1519758047105000,-1.0
2,8,1519758047931000,0.0
2,8,1519758048783000,-1.0
2,8,1519758052908000,-2.0
2,8,1519758057913000,-3.0
2,8,1519758059563000,-2.0
2,8,1519758071251000,-3.0
2,8,1519758073781000,-4.0
2,8,1519758074633000,-3.0
2,8,1519758077933000,-4.0
2,8,1519758080435000,-3.0
2,8,1519758092921000,-6.0
2,8,1519758094628000,-5.0
2,8,1519758095451000,-4.0
2,8,1519758099657999,-3.0
2,8,1519758113765000,-2.0
2,8,1519758122043000,-1.0
2,8,1519758141265000,-2.0
2,8,1519758151193000,-1.0
2,8,1519758155345000,-3.0
2,8,1519758156169999,-4.0
2,8,1519758157820000,-2.0
2,8,1519758158700000,0.0
2,8,1519758160350000,-1.0
2,8,1519758161174000,-2.0
2,8,1519758162000000,-5.0
2,8,1519758162825000,-4.0
2,8,1519758164502000,-3.0
2,8,1519758165327000,-2.0
2,8,1519758168656000,-3.0
2,8,1519758169507000,-4.0
2,8,1519758172009999,-3.0
2,8,1519758172835000,-2.0
2,8,1519758173715000,-1.0
2,8,1519758178664000,-2.0
2,8,1519758182845000,-1.0
2,8,1519758186172000,-2.0
2,8,1519758186997000,-3.0
2,8,1519758188675000,-2.0
2,8,1519758189500000,2.0
2,8,1519758191177000,1.0
2,8,1519758193652000,0.0
2,8,1519758194477000,-1.0
2,8,1519758197804000,-2.0
2,8,1519758212792000,-1.0
2,8,1519758219447000,0.0
2,8,1519758220271000,-1.0
2,8,1519758224479000,0.0
2,8,1519758225332000,1.0
2,8,1519758226982000,0.0
2,8,1519758229512000,-1.0
2,8,1519758231987000,-2.0
2,8,1519758246920000,-1.0
2,8,1519758247743000,-2.0
2,8,1519758253601999,-4.0
2,8,1519758254428000,-5.0
2,8,1519758256901000,-4.0
2,8,1519758257727000,-3.0
2,8,1519758258551000,-2.0
2,8,1519758259404000,-1.0
2,8,1519758260229000,0.0
2,8,1519758266911000,-1.0
2,8,1519758275188000,-2.0
2,8,1519758306016000,-5.0
2,8,1519758307665000,-3.0
2,8,1519758308491000,-2.0
2,8,1519758309343000,-3.0
2,8,1519758310992000,-2.0
2,8,1519758315173000,-1.0
2,8,1519758321003000,-2.0
2,8,1519758325981000,-3.0
2,8,1519758328483000,-2.0
2,8,1519758336788000,-3.0
2,8,1519758347651000,-2.0
2,8,1519758353508000,-1.0
2,8,1519758357633000,0.0
2,8,1519758358513000,-1.0
2,8,1519758369265000,-2.0
2,8,1519758376773000,-3.0
2,8,1519758385958000,-2.0
2,8,1519758402595000,-1.0
2,8,1519758410129000,-2.0
2,8,1519758420937000,-4.0
2,8,1519758421763000,-5.0
2,8,1519758422588000,-4.0
2,8,1519758423440000,-2.0
2,8,1519758424265000,-3.0
2,8,1519758425089000,-4.0
2,8,1519758427564000,-5.0
2,8,1519758428390000,-3.0
2,8,1519758429214000,0.0
2,8,1519758430837000,-1.0
2,8,1519758435815000,-2.0
2,8,1519758447502000,-3.0
2,8,1519758454900000,-2.0
2,8,1519758458200000,-3.0
2,8,1519758462352000,-1.0
2,8,1519758465708000,-2.0
2,8,1519758469036000,-5.0
2,8,1519758469859000,-3.0
2,8,1519758472335000,-2.0
2,8,1519758490567000,-3.0
2,8,1519758498047000,-4.0
2,8,1519758500521999,-3.0
2,8,1519758504702000,-2.0
2,8,1519758515591000,0.0
2,8,1519758516417000,1.0
2,8,1519758517241999,0.0
2,8,1519758522219000,-1.0
2,8,1519758523045000,-4.0
2,8,1519758527224000,-1.0
2,8,1519758528049000,2.0
2,8,1519758529727000,1.0
2,8,1519758530607000,-1.0
2,8,1519758535584000,-4.0
2,8,1519758538884000,-3.0
2,8,1519758541360000,-2.0
2,8,1519758557171000,-3.0
2,8,1519758562148000,-2.0
2,8,1519758562974000,0.0
2,8,1519758567126000,-1.0
2,8,1519758568804000,-4.0
2,8,1519758569629000,-2.0
2,8,1519758570454000,-1.0
2,8,1519758572929000,-2.0
2,8,1519758573781000,-5.0
2,8,1519758574605000,-4.0
2,8,1519758577080000,-3.0
2,8,1519758578759000,-4.0
2,8,1519758579583000,-3.0
2,8,1519758587036000,-2.0
2,8,1519758597816000,0.0
2,8,1519758598668000,-1.0
2,8,1519758600372000,-5.0
2,8,1519758601225999,-4.0
2,8,1519758603701000,-3.0
2,8,1519758604553000,0.0
2,8,1519758606203000,-1.0
2,8,1519758610356000,-2.0
2,8,1519758611180000,-4.0
2,8,1519758612005000,-5.0
2,8,1519758613683000,-3.0
2,8,1519758615333000,0.0
2,8,1519758616983000,-2.0
2,8,1519758617808000,-3.0
2,8,1519758618661000,-1.0
2,8,1519758619486000,1.0
2,8,1519758620337999,-1.0
2,8,1519758621135000,-2.0
2,8,1519758621933000,-3.0
2,8,1519758622758000,-4.0
2,8,1519758626912000,-3.0
2,8,1519758628588000,-2.0
2,8,1519758629413000,-1.0
2,8,1519758631063000,-2.0
2,8,1519758638569999,-3.0
2,8,1519758646848000,-2.0
2,8,1519758647673000,0.0
2,8,1519758650147000,-1.0
2,8,1519758653475000,-2.0
2,8,1519758671737000,-3.0
2,8,1519758688321000,-4.0
2,8,1519758689201000,-2.0
2,8,1519758690030000,-1.0
2,8,1519758691704000,-2.0
2,8,1519758692528000,-5.0
2,8,1519758694177999,-4.0
2,8,1519758698304000,-3.0
2,8,1519758699156000,-1.0
2,8,1519758704105000,-2.0
2,8,1519758706553999,-3.0
2,8,1519758707324000,-7.0
2,8,1519758708120000,-3.0
2,8,1519758708974000,-1.0
2,8,1519758709799000,-2.0
2,8,1519758712313000,-3.0
2,8,1519758713126000,-7.0
2,8,1519758713979000,-5.0
2,8,1519758715686000,-4.0
2,8,1519758720662000,-5.0
2,8,1519758721487000,-1.0
2,8,1519758722311000,0.0
2,8,1519758724043000,-3.0
2,8,1519758724870000,-5.0
2,8,1519758725694000,0.0
2,8,1519758726519000,-2.0
2,8,1519758727316000,-3.0
2,8,1519758728140000,-5.0
2,8,1519758728967000,-4.0
2,8,1519758729791000,-3.0
2,8,1519758730616000,-2.0
2,8,1519758732265999,-1.0
2,8,1519758733089999,0.0
2,8,1519758733947000,2.0
2,8,1519758735649000,-2.0
2,8,1519758736473999,-5.0
2,8,1519758738123000,-2.0
2,8,1519758738976000,-4.0
2,8,1519758743985999,-5.0
2,8,1519758744807000,-4.0
2,8,1519758748133000,-2.0
2,8,1519758748959000,-1.0
2,8,1519758751461000,-2.0
2,8,1519758753964000,-3.0
2,8,1519758757263000,-8.0
2,8,1519758758088000,-4.0
2,8,1519758758997000,-2.0
2,8,1519758761471000,-6.0
2,8,1519758763120000,-1.0
2,8,1519758765624000,-2.0
2,8,1519758766448000,-3.0
2,8,1519758767273999,-8.0
2,8,1519758768125000,-4.0
2,8,1519758768950000,-3.0
2,8,1519758769776000,0.0
2,8,1519758770600000,1.0
2,8,1519758771425999,0.0
2,8,1519758772279000,-3.0
2,8,1519758773103000,-4.0
2,8,1519758776459000,-3.0
2,8,1519758777283000,-4.0
2,8,1519758778135000,-5.0
2,8,1519758778989000,-4.0
2,8,1519758779814000,-3.0
2,8,1519758783140000,-4.0
2,8,1519758789025999,-1.0
2,8,1519758789878000,-2.0
2,8,1519758790703000,-3.0
2,8,1519758791528000,-8.0
2,8,1519758792381000,-6.0
2,8,1519758793205000,-4.0
2,8,1519758794086000,-2.0
2,8,1519758794911000,-7.0
2,8,1519758799118000,-5.0
2,8,1519758801621000,-4.0
2,8,1519758806598000,-3.0
2,8,1519758810750000,-2.0
2,8,1519758812401000,-1.0
2,8,1519758815701000,-2.0
2,8,1519758817350000,-1.0
2,8,1519758818176000,-3.0
2,8,1519758819028000,-4.0
2,8,1519758820678000,-3.0
2,8,1519758821503000,-2.0
2,8,1519758822329000,-6.0
2,8,1519758823153999,-7.0
2,8,1519758826480000,-6.0
2,8,1519758827305999,-4.0
2,8,1519758829009999,-1.0
2,8,1519758831486000,1.0
2,8,1519758832337999,-2.0
2,8,1519758833991000,-4.0
2,8,1519758834813000,-3.0
2,8,1519758837315000,-1.0
2,8,1519758839819000,0.0
2,8,1519758840644000,2.0
2,8,1519758841468000,1.0
2,8,1519758842293000,-1.0
2,8,1519758843145000,-4.0
2,8,1519758844851000,-3.0
2,8,1519758845675000,-1.0
2,8,1519758846500000,-7.0
2,8,1519758847325000,-3.0
2,8,1519758848149000,-1.0
2,8,1519758849004000,-3.0
2,8,1519758853127000,-2.0
2,8,1519758854008000,-1.0
2,8,1519758854833999,0.0
2,8,1519758856483000,-1.0
2,8,1519758857307000,-2.0
2,8,1519758858132000,-1.0
2,8,1519758858958000,0.0
2,8,1519758859783000,-2.0
2,8,1519758860635000,-3.0
2,8,1519758863990000,-2.0
2,8,1519758864816000,1.0
2,8,1519758865640000,2.0
2,8,1519758866465000,1.0
2,8,1519758867289999,-1.0
2,8,1519758868113999,-2.0
2,8,1519758868968000,1.0
2,8,1519758869793000,-3.0
2,8,1519758870619000,-4.0
2,8,1519758871443000,-3.0
2,8,1519758872268000,0.0
2,8,1519758873094000,-3.0
2,8,1519758873945000,-2.0
2,8,1519758874769999,-1.0
2,8,1519758876420000,-2.0
2,8,1519758877244000,-4.0
2,8,1519758878070000,-5.0
2,8,1519758880573000,-4.0
2,8,1519758883928000,-2.0
2,8,1519758884753000,-1.0
2,8,1519758888081000,0.0
2,8,1519758888960000,1.0
2,8,1519758890637000,-1.0
2,8,1519758891462000,-4.0
2,8,1519758896440000,-3.0
2,8,1519758897265000,-1.0
2,8,1519758898943000,-2.0
2,8,1519758900620000,-8.0
2,8,1519758902270000,-6.0
2,8,1519758903094000,-3.0
2,8,1519758904745000,0.0
2,8,1519758907247000,-1.0
2,8,1519758909751000,-2.0
2,8,1519758911401000,-4.0
2,8,1519758912225000,-5.0
2,8,1519758914727000,-4.0
2,8,1519758917201999,-3.0
2,8,1519758921273000,-2.0
2,8,1519758924600000,-3.0
2,8,1519758925480000,-5.0
2,8,1519758927129000,-4.0
2,8,1519758931323000,-3.0
2,8,1519758934637000,-2.0
2,8,1519758941265999,-1.0
2,8,1519758942089000,0.0
2,8,1519758942942000,1.0
2,8,1519758943767000,0.0
2,8,1519758946241999,1.0
2,8,1519758947067000,0.0
2,8,1519758947892000,-2.0
2,8,1519758948772000,-1.0
2,8,1519758949597000,0.0
2,8,1519758950422000,-1.0
2,8,1519758951247000,-2.0
2,8,1519758952071000,-3.0
2,8,1519758952897999,-4.0
2,8,1519758953749000,-3.0
2,8,1519758954575000,-2.0
2,8,1519758955399000,-3.0
2,8,1519758957049000,-1.0
2,8,1519758959581000,-2.0
2,8,1519758960405000,-5.0
2,8,1519758961999000,-3.0
2,8,1519758962825999,-2.0
2,8,1519758963649999,-1.0
2,8,1519758964473999,-2.0
2,8,1519758966949000,-3.0
2,8,1519758971955000,-4.0
2,8,1519758973659000,-3.0
2,8,1519758986913999,-2.0
2,8,1519758988564000,-3.0
2,8,1519758994366000,0.0
2,8,1519758995191000,-1.0
2,8,1519758996017000,-3.0
2,8,1519758999344000,-1.0
2,8,1519759000169000,-2.0
2,8,1519759000995000,-1.0
2,8,1519759001821000,0.0
2,8,1519759002671000,-1.0
2,8,1519759004349000,-2.0
2,8,1519759005173000,-5.0
2,8,1519759005998000,-6.0
2,8,1519759006824000,-4.0
2,8,1519759007649000,-3.0
2,8,1519759008473999,0.0
2,8,1519759009353999,1.0
2,8,1519759010177999,0.0
2,8,1519759011831000,-3.0
2,8,1519759013479000,-2.0
2,8,1519759015953999,-3.0
2,8,1519759019308000,-2.0
2,8,1519759020133000,-1.0
2,8,1519759020960000,0.0
2,8,1519759021784000,-1.0
2,8,1519759024286000,0.0
2,8,1519759025111000,-1.0
2,8,1519759025936000,-3.0
2,8,1519759026763000,-2.0
2,8,1519759027585999,0.0
2,8,1519759030969999,-1.0
2,8,1519759031793999,-4.0
2,8,1519759032619000,-5.0
2,8,1519759033444000,-4.0
2,8,1519759034296000,-5.0
2,8,1519759035120000,-3.0
2,8,1519759035945999,-2.0
2,8,1519759036771000,-3.0
2,8,1519759039301000,-5.0
2,8,1519759040125000,-6.0
2,8,1519759040952000,-3.0
2,8,1519759041777000,-5.0
2,8,1519759043425999,-6.0
2,8,1519759044279000,-5.0
2,8,1519759045103000,-3.0
2,8,1519759046753999,-2.0
2,8,1519759047579000,-1.0
2,8,1519759049228000,1.0
2,8,1519759050053000,0.0
2,8,1519759053353999,-2.0
2,8,1519759054205000,-3.0
2,8,1519759055031000,-1.0
2,8,1519759058359000,-6.0
2,8,1519759061741000,-5.0
2,8,1519759064243000,-4.0
2,8,1519759065068000,-3.0
2,8,1519759067544000,-2.0
2,8,1519759068368000,0.0
2,8,1519759070871000,-2.0
2,8,1519759071696000,-3.0
2,8,1519759072521000,-5.0
2,8,1519759073345999,-4.0
2,8,1519759074225000,-3.0
2,8,1519759076702000,-4.0
2,8,1519759078377999,-3.0
2,8,1519759080881000,-1.0
2,8,1519759082531000,-3.0
2,8,1519759083356000,-5.0
2,8,1519759085033000,-3.0
2,8,1519759085859000,-1.0
2,8,1519759087507000,-2.0
2,8,1519759091661000,-3.0
2,8,1519759092486000,-5.0
2,8,1519759093310000,-4.0
2,8,1519759094961000,-3.0
2,8,1519759095785999,-2.0
2,8,1519759096609999,-1.0
2,8,1519759097436000,0.0
2,8,1519759099939000,-3.0
2,8,1519759100763000,-5.0
2,8,1519759102413000,-4.0
2,8,1519759104063000,-5.0
2,8,1519759105713000,-4.0
2,8,1519759110718000,-3.0
2,8,1519759111569999,-2.0
2,8,1519759112395000,-3.0
2,8,1519759113220000,0.0
2,8,1519759114073999,1.0
2,8,1519759114899000,2.0
2,8,1519759115751000,1.0
2,8,1519759117401000,0.0
2,8,1519759120783000,-3.0
2,8,1519759121609000,-5.0
2,8,1519759123257999,-6.0
2,8,1519759125760000,-5.0
2,8,1519759128235000,-4.0
2,8,1519759129115000,-3.0
2,8,1519759129940000,-1.0
2,8,1519759131590000,0.0
2,8,1519759132415000,1.0
2,8,1519759133268000,0.0
2,8,1519759135769999,-2.0
2,8,1519759136595000,-1.0
2,8,1519759137420000,-2.0
2,8,1519759138244000,-3.0
2,8,1519759139078000,-5.0
2,8,1519759139895000,-6.0
2,8,1519759140720000,-4.0
2,8,1519759141545000,-2.0
2,8,1519759144873000,-3.0
2,8,1519759145725000,-6.0
2,8,1519759147374000,-4.0
2,8,1519759148200000,-3.0
2,8,1519759149905000,-2.0
2,8,1519759151555000,0.0
2,8,1519759157329000,-1.0
2,8,1519759159805000,-2.0
2,8,1519759160630000,-3.0
2,8,1519759182987000,-4.0
2,8,1519759183840000,-5.0
2,8,1519759186315000,-4.0
2,8,1519759187167000,-3.0
2,8,1519759188817000,-2.0
2,8,1519759189643000,-1.0
2,8,1519759190467000,0.0
2,8,1519759192117000,-1.0
2,8,1519759195472000,-2.0
2,8,1519759199680000,-3.0
2,8,1519759231305000,-2.0
2,8,1519759232129000,1.0
2,8,1519759233009000,2.0
2,8,1519759233835000,1.0
2,8,1519759235484000,-1.0
2,8,1519759238813000,-2.0
2,8,1519759241259000,-3.0
2,8,1519759247089000,-2.0
2,8,1519759248793999,-3.0
2,8,1519759249620000,-2.0
2,8,1519759298651000,-3.0
2,8,1519759300329000,-2.0
2,8,1519759301155000,-1.0
2,8,1519759310229000,-2.0
2,8,1519759318588000,-1.0
2,8,1519759322769999,-2.0
2,8,1519759362729000,-3.0
2,8,1519759366057999,-2.0
2,8,1519759415115000,-3.0
2,8,1519759441625999,-2.0
2,8,1519759470006000,-1.0
2,8,1519759471657000,-2.0
2,8,1519759486259000,-1.0
2,8,1519759488487000,-3.0
2,8,1519759490631000,0.0
2,8,1519759492777999,-2.0
2,8,1519759496819000,-3.0
2,8,1519759503337000,-2.0
2,8,1519759520001999,-1.0
2,8,1519759522036000,-3.0
2,8,1519759523961000,-4.0
2,8,1519759525941000,-2.0
2,8,1519759528086000,-1.0
2,8,1519759531967000,-2.0
2,8,1519759536171000,-3.0
2,8,1519759538399000,-1.0
2,8,1519759540516000,0.0
2,8,1519759542605000,-5.0
2,8,1519759544999000,-2.0
2,8,1519759547143000,-3.0
2,8,1519759553743000,-1.0
2,8,1519759558280000,-2.0
2,8,1519759565047000,-3.0
2,8,1519759567272000,0.0
2,8,1519759571977999,-1.0
2,8,1519759574285000,-2.0
2,8,1519759580885000,-5.0
2,8,1519759585175000,-1.0
2,8,1519759590044000,-2.0
2,8,1519759592518000,-5.0
2,8,1519759596892000,-4.0
2,8,1519759603572000,0.0
2,8,1519759607945000,-2.0
2,8,1519759610172000,-3.0
2,8,1519759612233999,-2.0
2,8,1519759614545000,-3.0
2,8,1519759616689999,-4.0
2,8,1519759618919000,-2.0
2,8,1519759621144000,-1.0
2,8,1519759625765000,-2.0
2,8,1519759631953999,-3.0
2,8,1519759636325000,-2.0
2,8,1519759638470000,0.0
2,8,1519759642679000,-2.0
2,8,1519759644657999,-1.0
2,8,1519759646805000,0.0
2,8,1519759649030000,-1.0
2,8,1519759653485000,-4.0
2,8,1519759655878000,-2.0
2,8,1519759658104000,-1.0
2,8,1519759662724000,-3.0
2,8,1519759667179000,-4.0
2,8,1519759669407000,-3.0
2,8,1519759681753999,-2.0
2,8,1519759682577999,-3.0
2,8,1519759685934000,-2.0
2,8,1519759686759000,-3.0
2,8,1519759689233999,-4.0
2,8,1519759691764000,-2.0
2,8,1519759693414000,-1.0
2,8,1519759694239000,0.0
2,8,1519759698419000,-1.0
2,8,1519759701057999,-2.0
2,8,1519759702736000,-3.0
2,8,1519759703561000,-2.0
2,8,1519759704387000,-3.0
2,8,1519759705239000,-4.0
2,8,1519759711921000,-3.0
2,8,1519759713599000,-2.0
2,8,1519759716073000,-1.0
2,8,1519759717750000,0.0
2,8,1519759728613000,-1.0
2,8,1519759730263000,-2.0
2,8,1519759735240000,-1.0
2,8,1519759737716000,-2.0
2,8,1519759742693000,-3.0
2,8,1519759744343000,-4.0
2,8,1519759745993000,-3.0
2,8,1519759749294000,-2.0
2,8,1519759755095000,-3.0
2,8,1519759756745999,-2.0
2,8,1519759765024000,-3.0
2,8,1519759769973000,-2.0
2,8,1519759776601000,-3.0
2,8,1519759778252000,-4.0
2,8,1519759784081000,-3.0
2,8,1519759784907000,-2.0
2,8,1519759789112000,-1.0
2,8,1519759794117000,-2.0
2,8,1519759795823000,-1.0
2,8,1519759797473000,-2.0
2,8,1519759799150000,-3.0
2,8,1519759800801000,-4.0
2,8,1519759801653000,-5.0
2,8,1519759805008000,-4.0
2,8,1519759811691000,-7.0
2,8,1519759812515000,-3.0
2,8,1519759813340000,-1.0
2,8,1519759814165000,0.0
2,8,1519759815045000,-1.0
2,8,1519759816695000,-3.0
2,8,1519759817520000,-4.0
2,8,1519759818345000,-1.0
2,8,1519759820051000,-5.0
2,8,1519759820876000,-4.0
2,8,1519759821701000,-1.0
2,8,1519759824175000,-2.0
2,8,1519759825031000,-8.0
2,8,1519759830913000,-7.0
2,8,1519759834132000,-6.0
2,8,1519759835780000,-4.0
2,8,1519759836577999,1.0
2,8,1519759838201000,-4.0
2,8,1519759839025000,-2.0
2,8,1519759839851000,0.0
2,8,1519759841500000,1.0
2,8,1519759843150000,2.0
2,8,1519759844003000,3.0
2,8,1519759845681000,0.0
2,8,1519759848155000,-2.0
2,8,1519759849833000,-1.0
2,8,1519759850657999,-2.0
2,8,1519759852307000,-3.0
2,8,1519759853132000,-4.0
2,8,1519759853957000,-9.0
2,8,1519759854811000,-8.0
2,8,1519759856460000,-7.0
2,8,1519759858935000,-6.0
2,8,1519759862233999,-5.0
2,8,1519759864709000,-4.0
2,8,1519759865561000,-3.0
2,8,1519759867267000,-4.0
2,8,1519759870623000,-5.0
2,8,1519759871449000,-6.0
2,8,1519759873126000,-10.0
2,8,1519759873950000,-4.0
2,8,1519759874777999,70.0
2,8,1519759875601000,106.0
2,8,1519759876427000,117.0
2,8,1519759877279000,113.0
2,8,1519759878104000,109.0
2,8,1519759878929000,105.0
2,8,1519759879753999,101.0
2,8,1519759880607000,97.0
2,8,1519759881432000,94.0
2,8,1519759882257000,91.0
2,8,1519759883084000,88.0
2,8,1519759883908000,85.0
2,8,1519759884733000,82.0
2,8,1519759885558000,80.0
2,8,1519759886409000,77.0
2,8,1519759887235000,75.0
2,8,1519759888060000,66.0
2,8,1519759888885000,40.0
2,8,1519759889710000,22.0
2,8,1519759890537000,13.0
2,8,1519759891387000,8.0
2,8,1519759892212000,1.0
2,8,1519759893041000,-6.0
2,8,1519759893863000,-9.0
2,8,1519759894716000,-10.0
2,8,1519759895540000,-11.0
2,8,1519759896340000,-15.0
2,8,1519759897161999,-19.0
2,8,1519759897989000,-18.0
2,8,1519759898813000,-19.0
2,8,1519759900489999,-21.0
2,8,1519759901343000,-19.0
2,8,1519759902167000,-18.0
2,8,1519759902993000,-19.0
2,8,1519759904753999,-18.0
2,8,1519759905577999,-16.0
2,8,1519759906401999,-14.0
2,8,1519759907255000,-16.0
2,8,1519759908084000,-15.0
2,8,1519759908905000,-13.0
2,8,1519759909759000,-12.0
2,8,1519759911408000,-10.0
2,8,1519759912232000,-9.0
2,8,1519759913057000,-11.0
2,8,1519759915560000,-8.0
2,8,1519759918067000,-10.0
2,8,1519759918888000,-9.0
2,8,1519759919713000,-7.0
2,8,1519759920537000,-8.0
2,8,1519759922187000,-7.0
2,8,1519759923041000,-5.0
2,8,1519759923867000,-8.0
2,8,1519759925598000,-7.0
2,8,1519759928925000,-6.0
2,8,1519759930603000,-5.0
2,8,1519759933904000,-4.0
2,8,1519759934781000,-1.0
2,8,1519759938219000,-2.0
2,8,1519759939071000,-5.0
2,8,1519759939980000,-1.0
2,8,1519759940805000,-4.0
2,8,1519759942456000,-3.0
2,8,1519759943308000,-2.0
2,8,1519759944132000,-4.0
2,8,1519759944985000,0.0
2,8,1519759945811000,1.0
2,8,1519759948285000,-1.0
2,8,1519759950017999,2.0
2,8,1519759950844000,0.0
2,8,1519759952493000,-1.0
2,8,1519759953344000,0.0
2,8,1519759954197000,-2.0
2,8,1519759955049999,0.0
2,8,1519759955904000,-1.0
2,8,1519759956727000,-3.0
2,8,1519759957579000,-5.0
2,8,1519759958406000,-2.0
2,8,1519759960081999,-1.0
2,8,1519759962557000,-2.0
2,8,1519759963437000,-6.0
2,8,1519759964262000,-7.0
2,8,1519759965116000,-6.0
2,8,1519759968415000,-5.0
2,8,1519759970918000,-4.0
2,8,1519759973393000,-2.0
2,8,1519759974217000,1.0
2,8,1519759975097000,3.0
2,8,1519759975921000,1.0
2,8,1519759980047000,2.0
2,8,1519759980873000,3.0
2,8,1519759982523000,1.0
2,8,1519759983347000,-2.0
2,8,1519759984171000,-1.0
2,8,1519759985025999,-3.0
2,8,1519759985849999,-4.0
2,8,1519759986675000,-1.0
2,8,1519759987499000,1.0
2,8,1519759988324000,0.0
2,8,1519759994181000,2.0
2,8,1519759995009000,1.0
2,8,1519759995831000,-2.0
2,8,1519759996657000,-4.0
2,8,1519759997481999,-1.0
2,8,1519759998307000,0.0
2,8,1519759999133000,2.0
2,8,1519759999985000,3.0
2,8,1519760002487000,2.0
2,8,1519760003337999,-1.0
2,8,1519760006667000,0.0
2,8,1519760007519000,2.0
2,8,1519760009197000,1.0
2,8,1519760010875000,-2.0
2,8,1519760011727000,-1.0
2,8,1519760012552000,2.0
2,8,1519760013404000,3.0
2,8,1519760014256000,2.0
2,8,1519760015169999,1.0
2,8,1519760016017000,0.0
2,8,1519760016843000,-2.0
2,8,1519760017694000,-3.0
2,8,1519760019344000,-1.0
2,8,1519760020196000,-2.0
2,8,1519760021023000,-3.0
2,8,1519760021847000,-2.0
2,8,1519760026853000,-1.0
2,8,1519760032657000,-2.0
2,8,1519760036944000,-1.0
2,8,1519760046128000,-3.0
2,8,1519760046927000,0.0
2,8,1519760047751000,3.0
2,8,1519760048577000,-3.0
2,8,1519760049401000,-5.0
2,8,1519760051052000,-6.0
2,8,1519760051877000,-5.0
2,8,1519760052702000,-4.0
2,8,1519760053527000,0.0
2,8,1519760055176000,-4.0
2,8,1519760061804000,-3.0
2,8,1519760062629000,-7.0
2,8,1519760063454000,-12.0
2,8,1519760064307000,53.0
2,8,1519760065185999,99.0
2,8,1519760066011000,117.0
2,8,1519760066837000,114.0
2,8,1519760067662000,110.0
2,8,1519760068487000,105.0
2,8,1519760069311000,102.0
2,8,1519760070136000,98.0
2,8,1519760070961000,95.0
2,8,1519760071787000,92.0
2,8,1519760072612000,89.0
2,8,1519760073436000,86.0
2,8,1519760074262000,83.0
2,8,1519760075142000,81.0
2,8,1519760075967000,78.0
2,8,1519760076795000,76.0
2,8,1519760077616000,75.0
2,8,1519760079267000,73.0
2,8,1519760080118000,71.0
2,8,1519760080944000,69.0
2,8,1519760081769000,68.0
2,8,1519760082593999,66.0
2,8,1519760083419000,65.0
2,8,1519760084244000,63.0
2,8,1519760085096000,62.0
2,8,1519760085921000,61.0
2,8,1519760086745999,60.0
2,8,1519760087571000,59.0
2,8,1519760088397000,58.0
2,8,1519760089221000,57.0
2,8,1519760089964000,56.0
2,8,1519760090789000,55.0
2,8,1519760092439000,54.0
2,8,1519760094088000,53.0
2,8,1519760095739000,52.0
2,8,1519760097416000,51.0
2,8,1519760099068000,50.0
2,8,1519760100744000,49.0
2,8,1519760104044000,48.0
2,8,1519760106574000,47.0
2,8,1519760111496000,46.0
2,8,1519760112321000,27.0
2,8,1519760113145000,6.0
2,8,1519760113971000,-4.0
2,8,1519760114796000,-11.0
2,8,1519760115621000,-15.0
2,8,1519760116446000,-19.0
2,8,1519760117271000,-21.0
2,8,1519760118095000,-23.0
2,8,1519760118921000,-24.0
2,8,1519760119748000,-25.0
2,8,1519760120571000,-26.0
2,8,1519760121397000,-25.0
2,8,1519760122221000,-26.0
2,8,1519760123052000,-25.0
2,8,1519760125631000,-24.0
2,8,1519760126456000,-23.0
2,8,1519760128105000,-22.0
2,8,1519760128931000,-21.0
2,8,1519760129785000,-20.0
2,8,1519760131433999,-19.0
2,8,1519760132259000,-17.0
2,8,1519760133084000,-14.0
2,8,1519760133909000,-11.0
2,8,1519760134761000,-7.0
2,8,1519760135585999,-6.0
2,8,1519760136411000,-9.0
2,8,1519760137236000,-12.0
2,8,1519760138060000,-11.0
2,8,1519760139737999,-10.0
2,8,1519760140565000,-8.0
2,8,1519760141388000,-6.0
2,8,1519760142213000,-2.0
2,8,1519760143038000,-5.0
2,8,1519760143863000,-7.0
2,8,1519760144743000,-12.0
2,8,1519760146393000,-11.0
2,8,1519760148043000,-10.0
2,8,1519760148870000,-9.0
2,8,1519760150574000,-8.0
2,8,1519760152196000,-7.0
2,8,1519760153846000,-6.0
2,8,1519760156348000,-5.0
2,8,1519760157173000,-4.0
2,8,1519760161407000,-3.0
2,8,1519760162233000,-4.0
2,8,1519760163057999,-2.0
2,8,1519760164735000,-1.0
2,8,1519760165560000,-2.0
2,8,1519760166385000,-1.0
2,8,1519760168861000,0.0
2,8,1519760169685000,-1.0
2,8,1519760175518000,-2.0
2,8,1519760176368000,0.0
2,8,1519760178020000,1.0
2,8,1519760187973000,2.0
2,8,1519760191355000,1.0
2,8,1519760193033000,-1.0
2,8,1519760194683000,2.0
2,8,1519760196388000,1.0
2,8,1519760198065000,66.0
3,2,1519924978375000,4.0
3,2,1519924993103000,3.0
3,2,1519924994692000,4.0
3,2,1519924995441999,3.0
3,2,1519924996253000,4.0
3,2,1519924997001999,3.0
3,2,1519924998592000,4.0
3,2,1519925012481000,3.0
3,2,1519925013381000,4.0
3,2,1519925014281000,3.0
3,2,1519925017011000,4.0
3,2,1519925018811000,3.0
3,2,1519925024241000,4.0
3,2,1519925025171000,3.0
3,2,1519925026071000,4.0
3,2,1519925028831000,3.0
3,2,1519925030689999,4.0
3,2,1519925036091000,3.0
3,2,1519925036990000,4.0
3,2,1519925039689999,5.0
3,2,1519925040591000,8.0
3,2,1519925041551000,7.0
3,2,1519925042541000,3.0
3,2,1519925050910000,4.0
3,2,1519925051809999,7.0
3,2,1519925053641000,3.0
3,2,1519925073411000,4.0
3,2,1519925115321999,6.0
3,2,1519925116249999,9.0
3,2,1519925118081000,6.0
3,2,1519925118983000,8.0
3,2,1519925119881000,9.0
3,2,1519925120841000,4.0
3,2,1519925121771000,5.0
3,2,1519925133171000,4.0
3,2,1519925139531000,2.0
3,2,1519925141360000,4.0
3,2,1519925144060000,2.0
3,2,1519925145861000,3.0
3,2,1519925146761999,4.0
3,2,1519925147662000,6.0
3,2,1519925148561000,7.0
3,2,1519925149461000,5.0
3,2,1519925150391000,4.0
3,2,1519925151291000,6.0
3,2,1519925152191000,4.0
3,2,1519925155881999,3.0
3,2,1519925160471000,1.0
3,2,1519925164070000,2.0
3,2,1519925167701000,3.0
3,2,1519925168601000,5.0
3,2,1519925169534000,3.0
3,2,1519925170461000,2.0
3,2,1519925171391000,3.0
3,2,1519925174841000,2.0
3,2,1519925178140000,4.0
3,2,1519925178951000,6.0
3,2,1519925179791000,7.0
3,2,1519925180630000,6.0
3,2,1519925182102000,4.0
3,2,1519925184440000,3.0
3,2,1519925185280000,2.0
3,2,1519925186180000,1.0
3,2,1519925191342000,2.0
3,2,1519925196295000,4.0
3,2,1519925197041999,5.0
3,2,1519925197881000,3.0
3,2,1519925198630000,4.0
3,2,1519925199381000,5.0
3,2,1519925206341000,4.0
3,2,1519925210961000,3.0
3,2,1519925216420000,2.0
3,2,1519925217169999,0.0
3,2,1519925219420000,1.0
3,2,1519925221733000,2.0
3,2,1519925223231000,4.0
3,2,1519925223981000,2.0
3,2,1519925225481000,4.0
3,2,1519925226231000,5.0
3,2,1519925227009999,1.0
3,2,1519925234240000,2.0
3,2,1519925256980000,3.0
3,2,1519925297060000,5.0
3,2,1519925298561000,3.0
3,2,1519925300811000,4.0
3,2,1519925302399000,3.0
3,2,1519925315089000,5.0
3,2,1519925315839000,8.0
3,2,1519925318089000,5.0
3,2,1519925320401000,6.0
3,2,1519925322651000,5.0
3,2,1519925328141000,4.0
3,2,1519925336601999,3.0
3,2,1519925337350000,1.0
3,2,1519925338937999,2.0
3,2,1519925341669000,3.0
3,2,1519925351660000,2.0
3,2,1519925353489000,3.0
3,2,1519925363509000,2.0
3,2,1519925365339000,1.0
3,2,1519925371639000,2.0
3,2,1519925389729999,3.0
3,2,1519925392279000,2.0
3,2,1519925396598000,3.0
3,2,1519925397471000,2.0
3,2,1519925399179000,3.0
3,2,1519925417959000,4.0
3,2,1519925439948000,5.0
3,2,1519925465629000,6.0
3,2,1519925472017999,5.0
3,2,1519925473878000,6.0
3,2,1519925478438000,8.0
3,2,1519925479368000,10.0
3,2,1519925480297999,7.0
3,2,1519925482097999,9.0
3,2,1519925483897999,10.0
3,2,1519925485745999,6.0
3,2,1519925488457999,7.0
3,2,1519925489358000,8.0
3,2,1519925490350000,7.0
3,2,1519925495809999,6.0
3,2,1519925497609000,5.0
3,2,1519925499409000,4.0
3,2,1519925501328000,5.0
3,2,1519925539668000,7.0
3,2,1519925542820000,6.0
3,2,1519925551279000,5.0
3,2,1519925573777999,6.0
3,2,1519925592888000,7.0
3,2,1519925611847000,9.0
3,2,1519925614517000,8.0
3,2,1519925619047000,7.0
3,2,1519925625377000,8.0
3,2,1519925660688000,9.0
3,2,1519925663776000,8.0
3,2,1519925665307000,9.0
3,2,1519925687299000,10.0
3,2,1519925689127000,12.0
3,2,1519925690028000,14.0
3,2,1519925690958000,11.0
3,2,1519925691857999,12.0
3,2,1519925694589000,11.0
3,2,1519925696389000,10.0
3,2,1519925697288000,9.0
3,2,1519925718289000,6.0
3,2,1519925719219000,7.0
3,2,1519925721921000,8.0
3,2,1519925730140000,9.0
3,2,1519925751500000,10.0
3,2,1519925770999000,11.0
3,2,1519925774901000,10.0
3,2,1519925778651000,11.0
3,2,1519925780901000,10.0
3,2,1519925781652000,11.0
3,2,1519925782400000,10.0
3,2,1519925783239000,11.0
3,2,1519925785550000,12.0
3,2,1519925787049999,13.0
3,2,1519925787801000,12.0
3,2,1519925790803000,11.0
3,2,1519925791551000,10.0
3,2,1519925796891000,11.0
3,2,1519925799229000,12.0
3,2,1519925799980000,13.0
3,2,1519925800791000,14.0
3,2,1519925802589000,12.0
3,2,1519925803489000,15.0
3,2,1519925804389000,17.0
3,2,1519925805319000,16.0
3,2,1519925806217999,14.0
3,2,1519925807119000,12.0
3,2,1519925808019000,11.0
3,2,1519925811649000,8.0
3,2,1519925812549000,10.0
3,2,1519925813479000,12.0
3,2,1519925815309000,11.0
3,2,1519925816208000,10.0
3,2,1519925817109000,11.0
3,2,1519925818009000,13.0
3,2,1519925818909000,15.0
3,2,1519925819808000,13.0
3,2,1519925820739000,12.0
3,2,1519925821639000,14.0
3,2,1519925822540000,13.0
3,2,1519925823439000,9.0
3,2,1519925824339000,8.0
3,2,1519925826168000,9.0
3,2,1519925827968000,5.0
3,2,1519925828869000,8.0
3,2,1519925829768000,10.0
3,2,1519925830669000,8.0
3,2,1519925831569000,7.0
3,2,1519925834299000,8.0
3,2,1519925835228000,9.0
3,2,1519925837088000,7.0
3,2,1519925842489000,8.0
3,2,1519925844289000,11.0
3,2,1519925845190000,13.0
3,2,1519925847918000,11.0
3,2,1519925848819000,6.0
3,2,1519925852419000,7.0
3,2,1519925860609000,6.0
3,2,1519925862409000,7.0
3,2,1519925863279000,6.0
3,2,1519925864121000,8.0
3,2,1519925865020000,11.0
3,2,1519925865919000,10.0
3,2,1519925866789000,8.0
3,2,1519925874319000,9.0
3,2,1519925875969999,8.0
3,2,1519925876721999,9.0
3,2,1519925878220000,8.0
3,2,1519925890998000,9.0
3,2,1519925891808000,11.0
3,2,1519925892560000,8.0
3,2,1519925893310000,11.0
3,2,1519925894060000,12.0
3,2,1519925894809999,13.0
3,2,1519925895560000,11.0
3,2,1519925896310000,8.0
3,2,1519925897060000,7.0
3,2,1519925900148000,8.0
3,2,1519925902399000,7.0
3,2,1519925903897999,8.0
3,2,1519925926188000,7.0
3,2,1519925927988000,8.0
3,2,1519925929789000,7.0
3,2,1519925932518000,8.0
3,2,1519925933417999,11.0
3,2,1519925934319000,12.0
3,2,1519925935248000,13.0
3,2,1519925936177999,8.0
3,2,1519925937078000,12.0
3,2,1519925938878000,10.0
3,2,1519925939777999,9.0
3,2,1519925941577999,6.0
3,2,1519925947189000,7.0
3,2,1519925959939000,8.0
3,2,1519925960873000,7.0
3,2,1519925974068000,6.0
3,2,1519925974999000,5.0
3,2,1519925976768000,6.0
3,2,1519925977668000,8.0
3,2,1519925978568000,7.0
3,2,1519925979438000,8.0
3,2,1519925986459000,9.0
3,2,1519925987297999,11.0
3,2,1519925988167000,8.0
3,2,1519925989877000,7.0
3,2,1519925990748000,10.0
3,2,1519925991558000,13.0
3,2,1519925993177999,10.0
3,2,1519925993928000,12.0
3,2,1519925995488000,9.0
3,2,1519925997017999,8.0
3,2,1519925999328000,7.0
3,2,1519926000078000,8.0
3,2,1519926013070000,7.0
3,2,1519926020657999,8.0
3,2,1519926025157000,7.0
3,2,1519926033648000,6.0
3,2,1519926038477000,7.0
3,2,1519926039377000,6.0
3,2,1519926041207000,7.0
3,2,1519926042137000,4.0
3,2,1519926046668000,5.0
3,2,1519926053897999,4.0
3,2,1519926054799000,5.0
3,2,1519926056627000,8.0
3,2,1519926057528000,6.0
3,2,1519926058459000,9.0
3,2,1519926059357000,10.0
3,2,1519926060257000,11.0
3,2,1519926062088000,10.0
3,2,1519926062988000,7.0
3,2,1519926064788000,6.0
3,2,1519926068537000,5.0
3,2,1519926069439000,6.0
3,2,1519926073967000,5.0
3,2,1519926075828000,4.0
3,2,1519926076728000,3.0
3,2,1519926078557000,4.0
3,2,1519926081289999,3.0
3,2,1519926082188000,5.0
3,2,1519926083086000,6.0
3,2,1519926084017000,8.0
3,2,1519926084917000,6.0
3,2,1519926085817000,7.0
3,2,1519926086656000,8.0
3,2,1519926088396000,9.0
3,2,1519926090076000,7.0
3,2,1519926091008000,6.0
3,2,1519926091876000,7.0
3,2,1519926092777999,6.0
3,2,1519926093646000,5.0
3,2,1519926095447000,4.0
3,2,1519926097246000,5.0
3,2,1519926098145999,4.0
3,2,1519926098987000,5.0
3,2,1519926102585999,6.0
3,2,1519926105105999,5.0
3,2,1519926108588000,4.0
3,2,1519926110176000,5.0
3,2,1519926114740000,4.0
3,2,1519926115547000,5.0
3,2,1519926117137999,4.0
3,2,1519926118641000,5.0
3,2,1519926119417999,4.0
3,2,1519926125417999,5.0
3,2,1519926127065999,4.0
3,2,1519926127817000,3.0
3,2,1519926135680000,4.0
3,2,1519926137929000,3.0
3,2,1519926138678000,4.0
3,2,1519926180345999,5.0
3,2,1519926181275000,4.0
3,2,1519926183105000,5.0
3,2,1519926184905999,4.0
3,2,1519926185837000,5.0
3,2,1519926202067000,6.0
3,2,1519926218836000,7.0
3,2,1519926219675000,9.0
3,2,1519926220606000,12.0
3,2,1519926221449000,13.0
3,2,1519926222286000,11.0
3,2,1519926223185000,13.0
3,2,1519926224025000,12.0
3,2,1519926224870000,11.0
3,2,1519926226636000,10.0
3,2,1519926227446000,9.0
3,2,1519926228286000,7.0
3,2,1519926229036000,6.0
3,2,1519926230656000,5.0
3,2,1519926234497999,6.0
3,2,1519926247037000,7.0
3,2,1519926247817999,6.0
3,2,1519926248596000,7.0
3,2,1519926267077000,8.0
3,2,1519926267831000,7.0
3,2,1519926268577000,8.0
3,2,1519926291315000,9.0
3,2,1519926292245000,8.0
3,2,1519926293158000,9.0
3,2,1519926297647000,8.0
3,2,1519926298547000,9.0
3,2,1519926321256000,10.0
3,2,1519926323087000,11.0
3,2,1519926323956000,12.0
3,2,1519926324856000,11.0
3,2,1519926327556000,10.0
3,2,1519926331125000,9.0
3,2,1519926332025000,10.0
3,2,1519926332895000,13.0
3,2,1519926333795000,16.0
3,2,1519926334695000,15.0
3,2,1519926335535000,18.0
3,2,1519926337305000,14.0
3,2,1519926338145000,8.0
3,2,1519926339857999,7.0
3,2,1519926345104000,8.0
3,2,1519926350445000,9.0
3,2,1519926352756000,5.0
3,2,1519926353508000,-1.0
3,2,1519926354255000,48.0
3,2,1519926355097000,101.0
3,2,1519926356025999,121.0
3,2,1519926356865999,120.0
3,2,1519926357705999,116.0
3,2,1519926358545000,112.0
3,2,1519926359415000,109.0
3,2,1519926360285000,105.0
3,2,1519926361184000,102.0
3,2,1519926361997000,99.0
3,2,1519926362747000,96.0
3,2,1519926363496000,93.0
3,2,1519926364334000,91.0
3,2,1519926365085000,88.0
3,2,1519926365835000,86.0
3,2,1519926366585000,84.0
3,2,1519926368092000,82.0
3,2,1519926368835000,80.0
3,2,1519926369585000,78.0
3,2,1519926370334000,77.0
3,2,1519926371145000,75.0
3,2,1519926371988000,74.0
3,2,1519926372736000,73.0
3,2,1519926373545999,72.0
3,2,1519926374295000,70.0
3,2,1519926375045000,69.0
3,2,1519926375885000,68.0
3,2,1519926377385000,67.0
3,2,1519926378135000,66.0
3,2,1519926379633999,65.0
3,2,1519926380384000,64.0
3,2,1519926381195000,63.0
3,2,1519926382696000,62.0
3,2,1519926383445000,61.0
3,2,1519926385785000,60.0
3,2,1519926387284000,59.0
3,2,1519926389835000,58.0
3,2,1519926392564000,57.0
3,2,1519926393464000,15.0
3,2,1519926394364000,8.0
3,2,1519926395264000,2.0
3,2,1519926396163000,-1.0
3,2,1519926397064000,-4.0
3,2,1519926397964000,-6.0
3,2,1519926398865000,-8.0
3,2,1519926399766000,-9.0
3,2,1519926400725000,-10.0
3,2,1519926401624000,-11.0
3,2,1519926402557000,-9.0
3,2,1519926403455000,-8.0
3,2,1519926404384000,-9.0
3,2,1519926407084000,-8.0
3,2,1519926408885000,-7.0
3,2,1519926410715000,-6.0
3,2,1519926411615000,-5.0
3,2,1519926413445000,-4.0
3,2,1519926415246000,-3.0
3,2,1519926416174000,-2.0
3,2,1519926417974000,1.0
3,2,1519926418873999,0.0
3,2,1519926419775000,1.0
3,2,1519926420704000,0.0
3,2,1519926421604000,-1.0
3,2,1519926423404000,0.0
3,2,1519926424304000,1.0
3,2,1519926425233999,2.0
3,2,1519926426165000,3.0
3,2,1519926427065000,4.0
3,2,1519926430726000,5.0
3,2,1519926433485000,6.0
3,2,1519926437204000,7.0
3,2,1519926442605000,8.0
3,2,1519926448063000,4.0
3,2,1519926452624000,5.0
3,2,1519926455324000,6.0
3,2,1519926458833999,7.0
3,2,1519926460575000,9.0
3,2,1519926461504000,11.0
3,2,1519926462254000,13.0
3,2,1519926464654000,14.0
3,2,1519926465404000,13.0
3,2,1519926466215000,11.0
3,2,1519926466966000,9.0
3,2,1519926467715000,8.0
3,2,1519926468465999,9.0
3,2,1519926469214000,11.0
3,2,1519926470804000,10.0
3,2,1519926471614000,9.0
3,2,1519926475004000,8.0
3,2,1519926475844000,9.0
3,2,1519926478304000,6.0
3,2,1519926480644000,5.0
3,2,1519926483104000,6.0
3,2,1519926489286000,7.0
3,2,1519926491655000,9.0
3,2,1519926492405000,10.0
3,2,1519926493158000,13.0
3,2,1519926493905000,14.0
3,2,1519926494657000,13.0
3,2,1519926495405000,12.0
3,2,1519926496153999,13.0
3,2,1519926499153999,11.0
3,2,1519926499905999,9.0
3,2,1519926506205000,8.0
3,2,1519926515744000,9.0
3,2,1519926516645000,8.0
3,2,1519926517544000,9.0
3,2,1519926518444000,8.0
3,2,1519926531163000,7.0
3,2,1519926532993999,6.0
3,2,1519926533893000,5.0
3,2,1519926534823000,4.0
3,2,1519926536713000,7.0
3,2,1519926537614000,8.0
3,2,1519926538543000,9.0
3,2,1519926539443000,10.0
3,2,1519926541243000,5.0
3,2,1519926543043000,4.0
3,2,1519926545803000,-5.0
3,2,1519926546703000,13.0
3,2,1519926547573000,87.0
3,2,1519926548473000,118.0
3,2,1519926549403000,125.0
3,2,1519926550694000,117.0
3,2,1519926552615000,109.0
3,2,1519926554415000,102.0
3,2,1519926556245000,96.0
3,2,1519926558107000,91.0
3,2,1519926560325000,85.0
3,2,1519926562273999,81.0
3,2,1519926564255000,76.0
3,2,1519926566206000,74.0
3,2,1519926568065000,71.0
3,2,1519926569113999,69.0
3,2,1519926569925000,68.0
3,2,1519926571485000,67.0
3,2,1519926572294000,66.0
3,2,1519926573077000,65.0
3,2,1519926574575000,64.0
3,2,1519926575443000,63.0
3,2,1519926576375000,62.0
3,2,1519926578204000,61.0
3,2,1519926579885000,60.0
3,2,1519926582374000,51.0
3,2,1519926583131000,27.0
3,2,1519926583964000,11.0
3,2,1519926584713999,4.0
3,2,1519926585464000,-1.0
3,2,1519926586334000,-2.0
3,2,1519926587113999,-5.0
3,2,1519926587864000,-9.0
3,2,1519926588614000,-16.0
3,2,1519926589364000,-15.0
3,2,1519926590113999,-16.0
3,2,1519926593175000,-17.0
3,2,1519926594765000,-16.0
3,2,1519926596265000,-17.0
3,2,1519926600015000,-16.0
3,2,1519926600766000,-14.0
3,2,1519926601577000,-13.0
3,2,1519926602325000,-12.0
3,2,1519926603827000,-11.0
3,2,1519926604577000,-12.0
3,2,1519926605325000,-18.0
3,2,1519926606164000,13.0
3,2,1519926606916000,80.0
3,2,1519926607665000,107.0
3,2,1519926609163000,109.0
3,2,1519926609913999,105.0
3,2,1519926610665999,102.0
3,2,1519926611593000,99.0
3,2,1519926612495000,96.0
3,2,1519926613393999,94.0
3,2,1519926614294000,92.0
3,2,1519926615193999,89.0
3,2,1519926616123000,85.0
3,2,1519926617054000,83.0
3,2,1519926617953999,81.0
3,2,1519926618854000,80.0
3,2,1519926619753999,78.0
3,2,1519926620655000,77.0
3,2,1519926621584000,75.0
3,2,1519926622484000,74.0
3,2,1519926623384000,73.0
3,2,1519926624284000,72.0
3,2,1519926625184000,71.0
3,2,1519926626087000,70.0
3,2,1519926626985000,69.0
3,2,1519926627884000,67.0
3,2,1519926628785999,66.0
3,2,1519926630584000,65.0
3,2,1519926631513999,64.0
3,2,1519926633313999,63.0
3,2,1519926635113000,62.0
3,2,1519926636913999,61.0
3,2,1519926638713999,60.0
3,2,1519926640513999,59.0
3,2,1519926644173000,58.0
3,2,1519926648705000,57.0
3,2,1519926652304000,56.0
3,2,1519926663856000,55.0
3,2,1519926666584000,76.0
3,2,1519926667485000,95.0
3,2,1519926668385000,104.0
3,2,1519926669256000,110.0
3,2,1519926670156000,114.0
3,2,1519926671056000,117.0
3,2,1519926671958000,118.0
3,2,1519926672857000,119.0
3,2,1519926673727000,120.0
3,2,1519926674625999,121.0
3,2,1519926676397000,120.0
3,2,1519926678977000,119.0
3,2,1519926680687000,118.0
3,2,1519926681499000,117.0
3,2,1519926683087000,116.0
3,2,1519926684648000,115.0
3,2,1519926685457999,114.0
3,2,1519926686297999,104.0
3,2,1519926687137000,62.0
3,2,1519926687887000,34.0
3,2,1519926688638000,13.0
3,2,1519926689449000,0.0
3,2,1519926690257999,-9.0
3,2,1519926691100000,-15.0
3,2,1519926691851000,-16.0
3,2,1519926692688000,-18.0
3,2,1519926693438000,-22.0
3,2,1519926694941000,-29.0
3,2,1519926695839000,-32.0
3,2,1519926697518000,-31.0
3,2,1519926698328000,-32.0
3,2,1519926699077000,-31.0
3,2,1519926699891000,-30.0
3,2,1519926700669000,-29.0
3,2,1519926701478000,-27.0
3,2,1519926702257999,-25.0
3,2,1519926703040000,-24.0
3,2,1519926703791000,-23.0
3,2,1519926705289999,-21.0
3,2,1519926706039000,-17.0
3,2,1519926706790000,-13.0
3,2,1519926708288000,-12.0
3,2,1519926709040000,-14.0
3,2,1519926711440000,-13.0
3,2,1519926712189000,-12.0
3,2,1519926712940000,-10.0
3,2,1519926713692000,-9.0
3,2,1519926714439000,-8.0
3,2,1519926716779000,-7.0
3,2,1519926717528000,-6.0
3,2,1519926718278000,-4.0
3,2,1519926719032000,-3.0
3,2,1519926720527000,-2.0
3,2,1519926722844000,-1.0
3,2,1519926725453000,0.0
3,2,1519926726377999,1.0
3,2,1519926727308000,2.0
3,2,1519926731868000,3.0
3,2,1519926732799000,4.0
3,2,1519926734628000,5.0
3,2,1519926735559000,6.0
3,2,1519926737389000,5.0
3,2,1519926739278000,4.0
3,2,1519926741108000,5.0
3,2,1519926742908000,3.0
3,2,1519926745608000,4.0
3,2,1519926749207000,5.0
3,2,1519926754668000,6.0
3,2,1519926755568000,9.0
3,2,1519926756497000,12.0
3,2,1519926757428000,13.0
3,2,1519926758358000,11.0
3,2,1519926759257999,9.0
3,2,1519926760157000,8.0
3,2,1519926761958000,9.0
3,2,1519926763789000,8.0
3,2,1519926765588000,9.0
3,2,1519926766489000,11.0
3,2,1519926767389000,12.0
3,2,1519926768317000,13.0
3,2,1519926770117000,11.0
3,2,1519926771888000,7.0
3,2,1519926772787000,6.0
3,2,1519926773688000,5.0
3,2,1519926778076000,4.0
3,2,1519926778968000,5.0
3,2,1519926780739000,6.0
3,2,1519926786017999,7.0
3,2,1519926786888000,6.0
3,2,1519926787788000,7.0
3,2,1519926797628000,8.0
3,2,1519926799309000,10.0
3,2,1519926800208000,12.0
3,2,1519926801078000,15.0
3,2,1519926801977999,16.0
3,2,1519926802817999,12.0
3,2,1519926805848000,13.0
3,2,1519926806659000,14.0
3,2,1519926807409999,15.0
3,2,1519926808158000,16.0
3,2,1519926808910000,13.0
3,2,1519926809657999,12.0
3,2,1519926810408000,15.0
3,2,1519926811159000,14.0
3,2,1519926812659000,13.0
3,2,1519926814307000,10.0
3,2,1519926815147000,8.0
3,2,1519926820700000,9.0
3,2,1519926835848000,8.0
3,2,1519926837348000,9.0
3,2,1519926842691000,8.0
3,2,1519926845780000,9.0
3,2,1519926846528000,8.0
3,2,1519926849107000,6.0
3,2,1519926850008000,5.0
3,2,1519926850937000,4.0
3,2,1519926852737000,8.0
3,2,1519926854568000,9.0
3,2,1519926857267000,8.0
3,2,1519926859997000,9.0
3,2,1519926861827000,6.0
3,2,1519926862757000,5.0
3,2,1519926867287000,6.0
3,2,1519926868185999,7.0
3,2,1519926869087000,10.0
3,2,1519926869987000,11.0
3,2,1519926870917000,12.0
3,2,1519926871847000,11.0
3,2,1519926872747000,12.0
3,2,1519926873647000,13.0
3,2,1519926875447000,11.0
3,2,1519926876347000,9.0
3,2,1519926877277000,7.0
3,2,1519926878238000,8.0
3,2,1519926879137000,10.0
3,2,1519926880038000,11.0
3,2,1519926880937999,10.0
3,2,1519926881838000,8.0
3,2,1519926883638000,9.0
3,2,1519926884537999,6.0
3,2,1519926886337000,7.0
3,2,1519926887296000,6.0
3,2,1519926889096000,7.0
3,2,1519926892697000,6.0
3,2,1519926893598000,7.0
3,2,1519926894497999,6.0
3,2,1519926896327000,7.0
3,2,1519926900707000,6.0
3,2,1519926901637000,3.0
3,2,1519926904307000,4.0
3,2,1519926905176000,-1.0
3,2,1519926906136000,-5.0
3,2,1519926907037000,46.0
3,2,1519926907937000,105.0
3,2,1519926908807000,123.0
3,2,1519926909709000,119.0
3,2,1519926910636000,115.0
3,2,1519926911568000,111.0
3,2,1519926912469000,108.0
3,2,1519926913309000,104.0
3,2,1519926914147000,101.0
3,2,1519926915021000,97.0
3,2,1519926915857999,95.0
3,2,1519926916817000,92.0
3,2,1519926917687000,87.0
3,2,1519926918587000,85.0
3,2,1519926919427000,83.0
3,2,1519926920270000,81.0
3,2,1519926921167000,61.0
3,2,1519926922007000,39.0
3,2,1519926922847000,26.0
3,2,1519926923657000,20.0
3,2,1519926924407000,12.0
3,2,1519926925969000,4.0
3,2,1519926926720000,2.0
3,2,1519926927467000,0.0
3,2,1519926928276000,-6.0
3,2,1519926929057000,-8.0
3,2,1519926930557000,-9.0
3,2,1519926931487000,-12.0
3,2,1519926932327000,-15.0
3,2,1519926934065999,-14.0
3,2,1519926935657999,-13.0
3,2,1519926936497000,-12.0
3,2,1519926937307000,-11.0
3,2,1519926938145999,-10.0
3,2,1519926939647000,-9.0
3,2,1519926940457000,-11.0
3,2,1519926941297000,-10.0
3,2,1519926943547000,-9.0
3,2,1519926944297000,-8.0
3,2,1519926945859000,-7.0
3,2,1519926948947000,-14.0
3,2,1519926949759000,6.0
3,2,1519926950597000,80.0
3,2,1519926951345999,111.0
3,2,1519926952847000,116.0
3,2,1519926953597000,113.0
3,2,1519926954347000,109.0
3,2,1519926955100000,106.0
3,2,1519926955846000,102.0
3,2,1519926956660000,99.0
3,2,1519926957407000,96.0
3,2,1519926958157000,94.0
3,2,1519926958909000,91.0
3,2,1519926959716000,89.0
3,2,1519926960617000,87.0
3,2,1519926961576000,84.0
3,2,1519926962387000,82.0
3,2,1519926963136000,81.0
3,2,1519926963860000,79.0
3,2,1519926964699000,58.0
3,2,1519926966286000,34.0
3,2,1519926967185999,18.0
3,2,1519926968117000,5.0
3,2,1519926969016000,1.0
3,2,1519926969916000,-1.0
3,2,1519926971806000,-2.0
3,2,1519926972705999,-6.0
3,2,1519926973606000,-9.0
3,2,1519926975465999,-11.0
3,2,1519926978196000,-10.0
3,2,1519926979096000,-7.0
3,2,1519926980029000,-6.0
3,2,1519926980956000,-8.0
3,2,1519926982756000,-7.0
3,2,1519926983656000,-9.0
3,2,1519926984556000,-8.0
3,2,1519926985457000,-6.0
3,2,1519926986387000,-8.0
3,2,1519926988185999,-5.0
3,2,1519926989086000,-6.0
3,2,1519926990886000,-5.0
3,2,1519926991788000,-4.0
3,2,1519926992687000,-5.0
3,2,1519926993585999,-4.0
3,2,1519926994486000,-3.0
3,2,1519926995387000,-2.0
3,2,1519926996286000,-1.0
3,2,1519926997185999,0.0
3,2,1519926998985999,1.0
3,2,1519927000785999,0.0
3,2,1519927001716000,1.0
3,2,1519927004417000,2.0
3,2,1519927007989000,3.0
3,2,1519927008916000,5.0
3,2,1519927009815000,6.0
3,2,1519927010716000,5.0
3,2,1519927012516000,7.0
3,2,1519927013417999,4.0
3,2,1519927015185999,5.0
3,2,1519927016120000,4.0
3,2,1519927017047000,0.0
3,2,1519927017976000,3.0
3,2,1519927018878000,4.0
3,2,1519927020677000,5.0
3,2,1519927021636000,7.0
3,2,1519927022566000,9.0
3,2,1519927024366000,7.0
3,2,1519927025265000,6.0
3,2,1519927026225999,7.0
3,2,1519927028057000,6.0
3,2,1519927033457000,5.0
3,2,1519927034356000,6.0
3,2,1519927035196000,8.0
3,2,1519927036126000,9.0
3,2,1519927036967000,5.0
3,2,1519927039366000,6.0
3,2,1519927047017999,5.0
3,2,1519927048725000,7.0
3,2,1519927049567000,5.0
3,2,1519927051305999,4.0
3,2,1519927052869000,5.0
3,2,1519927053647000,7.0
3,2,1519927054397000,4.0
3,2,1519927056019000,5.0
3,2,1519927056796000,6.0
3,2,1519927060605000,4.0
3,2,1519927061417000,5.0
3,2,1519927067505999,4.0
3,2,1519927068255000,6.0
3,2,1519927069006000,5.0
3,2,1519927069756000,2.0
3,2,1519927071317000,4.0
3,2,1519927072068000,6.0
3,2,1519927072817000,3.0
3,2,1519927073567000,2.0
3,2,1519927075067000,3.0
3,2,1519927075817000,5.0
3,2,1519927076659000,4.0
3,2,1519927077407000,6.0
3,2,1519927079659000,7.0
3,2,1519927082686000,8.0
3,2,1519927084485000,6.0
3,2,1519927086377000,7.0
3,2,1519927088176000,5.0
3,2,1519927089077000,2.0
3,2,1519927090876000,6.0
3,2,1519927093605000,5.0
3,2,1519927095405000,6.0
3,2,1519927096335000,7.0
3,2,1519927097235000,8.0
3,2,1519927098136000,7.0
3,2,1519927099936000,5.0
3,2,1519927100835000,4.0
3,2,1519927102665000,5.0
3,2,1519927103566000,4.0
3,2,1519927106265000,5.0
3,2,1519927109865000,6.0
3,2,1519927114365000,5.0
3,2,1519927121566000,4.0
3,2,1519927122465999,3.0
3,2,1519927123366000,5.0
3,2,1519927124265000,4.0
3,2,1519927129785000,5.0
3,2,1519927130684000,4.0
3,2,1519927158015000,5.0
3,2,1519927159487000,7.0
3,2,1519927160985000,6.0
3,2,1519927161825000,5.0
3,2,1519927165064000,4.0
3,2,1519927171005000,2.0
3,2,1519927172565000,4.0
3,2,1519927176315000,3.0
3,2,1519927194553999,2.0
3,2,1519927205115000,3.0
3,2,1519927220385000,2.0
3,2,1519927221313999,3.0
3,2,1519927268985999,2.0
3,2,1519927269825999,1.0
3,2,1519927270696000,2.0
3,2,1519927274086000,1.0
3,2,1519927275736000,2.0
3,2,1519927277297000,3.0
3,2,1519927283176000,2.0
3,2,1519927285728000,4.0
3,2,1519927286625999,5.0
3,2,1519927289028000,4.0
3,2,1519927289837000,3.0
3,2,1519927291425999,1.0
3,2,1519927292237000,3.0
3,2,1519927298237000,2.0
3,2,1519927302137999,3.0
3,2,1519927311316000,4.0
3,2,1519927325145000,5.0
3,2,1519927326075000,6.0
3,2,1519927333337000,5.0
3,2,1519927336037000,4.0
3,2,1519927337837000,3.0
3,2,1519927354185999,4.0
3,2,1519927357785999,5.0
3,2,1519927364155000,4.0
3,2,1519927384756000,5.0
3,2,1519927385596000,4.0
3,2,1519927398195000,5.0
3,2,1519927400715000,4.0
3,2,1519927406686000,5.0
3,2,1519927407497000,7.0
3,2,1519927411397000,6.0
3,2,1519927415897000,5.0
3,2,1519927420485000,2.0
3,2,1519927421295000,1.0
3,2,1519927422048000,0.0
3,2,1519927422797000,1.0
3,2,1519927429575000,2.0
3,2,1519927430325000,4.0
3,2,1519927434887000,3.0
3,2,1519927436536000,-1.0
3,2,1519927437285000,0.0
3,2,1519927438036000,3.0
3,2,1519927438785999,5.0
3,2,1519927439537000,4.0
3,2,1519927441037000,5.0
3,2,1519927442655000,8.0
3,2,1519927445355000,7.0
3,2,1519927447185000,6.0
3,2,1519927448085000,0.0
3,2,1519927448984000,2.0
3,2,1519927449885000,3.0
3,2,1519927450815000,4.0
3,2,1519927451745000,5.0
3,2,1519927452645000,4.0
3,2,1519927454445000,3.0
3,2,1519927455345999,4.0
3,2,1519927458073999,5.0
3,2,1519927459876000,6.0
3,2,1519927462605000,5.0
3,2,1519927466235000,3.0
3,2,1519927468935000,2.0
3,2,1519927469835000,1.0
3,2,1519927472565000,3.0
3,2,1519927473465000,4.0
3,2,1519927474365000,3.0
3,2,1519927477095000,5.0
3,2,1519927477995000,7.0
3,2,1519927478896000,6.0
3,2,1519927480697000,4.0
3,2,1519927481625000,3.0
3,2,1519927482525000,4.0
3,2,1519927487955000,5.0
3,2,1519927488855000,6.0
3,2,1519927490625000,5.0
3,2,1519927495094000,4.0
3,2,1519927496925000,3.0
3,2,1519927498695000,2.0
3,2,1519927499535000,1.0
3,2,1519927502144000,2.0
3,2,1519927503045000,1.0
3,2,1519927503884000,2.0
3,2,1519927505566000,5.0
3,2,1519927506465999,3.0
3,2,1519927507305000,2.0
3,2,1519927508144000,4.0
3,2,1519927509075000,5.0
3,2,1519927514264000,4.0
3,2,1519927519544000,3.0
3,2,1519927523656000,5.0
3,2,1519927549633999,4.0
3,2,1519927553984000,3.0
3,2,1519927554884000,2.0
3,2,1519927555785000,3.0
3,2,1519927556684000,2.0
3,2,1519927558484000,4.0
3,2,1519927560284000,5.0
3,2,1519927562113000,4.0
3,2,1519927586624000,5.0
3,2,1519927599284000,4.0
3,2,1519927646473000,3.0
3,2,1519927649503000,4.0
3,2,1519927658055000,5.0
3,2,1519927661054000,4.0
3,2,1519927666453000,5.0
3,2,1519927675454000,4.0
3,2,1519927677043000,3.0
3,2,1519927678603000,2.0
3,2,1519927679503000,3.0
3,2,1519927680403000,4.0
3,2,1519927681364000,5.0
3,2,1519927682294000,3.0
3,2,1519927684993000,5.0
3,2,1519927686823000,2.0
3,2,1519927689523000,3.0
3,2,1519927691323000,4.0
3,2,1519927712353000,7.0
3,2,1519927714182000,4.0
3,2,1519927724112000,7.0
3,2,1519927725943000,5.0
3,2,1519927726843000,3.0
3,2,1519927729483000,4.0
3,2,1519927739863000,5.0
3,2,1519927741723000,6.0
3,2,1519927743523000,5.0
3,2,1519927744393000,4.0
3,2,1519927747963000,3.0
3,2,1519927749643000,4.0
3,2,1519927752161999,3.0
3,2,1519927752975000,4.0
3,2,1519927767161999,5.0
3,2,1519927768664000,6.0
3,2,1519927770311000,7.0
3,2,1519927771902000,6.0
3,2,1519927774361999,5.0
3,2,1519927776702000,4.0
3,2,1519927782014000,3.0
3,2,1519927787413000,4.0
3,2,1519927788163000,3.0
3,2,1519927795152000,4.0
3,2,1519927796052000,3.0
3,2,1519927798782000,4.0
3,2,1519927828692000,6.0
3,2,1519927829592000,7.0
3,2,1519927830491000,6.0
3,2,1519927833222000,3.0
3,2,1519927834121000,2.0
3,2,1519927835022000,3.0
3,2,1519927835921999,7.0
3,2,1519927836822000,8.0
3,2,1519927837721999,6.0
3,2,1519927838593999,2.0
3,2,1519927840422000,5.0
3,2,1519927842192000,1.0
3,2,1519927843091000,2.0
3,2,1519927843961999,3.0
3,2,1519927844862000,4.0
3,2,1519927845732000,3.0
3,2,1519927846662000,2.0
3,2,1519927849302000,3.0
3,2,1519927851041999,6.0
3,2,1519927851821000,5.0
3,2,1519927852694000,2.0
3,2,1519927854432000,3.0
3,2,1519927855331000,6.0
3,2,1519927856201999,3.0
3,2,1519927858031000,5.0
3,2,1519927858872000,6.0
3,2,1519927861542000,4.0
3,2,1519927862382000,3.0
3,2,1519927863221000,1.0
3,2,1519927864932000,2.0
3,2,1519927869132000,3.0
3,2,1519927871471000,4.0
3,2,1519927872281999,6.0
3,2,1519927873782000,7.0
3,2,1519927874532000,6.0
3,2,1519927875281999,4.0
3,2,1519927878371000,3.0
3,2,1519927879121000,4.0
3,2,1519927879871000,6.0
3,2,1519927880621000,7.0
3,2,1519927881371000,6.0
3,2,1519927882182000,3.0
3,2,1519927889261000,4.0
3,2,1519927891511000,3.0
3,2,1519927893823000,2.0
3,2,1519927894573000,1.0
3,2,1519927895321999,4.0
3,2,1519927898411000,3.0
3,2,1519927900661000,2.0
3,2,1519927901411000,0.0
3,2,1519927902222000,2.0
3,2,1519927902973000,3.0
3,2,1519927903723000,2.0
3,2,1519927908311000,3.0
3,2,1519927910651000,2.0
3,2,1519927912481000,3.0
3,2,1519927913381000,5.0
3,2,1519927915181000,4.0
3,2,1519927918781000,3.0
3,2,1519927919681000,-1.0
3,2,1519927920581000,1.0
3,2,1519927921481000,2.0
3,2,1519927925080000,3.0
3,2,1519927925981000,0.0
3,2,1519927926881000,2.0
3,2,1519927927781000,5.0
3,2,1519927928681000,4.0
3,2,1519927929611000,3.0
3,2,1519927930511000,0.0
3,2,1519927931441000,3.0
3,2,1519927932371000,1.0
3,2,1519927933271000,4.0
3,2,1519927936933000,3.0
3,2,1519927938731000,5.0
3,2,1519927941431000,4.0
3,2,1519927942391000,3.0
3,2,1519927943350000,2.0
3,2,1519927944281000,4.0
3,2,1519927945180000,3.0
3,2,1519927946150000,2.0
3,2,1519927948125000,3.0
3,2,1519927955153999,4.0
3,2,1519927959060000,3.0
3,2,1519927963184000,2.0
3,2,1519927965329000,3.0
3,2,1519927967721999,4.0
3,2,1519927970004000,6.0
3,2,1519927972011000,8.0
3,2,1519927973991000,5.0
3,2,1519927976301000,4.0
3,2,1519927978280000,2.0
3,2,1519927980262000,1.0
3,2,1519927982571000,4.0
3,2,1519927984555000,6.0
3,2,1519927986752000,2.0
3,2,1519927988841000,-1.0
3,2,1519927990821000,1.0
3,2,1519927992527000,3.0
3,2,1519927994699000,4.0
3,2,1519927997091000,5.0
3,2,1519927999155000,0.0
3,2,1519928001299000,1.0
3,2,1519928003361000,5.0
3,2,1519928005505000,4.0
3,2,1519928007816000,5.0
3,2,1519928010208000,1.0
3,2,1519928012435000,2.0
3,2,1519928014663000,5.0
3,2,1519928016643000,3.0
3,2,1519928020768000,-2.0
3,2,1519928025141000,4.0
3,2,1519928027534000,5.0
3,2,1519928029678000,4.0
3,2,1519928031657999,0.0
3,2,1519928033885000,1.0
3,2,1519928036360000,4.0
3,2,1519928038505999,-2.0
3,2,1519928040897999,3.0
3,2,1519928043044000,-1.0
3,2,1519928047169999,-2.0
3,2,1519928049396000,5.0
3,2,1519928051623000,3.0
3,2,1519928054015000,2.0
3,2,1519928056160000,5.0
3,2,1519928058305000,7.0
3,2,1519928062843000,5.0
3,2,1519928065235000,1.0
3,2,1519928067352000,4.0
3,2,1519928071753999,3.0
3,2,1519928074227000,4.0
3,2,1519928080415000,3.0
3,2,1519928085008000,4.0
3,2,1519928087263000,5.0
3,2,1519928089407000,4.0
3,2,1519928091607000,3.0
3,2,1519928096092000,5.0
3,2,1519928098069000,4.0
3,2,1519928100214000,1.0
3,2,1519928102526000,3.0
3,2,1519928111271000,1.0
3,2,1519928113419000,3.0
3,2,1519928115726000,2.0
3,2,1519928118119000,3.0
3,2,1519928131567000,4.0
3,2,1519928133796000,2.0
3,2,1519928137919000,5.0
3,2,1519928140312000,2.0
3,2,1519928142623000,9.0
3,2,1519928144849000,6.0
3,2,1519928147078000,5.0
3,2,1519928149470000,4.0
3,2,1519928151585999,3.0
3,2,1519928153649999,5.0
3,2,1519928155495000,3.0
3,2,1519928160193999,4.0
3,2,1519928162257000,6.0
3,2,1519928164567000,4.0
3,2,1519928168692000,2.0
3,2,1519928170920000,3.0
3,2,1519928173312000,2.0
3,2,1519928182139000,5.0
3,2,1519928184532000,3.0
3,2,1519928186596000,1.0
3,2,1519928188660000,3.0
3,2,1519928228560000,5.0
3,2,1519928233262000,4.0
3,2,1519928235572000,3.0
3,2,1519928249982000,2.0
3,2,1519928252070000,3.0
3,2,1519928254051000,2.0
3,2,1519928260404000,3.0
3,2,1519928262301000,5.0
3,2,1519928266180000,3.0
3,2,1519928270137999,4.0
3,2,1519928272201999,3.0
3,2,1519928274236000,6.0
3,2,1519928276326000,5.0
3,2,1519928278224000,3.0
3,2,1519928280286000,0.0
3,2,1519928282348000,1.0
3,2,1519928289113000,4.0
3,2,1519928290404000,3.0
3,2,1519928292055000,0.0
3,2,1519928292880000,2.0
3,2,1519928293734000,5.0
3,2,1519928294585000,7.0
3,2,1519928295438000,6.0
3,2,1519928298765000,5.0
3,2,1519928300415000,2.0
3,2,1519928301267000,1.0
3,2,1519928302092000,4.0
3,2,1519928302973000,2.0
3,2,1519928303798000,-1.0
3,2,1519928305448000,0.0
3,2,1519928306273000,1.0
3,2,1519928307097000,2.0
3,2,1519928307977000,3.0
3,2,1519928312185000,2.0
3,2,1519928313835000,3.0
3,2,1519928316310000,2.0
3,2,1519928321371000,3.0
3,2,1519928325605000,2.0
3,2,1519928327309000,3.0
3,2,1519928332288000,2.0
3,2,1519928333937999,3.0
3,2,1519928334763000,4.0
3,2,1519928335588000,3.0
3,2,1519928338943000,2.0
3,2,1519928340593000,3.0
3,2,1519928341417999,2.0
3,2,1519928343095000,1.0
3,2,1519928348075000,2.0
3,2,1519928348899000,3.0
3,2,1519928349723000,4.0
3,2,1519928350548000,5.0
3,2,1519928353848000,6.0
3,2,1519928354673000,7.0
3,2,1519928355497999,5.0
3,2,1519928358799000,6.0
3,2,1519928359623000,7.0
3,2,1519928360449000,6.0
3,2,1519928362097000,5.0
3,2,1519928362921999,4.0
3,2,1519928366249999,3.0
3,2,1519928370401999,2.0
3,2,1519928372105999,3.0
3,2,1519928372960000,2.0
3,2,1519928378761999,3.0
3,2,1519928382062000,2.0
3,2,1519928382888000,3.0
3,2,1519928411872000,4.0
3,2,1519928416024000,3.0
3,2,1519928416849999,4.0
3,2,1519928417703000,3.0
3,2,1519928418527000,4.0
3,2,1519928424329999,3.0
3,2,1519928425980000,4.0
3,2,1519928429280000,3.0
3,2,1519928430131000,4.0
3,2,1519928430958000,3.0
3,2,1519928431809999,4.0
3,2,1519928441819000,8.0
3,2,1519928442672000,9.0
3,2,1519928443497000,8.0
3,2,1519928444321999,6.0
3,2,1519928446798000,5.0
3,2,1519928448447000,4.0
3,2,1519928474985000,3.0
3,2,1519928483289000,4.0
3,2,1519928492391000,3.0
3,2,1519928580609999,2.0
3,2,1519928585588000,3.0
3,2,1519928623648000,4.0
3,2,1519928641907000,3.0
3,2,1519928648591000,2.0
3,2,1519928649415000,1.0
3,2,1519928650240000,3.0
3,2,1519928651065000,4.0
3,2,1519928651889999,3.0
3,2,1519928652743000,2.0
3,2,1519928654391000,4.0
3,2,1519928655217000,5.0
3,2,1519928656867000,3.0
3,2,1519928681809999,4.0
3,2,1519928700949000,3.0
3,2,1519928709227000,5.0
3,2,1519928710877000,4.0
3,2,1519928713352000,3.0
3,2,1519928714177000,2.0
3,2,1519928715827000,3.0
3,2,1519928716652000,1.0
3,2,1519928720033999,2.0
3,2,1519928720859000,3.0
3,2,1519928721684000,5.0
3,2,1519928722509000,3.0
3,2,1519928723389000,1.0
3,2,1519928725040000,2.0
3,2,1519928726716000,3.0
3,2,1519928727542000,5.0
3,2,1519928728367000,3.0
3,2,1519928729191000,2.0
3,2,1519928730017000,3.0
3,2,1519928730841999,5.0
3,2,1519928733372000,4.0
3,2,1519928734224000,3.0
3,2,1519928735053000,0.0
3,2,1519928735873999,1.0
3,2,1519928737524000,2.0
3,2,1519928742502000,3.0
3,2,1519928744151000,4.0
3,2,1519928744977000,6.0
3,2,1519928746625999,5.0
3,2,1519928749926000,4.0
3,2,1519928754079000,3.0
3,2,1519928754904000,0.0
3,2,1519928755729000,1.0
3,2,1519928758204000,2.0
3,2,1519928759854000,3.0
3,2,1519928779024000,2.0
3,2,1519928779849000,3.0
3,2,1519928781499000,2.0
3,2,1519928784855000,3.0
3,2,1519928786504000,4.0
3,2,1519928788209000,3.0
3,2,1519928789887000,2.0
3,2,1519928792361999,3.0
3,2,1519928794040000,2.0
3,2,1519928794865000,3.0
3,2,1519928797367000,2.0
3,2,1519928799870000,1.0
3,2,1519928800721999,2.0
3,2,1519928801547000,4.0
3,2,1519928809935000,3.0
3,2,1519928819835000,4.0
3,2,1519928820660000,5.0
3,2,1519928825720000,4.0
3,2,1519928830726000,3.0
3,2,1519928844777000,5.0
3,2,1519928845603000,6.0
3,2,1519928846427000,5.0
3,2,1519928848076000,4.0
3,2,1519928852201999,3.0
3,2,1519928857151000,5.0
3,2,1519928859737000,4.0
3,2,1519928863917000,3.0
3,2,1519928865567000,2.0
3,2,1519928866393000,4.0
3,2,1519928867245000,5.0
3,2,1519928868097000,4.0
3,2,1519928869747000,3.0
3,2,1519928870572000,1.0
3,2,1519928871397000,0.0
3,2,1519928874724000,1.0
3,2,1519928876347000,2.0
3,2,1519928877171000,3.0
3,2,1519928880527000,4.0
3,2,1519928883029000,3.0
3,2,1519928902967000,2.0
3,2,1519928904617000,4.0
3,2,1519928905443000,5.0
3,2,1519928907119000,4.0
3,2,1519928910447000,3.0
3,2,1519928912096000,2.0
3,2,1519928926231000,1.0
3,2,1519928929641000,2.0
3,2,1519928931291000,3.0
3,2,1519928932115000,2.0
3,2,1519928940449000,3.0
3,2,1519928941273999,4.0
3,2,1519928942097999,5.0
3,2,1519928942951000,4.0
3,2,1519928943803000,3.0
3,2,1519928944629000,4.0
3,2,1519928946334000,5.0
3,2,1519928948039000,4.0
3,2,1519928949743000,3.0
3,2,1519928952275000,2.0
3,2,1519928953126000,1.0
3,2,1519928958103000,2.0
3,2,1519928958956000,1.0
3,2,1519928959781000,2.0
3,2,1519928963055000,1.0
3,2,1519928967177999,4.0
3,2,1519928968830000,3.0
3,2,1519928972953999,1.0
3,2,1519928973777999,2.0
3,2,1519928974604000,1.0
3,2,1519928975456000,-1.0
3,2,1519928976308000,0.0
3,2,1519928977133000,-1.0
3,2,1519928977985999,3.0
3,2,1519928978811000,5.0
3,2,1519928980488000,2.0
3,2,1519928981313000,-1.0
3,2,1519928982113999,5.0
3,2,1519928982936000,6.0
3,2,1519928984585999,5.0
3,2,1519928985411000,3.0
3,2,1519928986236000,-1.0
3,2,1519928987064000,3.0
3,2,1519928989619000,5.0
3,2,1519928990443000,6.0
3,2,1519928991269000,4.0
3,2,1519928992097000,2.0
3,2,1519928993771000,1.0
3,2,1519928994623000,0.0
3,2,1519928995476000,-1.0
3,2,1519928997125000,0.0
3,2,1519928997950000,2.0
3,2,1519928999601000,-1.0
3,2,1519929000425999,-4.0
3,2,1519929001251000,-3.0
3,2,1519929002931000,-2.0
3,2,1519929003753999,-1.0
3,2,1519929004577999,-2.0
3,2,1519929007081000,-1.0
3,2,1519929007933000,3.0
3,2,1519929008757000,4.0
3,2,1519929010436000,5.0
3,2,1519929011261000,7.0
3,2,1519929012086000,9.0
3,2,1519929013736000,6.0
3,2,1519929014560000,4.0
3,2,1519929016213000,6.0
3,2,1519929017063000,5.0
3,2,1519929017916000,3.0
3,2,1519929018741000,-1.0
3,2,1519929019566000,2.0
3,2,1519929020390000,3.0
3,2,1519929022041000,1.0
3,2,1519929023747000,0.0
3,2,1519929024517000,1.0
3,2,1519929025313999,4.0
3,2,1519929028640000,0.0
3,2,1519929030291000,1.0
3,2,1519929031143000,2.0
3,2,1519929032820000,5.0
3,2,1519929034497999,4.0
3,2,1519929035324000,3.0
3,2,1519929036150000,0.0
3,2,1519929036972000,2.0
3,2,1519929037825000,5.0
3,2,1519929039476000,4.0
3,2,1519929047809999,3.0
3,2,1519929051934000,0.0
3,2,1519929055342000,1.0
3,2,1519929058697999,2.0
3,2,1519929062081000,3.0
3,2,1519929062935000,5.0
3,2,1519929065408000,2.0
3,2,1519929066232000,0.0
3,2,1519929067112000,1.0
3,2,1519929069616000,2.0
3,2,1519929070440000,3.0
3,2,1519929071293000,5.0
3,2,1519929072943000,4.0
3,2,1519929074593999,-1.0
3,2,1519929075417000,1.0
3,2,1519929076241999,2.0
3,2,1519929077094000,4.0
3,2,1519929078827000,0.0
3,2,1519929079653000,1.0
3,2,1519929080504000,4.0
3,2,1519929081329999,5.0
3,2,1519929082155000,0.0
3,2,1519929082980000,-1.0
3,2,1519929084657000,3.0
3,2,1519929085483000,4.0
3,2,1519929092083000,5.0
3,2,1519929092908000,7.0
3,2,1519929093731000,6.0
3,2,1519929094558000,3.0
3,2,1519929095383000,4.0
3,2,1519929096207000,1.0
3,2,1519929097060000,2.0
3,2,1519929100387000,5.0
3,2,1519929101213000,3.0
3,2,1519929102039000,-3.0
3,2,1519929102891000,-2.0
3,2,1519929103715000,1.0
3,2,1519929104567000,4.0
3,2,1519929105420000,5.0
3,2,1519929106272000,4.0
3,2,1519929107097000,5.0
3,2,1519929108830000,4.0
3,2,1519929109655000,3.0
3,2,1519929112048000,2.0
3,2,1519929115375000,1.0
3,2,1519929116199000,2.0
3,2,1519929117025000,3.0
3,2,1519929117877000,4.0
3,2,1519929118703000,5.0
3,2,1519929119553999,7.0
3,2,1519929120408000,8.0
3,2,1519929121232000,6.0
3,2,1519929122084000,5.0
3,2,1519929122937999,4.0
3,2,1519929123761999,3.0
3,2,1519929124589000,5.0
3,2,1519929125440000,4.0
3,2,1519929127144000,6.0
3,2,1519929128822000,5.0
3,2,1519929129675000,4.0
3,2,1519929130500000,2.0
3,2,1519929131297000,4.0
3,2,1519929132948000,3.0
3,2,1519929134596000,4.0
3,2,1519929135422000,3.0
3,2,1519929136247000,0.0
3,2,1519929137072000,4.0
3,2,1519929138749000,2.0
3,2,1519929146312000,3.0
3,2,1519929166414000,0.0
3,2,1519929167239000,3.0
3,2,1519929168091000,7.0
3,2,1519929169742000,5.0
3,2,1519929170567000,-2.0
3,2,1519929174775000,-1.0
3,2,1519929177277000,-3.0
3,2,1519929178129000,-9.0
3,2,1519929178953999,12.0
3,2,1519929179779000,82.0
3,2,1519929180604000,111.0
3,2,1519929181431000,115.0
3,2,1519929182281999,111.0
3,2,1519929183161999,107.0
3,2,1519929183987000,103.0
3,2,1519929184812000,99.0
3,2,1519929185637000,96.0
3,2,1519929186489000,93.0
3,2,1519929187313999,90.0
3,2,1519929188166000,87.0
3,2,1519929188993000,85.0
3,2,1519929189817000,82.0
3,2,1519929190671000,80.0
3,2,1519929191494000,78.0
3,2,1519929192319000,76.0
3,2,1519929193199000,74.0
3,2,1519929194024000,73.0
3,2,1519929194849999,71.0
3,2,1519929195673999,69.0
3,2,1519929196444000,68.0
3,2,1519929197269000,66.0
3,2,1519929198094000,65.0
3,2,1519929198919000,64.0
3,2,1519929199744000,63.0
3,2,1519929200569999,62.0
3,2,1519929201393999,61.0
3,2,1519929202219000,60.0
3,2,1519929203073999,59.0
3,2,1519929203897000,58.0
3,2,1519929204721999,57.0
3,2,1519929205545999,56.0
3,2,1519929207196000,55.0
3,2,1519929208847000,54.0
3,2,1519929210524000,53.0
3,2,1519929213824000,52.0
3,2,1519929215473999,51.0
3,2,1519929218773000,50.0
3,2,1519929221276000,49.0
3,2,1519929222101000,26.0
3,2,1519929222926000,9.0
3,2,1519929223752000,4.0
3,2,1519929224603000,-1.0
3,2,1519929225429000,-4.0
3,2,1519929226254000,-10.0
3,2,1519929227105000,-13.0
3,2,1519929228811000,-16.0
3,2,1519929229636000,-20.0
3,2,1519929230461000,-22.0
3,2,1519929231286000,-21.0
3,2,1519929232110000,-22.0
3,2,1519929232991000,-23.0
3,2,1519929233844000,-22.0
3,2,1519929234669000,-21.0
3,2,1519929235494000,-19.0
3,2,1519929236319000,-18.0
3,2,1519929237143000,-19.0
3,2,1519929238049999,-20.0
3,2,1519929238876000,-19.0
3,2,1519929239701000,-18.0
3,2,1519929240526000,-17.0
3,2,1519929241351000,-16.0
3,2,1519929242176000,-15.0
3,2,1519929243001000,-14.0
3,2,1519929243825999,-13.0
3,2,1519929245476000,-11.0
3,2,1519929247125000,-9.0
3,2,1519929247977999,-8.0
3,2,1519929250454000,-6.0
3,2,1519929251279000,-2.0
3,2,1519929252103000,-1.0
3,2,1519929252929000,-2.0
3,2,1519929253753999,-1.0
3,2,1519929254579000,-2.0
3,2,1519929256228000,0.0
3,2,1519929257108000,1.0
3,2,1519929257961000,-3.0
3,2,1519929258785999,-7.0
3,2,1519929259611000,-6.0
3,2,1519929261261000,-13.0
3,2,1519929262085000,16.0
3,2,1519929262993000,87.0
3,2,1519929263819000,114.0
3,2,1519929264671000,113.0
3,2,1519929265496000,109.0
3,2,1519929266321000,106.0
3,2,1519929267145999,102.0
3,2,1519929267998000,99.0
3,2,1519929268825000,96.0
3,2,1519929269649000,93.0
3,2,1519929270475000,90.0
3,2,1519929271299000,88.0
3,2,1519929272123000,85.0
3,2,1519929272975000,83.0
3,2,1519929273801000,81.0
3,2,1519929274625999,79.0
3,2,1519929275451000,77.0
3,2,1519929276275000,75.0
3,2,1519929277100000,74.0
3,2,1519929277926000,72.0
3,2,1519929278751000,71.0
3,2,1519929279576000,70.0
3,2,1519929280373000,68.0
3,2,1519929281199000,67.0
3,2,1519929282023000,66.0
3,2,1519929282876000,65.0
3,2,1519929283701000,64.0
3,2,1519929284526000,63.0
3,2,1519929285351000,62.0
3,2,1519929286175000,61.0
3,2,1519929287825999,60.0
3,2,1519929288652000,59.0
3,2,1519929290302000,58.0
3,2,1519929291951000,57.0
3,2,1519929293684000,56.0
3,2,1519929295333000,55.0
3,2,1519929297808000,54.0
3,2,1519929301933000,53.0
3,2,1519929306059000,52.0
3,2,1519929311063000,51.0
3,2,1519929321871000,50.0
3,2,1519929322641000,73.0
3,2,1519929323467000,94.0
3,2,1519929324291000,104.0
3,2,1519929325115000,111.0
3,2,1519929325941000,116.0
3,2,1519929326766000,119.0
3,2,1519929327591000,121.0
3,2,1519929328416000,122.0
3,2,1519929329240000,123.0
3,2,1519929333365000,122.0
3,2,1519929335016000,121.0
3,2,1519929335840000,118.0
3,2,1519929336664000,75.0
3,2,1519929337489999,42.0
3,2,1519929338369999,17.0
3,2,1519929339195000,3.0
3,2,1519929340020000,-7.0
3,2,1519929340845000,-12.0
3,2,1519929341670000,-15.0
3,2,1519929342496000,-16.0
3,2,1519929343320000,-19.0
3,2,1519929344118000,-25.0
3,2,1519929344943000,-29.0
3,2,1519929345768000,-30.0
3,2,1519929346593000,-31.0
3,2,1519929347417999,-29.0
3,2,1519929348270000,-27.0
3,2,1519929349920000,-25.0
3,2,1519929351569999,-27.0
3,2,1519929353303000,-25.0
3,2,1519929354155000,-24.0
3,2,1519929354980000,-23.0
3,2,1519929355806000,-22.0
3,2,1519929357455000,-21.0
3,2,1519929358308000,-19.0
3,2,1519929359132000,-18.0
3,2,1519929359958000,-17.0
3,2,1519929360783000,-16.0
3,2,1519929361608000,-15.0
3,2,1519929362432000,-14.0
3,2,1519929363257999,-13.0
3,2,1519929364083000,-12.0
3,2,1519929364935000,-11.0
3,2,1519929366503000,-9.0
3,2,1519929368152000,-8.0
3,2,1519929369692000,-7.0
3,2,1519929370518000,-6.0
3,2,1519929372167000,-5.0
3,2,1519929373020000,-4.0
3,2,1519929374697000,-3.0
3,2,1519929376349000,-2.0
3,2,1519929378052000,-4.0
3,2,1519929378878000,-5.0
3,2,1519929381407000,-4.0
3,2,1519929383112000,-2.0
3,2,1519929383937000,0.0
3,2,1519929384790000,4.0
3,2,1519929385616000,7.0
3,2,1519929386467000,6.0
3,2,1519929387292000,1.0
3,2,1519929388116000,-1.0
3,2,1519929388942000,-2.0
3,2,1519929389769000,-1.0
3,2,1519929391417999,0.0
3,2,1519929393974000,2.0
3,2,1519929397276000,3.0
3,2,1519929399777000,4.0
3,2,1519929400603000,5.0
3,2,1519929403104000,4.0
3,2,1519929404782000,3.0
3,2,1519929407312000,4.0
3,2,1519929408164000,5.0
3,2,1519929411519000,6.0
3,2,1519929412372000,5.0
3,2,1519929413197000,4.0
3,2,1519929414022000,3.0
3,2,1519929415672000,4.0
3,2,1519929422299000,6.0
3,2,1519929424829000,7.0
3,2,1519929428982000,8.0
3,2,1519929429807000,6.0
3,2,1519929431457000,5.0
3,2,1519929438139000,6.0
3,2,1519929449744000,7.0
3,2,1519929450569000,10.0
3,2,1519929451395000,8.0
3,2,1519929452217999,7.0
3,2,1519929453043000,6.0
3,2,1519929454721999,7.0
3,2,1519929456372000,8.0
3,2,1519929459699000,7.0
3,2,1519929460526000,9.0
3,2,1519929461349000,8.0
3,2,1519929462203000,7.0
3,2,1519929463055000,6.0
3,2,1519929468913000,7.0
3,2,1519929469737999,9.0
3,2,1519929474744000,8.0
3,2,1519929477219000,9.0
3,2,1519929479721000,10.0
3,2,1519929480547000,11.0
3,2,1519929488908000,8.0
3,2,1519929490557000,7.0
3,2,1519929493941000,6.0
3,2,1519929494764000,8.0
3,2,1519929499799000,9.0
3,2,1519929500623000,8.0
3,2,1519929502273000,9.0
3,2,1519929504776000,8.0
3,2,1519929505603000,9.0
3,2,1519929508073999,8.0
3,2,1519929509780000,7.0
3,2,1519929513934000,8.0
3,2,1519929514729000,7.0
3,2,1519929515555000,8.0
3,2,1519929528921000,9.0
3,2,1519929529745999,8.0
3,2,1519929530569999,9.0
3,2,1519929545475000,10.0
3,2,1519929546301000,9.0
3,2,1519929547125000,10.0
3,2,1519929547949000,9.0
3,2,1519929548775000,10.0
3,2,1519929549601000,9.0
3,2,1519929550424000,10.0
3,2,1519929553752000,9.0
3,2,1519929554577000,10.0
3,2,1519929560380000,11.0
3,2,1519929561205000,12.0
3,2,1519929575369000,11.0
3,2,1519929576220000,10.0
3,2,1519929584525000,11.0
3,2,1519929595359000,12.0
3,2,1519929596185999,13.0
3,2,1519929603417000,14.0
3,2,1519929604241999,13.0
3,2,1519929605892000,12.0
3,2,1519929606717000,13.0
3,2,1519929611777000,14.0
3,2,1519929612601999,13.0
3,2,1519929615105999,12.0
3,2,1519929615935000,11.0
3,2,1519929616755000,12.0
3,2,1519929617580000,11.0
3,2,1519929618405000,12.0
3,2,1519929624207000,14.0
3,2,1519929627507000,13.0
3,2,1519929629157000,12.0
3,2,1519929630807000,13.0
3,2,1519929631632000,12.0
3,2,1519929632455000,13.0
3,2,1519929644089000,15.0
3,2,1519929649891000,16.0
3,2,1519929650716000,15.0
3,2,1519929651541000,14.0
3,2,1519929653247000,13.0
3,2,1519929655723000,15.0
3,2,1519929658224000,14.0
3,2,1519929659873000,13.0
3,2,1519929661524000,15.0
3,2,1519929665704000,16.0
3,2,1519929684761000,17.0
3,2,1519929685561000,16.0
3,2,1519929687153000,17.0
3,2,1519929687923000,16.0
3,2,1519929689545999,15.0
3,2,1519929691141000,14.0
3,2,1519929694524000,15.0
3,2,1519929699528000,9.0
3,2,1519929700353000,10.0
3,2,1519929701206000,77.0
3,2,1519929702059000,117.0
3,2,1519929702884000,134.0
3,2,1519929703709000,133.0
3,2,1519929704534000,128.0
3,2,1519929705359000,124.0
3,2,1519929706183000,120.0
3,2,1519929707009000,117.0
3,2,1519929707833000,113.0
3,2,1519929708687000,110.0
3,2,1519929709511000,107.0
3,2,1519929710364000,104.0
3,2,1519929711216000,101.0
3,2,1519929712069000,99.0
3,2,1519929712894000,97.0
3,2,1519929713745000,95.0
3,2,1519929714571000,93.0
3,2,1519929715397000,91.0
3,2,1519929716225000,89.0
3,2,1519929717048000,87.0
3,2,1519929718723000,68.0
3,2,1519929719550000,46.0
3,2,1519929720401000,28.0
3,2,1519929721225999,18.0
3,2,1519929722079000,13.0
3,2,1519929722904000,9.0
3,2,1519929723784000,3.0
3,2,1519929724609000,0.0
3,2,1519929725461000,-1.0
3,2,1519929726286000,-2.0
3,2,1519929732941000,-1.0
3,2,1519929734617999,0.0
3,2,1519929736268000,1.0
3,2,1519929737919000,2.0
3,2,1519929738798000,3.0
3,2,1519929740448000,4.0
3,2,1519929742126000,5.0
3,2,1519929742951000,6.0
3,2,1519929744628000,7.0
3,2,1519929746305999,8.0
3,2,1519929747132000,9.0
3,2,1519929747928000,8.0
3,2,1519929748808000,9.0
3,2,1519929749633000,10.0
3,2,1519929752192000,11.0
3,2,1519929753923000,12.0
3,2,1519929756398000,13.0
3,2,1519929760551000,14.0
3,2,1519929764732000,15.0
3,2,1519929767233000,16.0
3,2,1519929768085000,17.0
3,2,1519929769709000,18.0
3,2,1519929772209999,17.0
3,2,1519929773861000,16.0
3,2,1519929777160000,17.0
3,2,1519929781313000,18.0
3,2,1519929792973000,19.0
3,2,1519929807053000,20.0
3,2,1519929807877000,19.0
3,2,1519929808729999,21.0
3,2,1519929810380000,22.0
3,2,1519929812827000,21.0
3,2,1519929814585999,36.0
3,7,1519924978375000,1033.0
3,7,1519924978615000,1031.0
3,7,1519924979365000,1036.0
3,7,1519924980115000,1041.0
3,7,1519924980865000,1044.0
3,7,1519924984943000,1042.0
3,7,1519924986563000,1043.0
3,7,1519924987343000,1042.0
3,7,1519924988992000,1041.0
3,7,1519924989743000,1040.0
3,7,1519924990553000,1041.0
3,7,1519924991364000,1023.0
3,7,1519924992204000,1006.0
3,7,1519924992953000,1018.0
3,7,1519924993761999,1049.0
3,7,1519924994542000,1030.0
3,7,1519924995292000,1064.0
3,7,1519924996103000,1039.0
3,7,1519924996853000,1046.0
3,7,1519924997603000,1026.0
3,7,1519924998441999,1051.0
3,7,1519924999192000,1037.0
3,7,1519925000001000,1049.0
3,7,1519925000753000,1038.0
3,7,1519925001502000,1034.0
3,7,1519925002252000,1035.0
3,7,1519925003001999,1038.0
3,7,1519925003752000,1050.0
3,7,1519925004502000,1035.0
3,7,1519925005341000,1029.0
3,7,1519925006841999,1031.0
3,7,1519925007621000,1035.0
3,7,1519925008401999,1072.0
3,7,1519925009152000,1041.0
3,7,1519925009961000,1049.0
3,7,1519925010741000,1034.0
3,7,1519925011491000,1037.0
3,7,1519925012301000,1069.0
3,7,1519925013201000,1054.0
3,7,1519925014101000,1046.0
3,7,1519925015031000,1010.0
3,7,1519925015931000,1025.0
3,7,1519925016831000,1149.0
3,7,1519925017731000,1062.0
3,7,1519925018632000,1044.0
3,7,1519925019532000,1004.0
3,7,1519925020461000,1002.0
3,7,1519925021361000,1010.0
3,7,1519925022261000,1027.0
3,7,1519925023161000,1020.0
3,7,1519925024061000,981.0
3,7,1519925024991000,1099.0
3,7,1519925025891000,1125.0
3,7,1519925026791000,1056.0
3,7,1519925027691000,1044.0
3,7,1519925028651000,1002.0
3,7,1519925029611000,1000.0
3,7,1519925030512000,1066.0
3,7,1519925031411000,1055.0
3,7,1519925032311000,1017.0
3,7,1519925033211000,1059.0
3,7,1519925034111000,1035.0
3,7,1519925035012000,994.0
3,7,1519925035911000,1004.0
3,7,1519925036809999,1118.0
3,7,1519925037711000,1056.0
3,7,1519925038611000,1016.0
3,7,1519925039511000,1443.0
3,7,1519925040411000,2038.0
3,7,1519925041341000,1084.0
3,7,1519925042329999,1037.0
3,7,1519925044191000,1039.0
3,7,1519925045181000,1022.0
3,7,1519925046111000,1045.0
3,7,1519925047009999,1041.0
3,7,1519925047910000,1006.0
3,7,1519925048841000,996.0
3,7,1519925049801000,1045.0
3,7,1519925050740000,1592.0
3,7,1519925051631000,2214.0
3,7,1519925052529999,1125.0
3,7,1519925053461000,1058.0
3,7,1519925054361000,1046.0
3,7,1519925056160000,1044.0
3,7,1519925057990000,1040.0
3,7,1519925059040000,1039.0
3,7,1519925059940000,1041.0
3,7,1519925062641000,1040.0
3,7,1519925063510000,1039.0
3,7,1519925067110000,1041.0
3,7,1519925067981000,1043.0
3,7,1519925068852000,1042.0
3,7,1519925069783000,1040.0
3,7,1519925071552000,1039.0
3,7,1519925072391000,1040.0
3,7,1519925073238000,1038.0
3,7,1519925074131000,1039.0
3,7,1519925076621000,1038.0
3,7,1519925077372000,1039.0
3,7,1519925079020000,1017.0
3,7,1519925079832000,1027.0
3,7,1519925080641999,1052.0
3,7,1519925081481999,1047.0
3,7,1519925082321000,1043.0
3,7,1519925083070000,1041.0
3,7,1519925084572000,1046.0
3,7,1519925085391000,1041.0
3,7,1519925086221000,1043.0
3,7,1519925087091000,1041.0
3,7,1519925087960000,1040.0
3,7,1519925088800000,1041.0
3,7,1519925089609999,1042.0
3,7,1519925091262000,1040.0
3,7,1519925092822000,1039.0
3,7,1519925094411000,1041.0
3,7,1519925096721999,1040.0
3,7,1519925097502000,1039.0
3,7,1519925098310000,1040.0
3,7,1519925099061000,1039.0
3,7,1519925101377999,1038.0
3,7,1519925102121999,1040.0
3,7,1519925102872000,1039.0
3,7,1519925105211000,1038.0
3,7,1519925105961000,1040.0
3,7,1519925106717000,1041.0
3,7,1519925107553000,1039.0
3,7,1519925108272000,1040.0
3,7,1519925109771000,1041.0
3,7,1519925111361999,1044.0
3,7,1519925112111000,1040.0
3,7,1519925112860000,963.0
3,7,1519925113609999,1054.0
3,7,1519925114360000,1280.0
3,7,1519925115171000,1698.0
3,7,1519925116070000,2432.0
3,7,1519925116971000,1595.0
3,7,1519925117901000,1731.0
3,7,1519925118801000,2237.0
3,7,1519925119702000,1331.0
3,7,1519925120663000,1466.0
3,7,1519925121591000,1475.0
3,7,1519925122493000,1471.0
3,7,1519925123421000,1464.0
3,7,1519925124412000,1479.0
3,7,1519925125371000,1492.0
3,7,1519925126391000,1515.0
3,7,1519925127381000,1539.0
3,7,1519925128340000,1557.0
3,7,1519925129270000,1569.0
3,7,1519925131165000,1571.0
3,7,1519925132089999,1565.0
3,7,1519925132991000,1564.0
3,7,1519925133891000,1556.0
3,7,1519925134792000,1550.0
3,7,1519925135721000,1545.0
3,7,1519925136651000,1544.0
3,7,1519925137551000,1525.0
3,7,1519925138451000,1268.0
3,7,1519925139352000,1038.0
3,7,1519925140281000,1379.0
3,7,1519925141181000,1754.0
3,7,1519925142080000,1418.0
3,7,1519925142981000,1132.0
3,7,1519925143880000,1046.0
3,7,1519925144780000,1139.0
3,7,1519925145681000,1320.0
3,7,1519925146581000,1609.0
3,7,1519925147481000,1929.0
3,7,1519925148381000,1765.0
3,7,1519925149281000,1376.0
3,7,1519925150209999,1521.0
3,7,1519925151110000,1633.0
3,7,1519925152011000,1668.0
3,7,1519925152941000,1673.0
3,7,1519925153870000,1674.0
3,7,1519925154769999,1661.0
3,7,1519925155701000,1627.0
3,7,1519925156660000,1582.0
3,7,1519925157561999,1499.0
3,7,1519925158460000,1386.0
3,7,1519925159361000,997.0
3,7,1519925160291000,1020.0
3,7,1519925161191000,1028.0
3,7,1519925162089999,1034.0
3,7,1519925163891000,1036.0
3,7,1519925164790000,992.0
3,7,1519925165721000,977.0
3,7,1519925166621000,1121.0
3,7,1519925167521000,1600.0
3,7,1519925168422000,1266.0
3,7,1519925169350000,1105.0
3,7,1519925170280000,1255.0
3,7,1519925171209999,1306.0
3,7,1519925172110000,1302.0
3,7,1519925172952000,1283.0
3,7,1519925173791000,1198.0
3,7,1519925174691000,1064.0
3,7,1519925175531000,1008.0
3,7,1519925176371000,1014.0
3,7,1519925177151000,1202.0
3,7,1519925177991000,1454.0
3,7,1519925178801999,1747.0
3,7,1519925179611000,1976.0
3,7,1519925180451000,2042.0
3,7,1519925181201000,1969.0
3,7,1519925181951000,1819.0
3,7,1519925182701000,1665.0
3,7,1519925183481999,1515.0
3,7,1519925184261000,1098.0
3,7,1519925185129999,1038.0
3,7,1519925186001999,1036.0
3,7,1519925186871000,1035.0
3,7,1519925187771000,1037.0
3,7,1519925188611000,1036.0
3,7,1519925189449999,992.0
3,7,1519925190292000,1076.0
3,7,1519925191190000,1013.0
3,7,1519925192030000,1011.0
3,7,1519925192870000,1009.0
3,7,1519925193711000,984.0
3,7,1519925194493000,1050.0
3,7,1519925195332000,1530.0
3,7,1519925196110000,1680.0
3,7,1519925196891000,1331.0
3,7,1519925197700000,1271.0
3,7,1519925198481000,1528.0
3,7,1519925199231000,1729.0
3,7,1519925200041000,1896.0
3,7,1519925200792000,1969.0
3,7,1519925201542000,2000.0
3,7,1519925202291000,2024.0
3,7,1519925203043000,2072.0
3,7,1519925203791000,2105.0
3,7,1519925204630000,2134.0
3,7,1519925205441000,2119.0
3,7,1519925206191000,2128.0
3,7,1519925206955000,2115.0
3,7,1519925207693000,2098.0
3,7,1519925208444000,2076.0
3,7,1519925209191000,2046.0
3,7,1519925210000000,2016.0
3,7,1519925210780000,1982.0
3,7,1519925211590000,1948.0
3,7,1519925212343000,1877.0
3,7,1519925213094000,1757.0
3,7,1519925213841999,1678.0
3,7,1519925214593999,1583.0
3,7,1519925215492000,1427.0
3,7,1519925216271000,1055.0
3,7,1519925217020000,1041.0
3,7,1519925217771000,1037.0
3,7,1519925218521000,1039.0
3,7,1519925220081000,1038.0
3,7,1519925220833000,981.0
3,7,1519925221582000,1433.0
3,7,1519925222333000,1787.0
3,7,1519925223081999,1155.0
3,7,1519925223861000,1148.0
3,7,1519925224582000,1459.0
3,7,1519925225332000,1846.0
3,7,1519925226083000,1265.0
3,7,1519925226830000,1040.0
3,7,1519925227731000,1035.0
3,7,1519925228633999,1034.0
3,7,1519925229561000,1032.0
3,7,1519925230461000,1033.0
3,7,1519925231361000,1032.0
3,7,1519925232260000,1034.0
3,7,1519925233160000,1037.0
3,7,1519925234060000,1038.0
3,7,1519925234993000,1037.0
3,7,1519925235891000,1039.0
3,7,1519925236792000,1040.0
3,7,1519925237692000,1039.0
3,7,1519925238592000,1040.0
3,7,1519925243150000,1039.0
3,7,1519925244049999,1038.0
3,7,1519925245852000,1039.0
3,7,1519925246751000,1040.0
3,7,1519925247710000,1039.0
3,7,1519925250441000,1040.0
3,7,1519925252240000,1039.0
3,7,1519925253169999,1041.0
3,7,1519925254069000,1039.0
3,7,1519925255001000,1040.0
3,7,1519925257729999,1041.0
3,7,1519925258630000,1039.0
3,7,1519925259531000,1040.0
3,7,1519925262260000,1039.0
3,7,1519925263163000,1040.0
3,7,1519925264062000,1041.0
3,7,1519925264961000,1040.0
3,7,1519925267720000,1039.0
3,7,1519925269520000,1040.0
3,7,1519925271380000,1039.0
3,7,1519925273181000,1041.0
3,7,1519925274079000,1039.0
3,7,1519925276870000,1040.0
3,7,1519925277771000,1039.0
3,7,1519925278669000,1040.0
3,7,1519925279569999,1039.0
3,7,1519925280470000,1040.0
3,7,1519925285840000,1041.0
3,7,1519925286711000,1040.0
3,7,1519925289380000,1041.0
3,7,1519925290279000,1040.0
3,7,1519925291119000,1038.0
3,7,1519925291965000,1041.0
3,7,1519925292800000,1045.0
3,7,1519925293701000,992.0
3,7,1519925294540000,979.0
3,7,1519925295320000,948.0
3,7,1519925296100000,1442.0
3,7,1519925296940000,1311.0
3,7,1519925297689999,1147.0
3,7,1519925298409999,1076.0
3,7,1519925299160000,1119.0
3,7,1519925299910000,1244.0
3,7,1519925300663000,1310.0
3,7,1519925301411000,1333.0
3,7,1519925302219000,1094.0
3,7,1519925302999000,1055.0
3,7,1519925303809999,1044.0
3,7,1519925304560000,1042.0
3,7,1519925305400000,1041.0
3,7,1519925306150000,1040.0
3,7,1519925308550000,1039.0
3,7,1519925310289999,1038.0
3,7,1519925311108000,1040.0
3,7,1519925311880000,1043.0
3,7,1519925312689000,960.0
3,7,1519925313439000,1043.0
3,7,1519925314189000,1218.0
3,7,1519925314940000,1629.0
3,7,1519925315689000,2200.0
3,7,1519925316440000,2477.0
3,7,1519925317188000,1461.0
3,7,1519925317940000,1549.0
3,7,1519925318689000,1619.0
3,7,1519925319439000,1715.0
3,7,1519925320248000,1796.0
3,7,1519925321001000,1845.0
3,7,1519925321751000,1873.0
3,7,1519925322503000,1871.0
3,7,1519925323249999,1858.0
3,7,1519925324003000,1857.0
3,7,1519925324841000,1851.0
3,7,1519925325651000,1846.0
3,7,1519925326401999,1823.0
3,7,1519925327179000,1814.0
3,7,1519925327989000,1793.0
3,7,1519925328740000,1787.0
3,7,1519925329520000,1779.0
3,7,1519925330390000,1759.0
3,7,1519925331139000,1747.0
3,7,1519925331889999,1739.0
3,7,1519925333390000,1773.0
3,7,1519925334139000,1814.0
3,7,1519925334889000,1874.0
3,7,1519925335702000,1444.0
3,7,1519925336449999,1201.0
3,7,1519925337199000,1236.0
3,7,1519925337949000,1273.0
3,7,1519925338760000,1304.0
3,7,1519925339659000,1348.0
3,7,1519925340590000,1364.0
3,7,1519925341489000,1410.0
3,7,1519925342419000,1464.0
3,7,1519925343349000,1515.0
3,7,1519925344249000,1519.0
3,7,1519925345180000,1520.0
3,7,1519925346079000,1507.0
3,7,1519925346980000,1487.0
3,7,1519925347878000,1496.0
3,7,1519925348779000,1442.0
3,7,1519925349678000,1379.0
3,7,1519925350582000,1360.0
3,7,1519925351479000,1355.0
3,7,1519925352409000,1364.0
3,7,1519925353309000,1371.0
3,7,1519925354209000,1367.0
3,7,1519925355140000,1394.0
3,7,1519925356039000,1434.0
3,7,1519925356939000,1477.0
3,7,1519925357839000,1495.0
3,7,1519925358752000,1507.0
3,7,1519925359640000,1525.0
3,7,1519925360539000,1482.0
3,7,1519925361497999,1476.0
3,7,1519925362429000,1426.0
3,7,1519925363329999,1347.0
3,7,1519925364229000,1053.0
3,7,1519925365159000,1045.0
3,7,1519925366060000,1040.0
3,7,1519925367857999,1038.0
3,7,1519925370559000,1044.0
3,7,1519925371459000,1041.0
3,7,1519925372359000,1039.0
3,7,1519925373259000,1035.0
3,7,1519925374159000,1015.0
3,7,1519925375089000,1059.0
3,7,1519925375989000,1013.0
3,7,1519925376889000,1014.0
3,7,1519925377789000,1021.0
3,7,1519925378689000,1038.0
3,7,1519925379589000,1087.0
3,7,1519925380489000,1060.0
3,7,1519925381419000,1053.0
3,7,1519925382319000,1045.0
3,7,1519925383219000,1044.0
3,7,1519925384118000,1041.0
3,7,1519925385019000,1039.0
3,7,1519925386851000,1034.0
3,7,1519925387750000,1148.0
3,7,1519925388649999,1239.0
3,7,1519925389550000,1252.0
3,7,1519925390420000,1238.0
3,7,1519925391289999,1181.0
3,7,1519925392129000,1085.0
3,7,1519925392969999,1048.0
3,7,1519925393809000,1022.0
3,7,1519925394681000,1029.0
3,7,1519925395579000,1052.0
3,7,1519925396419000,1046.0
3,7,1519925397320000,1028.0
3,7,1519925398158000,1006.0
3,7,1519925398999000,1069.0
3,7,1519925399783000,1054.0
3,7,1519925400619000,1006.0
3,7,1519925401399000,1005.0
3,7,1519925402269000,1017.0
3,7,1519925403169000,1114.0
3,7,1519925404039000,1058.0
3,7,1519925404939000,1036.0
3,7,1519925405868000,1016.0
3,7,1519925406709000,1051.0
3,7,1519925407608000,1067.0
3,7,1519925408449000,1055.0
3,7,1519925409289000,1069.0
3,7,1519925410132000,1055.0
3,7,1519925410971000,1036.0
3,7,1519925411869000,999.0
3,7,1519925412709000,1017.0
3,7,1519925413549000,1065.0
3,7,1519925414389000,1050.0
3,7,1519925415259000,1046.0
3,7,1519925416070000,1043.0
3,7,1519925417809000,1042.0
3,7,1519925419309000,1041.0
3,7,1519925420809000,1039.0
3,7,1519925421559000,1040.0
3,7,1519925422309000,1038.0
3,7,1519925423119000,1040.0
3,7,1519925424621000,1038.0
3,7,1519925425372000,1037.0
3,7,1519925426121000,1038.0
3,7,1519925427619000,1039.0
3,7,1519925428369999,1040.0
3,7,1519925429123000,1041.0
3,7,1519925429873000,1042.0
3,7,1519925430708000,1041.0
3,7,1519925431459000,1043.0
3,7,1519925432209000,1039.0
3,7,1519925432960000,1042.0
3,7,1519925433710000,1040.0
3,7,1519925434460000,1042.0
3,7,1519925435297999,1041.0
3,7,1519925436048000,1039.0
3,7,1519925436798000,1040.0
3,7,1519925437548000,1038.0
3,7,1519925438297999,1036.0
3,7,1519925439048000,1040.0
3,7,1519925439799000,1039.0
3,7,1519925440611000,1038.0
3,7,1519925441361000,1040.0
3,7,1519925442110000,1039.0
3,7,1519925445259000,1040.0
3,7,1519925446009999,1039.0
3,7,1519925446821000,1040.0
3,7,1519925448348000,1041.0
3,7,1519925449101000,1042.0
3,7,1519925449848000,1040.0
3,7,1519925450661000,1041.0
3,7,1519925453689000,1040.0
3,7,1519925454589000,1042.0
3,7,1519925455550000,1041.0
3,7,1519925456449000,1039.0
3,7,1519925457350000,1040.0
3,7,1519925458248000,1039.0
3,7,1519925460049999,1040.0
3,7,1519925460948000,1041.0
3,7,1519925461849000,1042.0
3,7,1519925462752000,1040.0
3,7,1519925463649000,1039.0
3,7,1519925464549000,1040.0
3,7,1519925465449000,1038.0
3,7,1519925466379000,1039.0
3,7,1519925467280000,1040.0
3,7,1519925469079000,1038.0
3,7,1519925469979000,1020.0
3,7,1519925470937999,1002.0
3,7,1519925471839000,1006.0
3,7,1519925472739000,1003.0
3,7,1519925473697999,1046.0
3,7,1519925474598000,1034.0
3,7,1519925475528000,1004.0
3,7,1519925476428000,1007.0
3,7,1519925477359000,1441.0
3,7,1519925478257999,1878.0
3,7,1519925479187000,1268.0
3,7,1519925480119000,1182.0
3,7,1519925481017999,1401.0
3,7,1519925481918000,1582.0
3,7,1519925482817000,1762.0
3,7,1519925483718000,1981.0
3,7,1519925484617999,1464.0
3,7,1519925485549000,1054.0
3,7,1519925486478000,1279.0
3,7,1519925487377999,1319.0
3,7,1519925488277000,1393.0
3,7,1519925489177999,1452.0
3,7,1519925490168000,1479.0
3,7,1519925491067000,1489.0
3,7,1519925491968000,1507.0
3,7,1519925492869000,1479.0
3,7,1519925493769000,1432.0
3,7,1519925494697000,1354.0
3,7,1519925495629000,1277.0
3,7,1519925496529000,1214.0
3,7,1519925497429000,1142.0
3,7,1519925498328000,988.0
3,7,1519925499228000,1018.0
3,7,1519925500188000,1026.0
3,7,1519925501153000,1032.0
3,7,1519925502049000,1037.0
3,7,1519925503849000,1039.0
3,7,1519925504777999,1037.0
3,7,1519925505708000,1038.0
3,7,1519925508377999,1040.0
3,7,1519925509308000,1039.0
3,7,1519925510208000,1041.0
3,7,1519925511049000,1039.0
3,7,1519925512788000,1044.0
3,7,1519925513629000,966.0
3,7,1519925514468000,1125.0
3,7,1519925515308000,1057.0
3,7,1519925516147000,1054.0
3,7,1519925516988000,1048.0
3,7,1519925517830000,1044.0
3,7,1519925518728000,1042.0
3,7,1519925519568000,1041.0
3,7,1519925521968000,1040.0
3,7,1519925522689999,1039.0
3,7,1519925523497999,1041.0
3,7,1519925524428000,1040.0
3,7,1519925525328000,1039.0
3,7,1519925526168000,1041.0
3,7,1519925527068000,1040.0
3,7,1519925527908000,1037.0
3,7,1519925528718000,1040.0
3,7,1519925532982000,1039.0
3,7,1519925533848000,1040.0
3,7,1519925534718000,1039.0
3,7,1519925535467000,1042.0
3,7,1519925536278000,1100.0
3,7,1519925537117000,1121.0
3,7,1519925537868000,1050.0
3,7,1519925538680000,1352.0
3,7,1519925539518000,1476.0
3,7,1519925540327000,1472.0
3,7,1519925541081000,1414.0
3,7,1519925541829000,1366.0
3,7,1519925542638000,1348.0
3,7,1519925543417999,1339.0
3,7,1519925544167000,1322.0
3,7,1519925544919000,1280.0
3,7,1519925545729999,1240.0
3,7,1519925546569999,1229.0
3,7,1519925547318000,1217.0
3,7,1519925548067000,1210.0
3,7,1519925548820000,1212.0
3,7,1519925549567000,1214.0
3,7,1519925550380000,1173.0
3,7,1519925551129000,1147.0
3,7,1519925551880000,1132.0
3,7,1519925552628000,1143.0
3,7,1519925553438000,1098.0
3,7,1519925554217999,1031.0
3,7,1519925555719000,1037.0
3,7,1519925556528000,1071.0
3,7,1519925557457000,1057.0
3,7,1519925558417999,1049.0
3,7,1519925559316000,1044.0
3,7,1519925560248000,1043.0
3,7,1519925561057000,1041.0
3,7,1519925561807000,1040.0
3,7,1519925564477000,1039.0
3,7,1519925565407000,1040.0
3,7,1519925567237000,1039.0
3,7,1519925568137000,1040.0
3,7,1519925569038000,1038.0
3,7,1519925569937999,1040.0
3,7,1519925570870000,1038.0
3,7,1519925571797000,1039.0
3,7,1519925573598000,1040.0
3,7,1519925574497000,1037.0
3,7,1519925575427000,1039.0
3,7,1519925576327000,1041.0
3,7,1519925578156000,1040.0
3,7,1519925581757000,1039.0
3,7,1519925582687000,1041.0
3,7,1519925583587000,1040.0
3,7,1519925584487000,1041.0
3,7,1519925585447000,1040.0
3,7,1519925587247000,1041.0
3,7,1519925588177000,1046.0
3,7,1519925589077000,1042.0
3,7,1519925591811000,1040.0
3,7,1519925593608000,1039.0
3,7,1519925594509000,1041.0
3,7,1519925595437000,1039.0
3,7,1519925596367000,1040.0
3,7,1519925597267000,1039.0
3,7,1519925598169000,1040.0
3,7,1519925599069000,1039.0
3,7,1519925603567000,1040.0
3,7,1519925604467000,1039.0
3,7,1519925605397000,1041.0
3,7,1519925606297000,1039.0
3,7,1519925607197000,1040.0
3,7,1519925608096000,971.0
3,7,1519925608997000,1007.0
3,7,1519925609867000,988.0
3,7,1519925610798000,1282.0
3,7,1519925611697000,1429.0
3,7,1519925612537999,1368.0
3,7,1519925613437000,1219.0
3,7,1519925614337000,1245.0
3,7,1519925615237000,1239.0
3,7,1519925616137000,1219.0
3,7,1519925617037000,1201.0
3,7,1519925617966000,1131.0
3,7,1519925618867000,1105.0
3,7,1519925619766000,1114.0
3,7,1519925620668000,1116.0
3,7,1519925621567000,1102.0
3,7,1519925622467000,1074.0
3,7,1519925623397000,1070.0
3,7,1519925624297000,1082.0
3,7,1519925625196000,1076.0
3,7,1519925626097000,1073.0
3,7,1519925627028000,1066.0
3,7,1519925627957000,1075.0
3,7,1519925628857000,1074.0
3,7,1519925629699000,1067.0
3,7,1519925630537000,1027.0
3,7,1519925631438000,1052.0
3,7,1519925632307000,1086.0
3,7,1519925633207000,1044.0
3,7,1519925634051000,1036.0
3,7,1519925634887000,1034.0
3,7,1519925635727000,1041.0
3,7,1519925636537999,1040.0
3,7,1519925638126000,1039.0
3,7,1519925638937000,1019.0
3,7,1519925639687000,1041.0
3,7,1519925640499000,1040.0
3,7,1519925641247000,1039.0
3,7,1519925641999000,1041.0
3,7,1519925642749000,1040.0
3,7,1519925644427000,1041.0
3,7,1519925645297000,1039.0
3,7,1519925646225999,1040.0
3,7,1519925647939000,1039.0
3,7,1519925648777999,1041.0
3,7,1519925649588000,1040.0
3,7,1519925652737999,1039.0
3,7,1519925654357000,1041.0
3,7,1519925655137000,1040.0
3,7,1519925658287000,1041.0
3,7,1519925659793000,1039.0
3,7,1519925660539000,1040.0
3,7,1519925661347000,1039.0
3,7,1519925662128000,1040.0
3,7,1519925662877000,1041.0
3,7,1519925663625999,1039.0
3,7,1519925664377000,1040.0
3,7,1519925666689000,1039.0
3,7,1519925667440000,1040.0
3,7,1519925668275000,1041.0
3,7,1519925669027000,1040.0
3,7,1519925669776000,1039.0
3,7,1519925670526000,1040.0
3,7,1519925671276000,1039.0
3,7,1519925672777000,1040.0
3,7,1519925675177000,1038.0
3,7,1519925675928000,1039.0
3,7,1519925676680000,1041.0
3,7,1519925677432000,1039.0
3,7,1519925678177000,1041.0
3,7,1519925678929000,1039.0
3,7,1519925680427000,1041.0
3,7,1519925681177000,1040.0
3,7,1519925682017000,1039.0
3,7,1519925682768000,1040.0
3,7,1519925683518000,1041.0
3,7,1519925684357000,1040.0
3,7,1519925685287000,1038.0
3,7,1519925686217999,1044.0
3,7,1519925687117000,1088.0
3,7,1519925688017999,1369.0
3,7,1519925688947000,2148.0
3,7,1519925689849000,1380.0
3,7,1519925690777999,1471.0
3,7,1519925691678000,1689.0
3,7,1519925692609000,1781.0
3,7,1519925693508000,1644.0
3,7,1519925694409000,1508.0
3,7,1519925695309000,1369.0
3,7,1519925696209000,1054.0
3,7,1519925697108000,1036.0
3,7,1519925698009000,1030.0
3,7,1519925698939000,1036.0
3,7,1519925699839000,1038.0
3,7,1519925700799000,1037.0
3,7,1519925701700000,1039.0
3,7,1519925703529999,1040.0
3,7,1519925704430000,1038.0
3,7,1519925705329000,1040.0
3,7,1519925706229000,1041.0
3,7,1519925707129000,1038.0
3,7,1519925708959000,1041.0
3,7,1519925710790000,1039.0
3,7,1519925711691000,1040.0
3,7,1519925712590000,1039.0
3,7,1519925713521000,1040.0
3,7,1519925715350000,1041.0
3,7,1519925716249999,1039.0
3,7,1519925717150000,1040.0
3,7,1519925718112000,1039.0
3,7,1519925721742000,1040.0
3,7,1519925722671000,1039.0
3,7,1519925724470000,1040.0
3,7,1519925725400000,1039.0
3,7,1519925726300000,1042.0
3,7,1519925727200000,1039.0
3,7,1519925728159000,1040.0
3,7,1519925731761000,1041.0
3,7,1519925732660000,1039.0
3,7,1519925733561999,1040.0
3,7,1519925735359000,1039.0
3,7,1519925736259000,1040.0
3,7,1519925737189000,1039.0
3,7,1519925740910000,1040.0
3,7,1519925741780000,1041.0
3,7,1519925743550000,1040.0
3,7,1519925745320000,1041.0
3,7,1519925746220000,1040.0
3,7,1519925748801000,1041.0
3,7,1519925749640000,1039.0
3,7,1519925750510000,1040.0
3,7,1519925752219000,1041.0
3,7,1519925753060000,1039.0
3,7,1519925754649999,1041.0
3,7,1519925755460000,1040.0
3,7,1519925756299000,1039.0
3,7,1519925757049999,1041.0
3,7,1519925757869000,1040.0
3,7,1519925759361000,1044.0
3,7,1519925760112000,1042.0
3,7,1519925760950000,1041.0
3,7,1519925762513000,1039.0
3,7,1519925763289999,1041.0
3,7,1519925764189000,1040.0
3,7,1519925765961000,1041.0
3,7,1519925766801000,1040.0
3,7,1519925767639000,1038.0
3,7,1519925768449999,1039.0
3,7,1519925770100000,1037.0
3,7,1519925770849000,1001.0
3,7,1519925771689999,983.0
3,7,1519925772439000,1169.0
3,7,1519925773249999,1253.0
3,7,1519925774001000,1154.0
3,7,1519925774752000,1058.0
3,7,1519925775503000,1024.0
3,7,1519925776249999,1027.0
3,7,1519925777000000,1029.0
3,7,1519925777751000,1034.0
3,7,1519925778501000,1081.0
3,7,1519925779249999,1060.0
3,7,1519925780001000,1054.0
3,7,1519925780752000,1050.0
3,7,1519925781501000,930.0
3,7,1519925782249999,1059.0
3,7,1519925783059000,1143.0
3,7,1519925783840000,1134.0
3,7,1519925784589000,1215.0
3,7,1519925785401999,1330.0
3,7,1519925786150000,1509.0
3,7,1519925786900000,1606.0
3,7,1519925787651000,1561.0
3,7,1519925788400000,1511.0
3,7,1519925789150000,1475.0
3,7,1519925789902000,1358.0
3,7,1519925790651000,1098.0
3,7,1519925791401999,994.0
3,7,1519925792150000,1023.0
3,7,1519925792903000,1037.0
3,7,1519925793679000,1046.0
3,7,1519925794429000,1048.0
3,7,1519925795179000,1050.0
3,7,1519925795991000,1054.0
3,7,1519925796742000,1080.0
3,7,1519925797491000,1187.0
3,7,1519925798301000,1293.0
3,7,1519925799081999,1411.0
3,7,1519925799829000,1692.0
3,7,1519925800641000,2105.0
3,7,1519925801509000,1165.0
3,7,1519925802411000,1506.0
3,7,1519925803309000,1940.0
3,7,1519925804209999,2319.0
3,7,1519925805109000,1668.0
3,7,1519925806040000,1659.0
3,7,1519925806939000,1754.0
3,7,1519925807840000,1771.0
3,7,1519925808740000,1756.0
3,7,1519925809640000,1708.0
3,7,1519925810569000,1216.0
3,7,1519925811469000,1053.0
3,7,1519925812369000,1690.0
3,7,1519925813269000,1957.0
3,7,1519925814199000,1662.0
3,7,1519925815099000,1416.0
3,7,1519925816029000,1444.0
3,7,1519925816929000,1626.0
3,7,1519925817830000,1923.0
3,7,1519925818729000,2281.0
3,7,1519925819628000,1612.0
3,7,1519925820559000,1595.0
3,7,1519925821459000,1820.0
3,7,1519925822359000,1939.0
3,7,1519925823259000,1914.0
3,7,1519925824159000,1867.0
3,7,1519925825060000,1817.0
3,7,1519925825989000,1758.0
3,7,1519925826889000,1048.0
3,7,1519925827790000,1440.0
3,7,1519925828689000,2201.0
3,7,1519925829588000,1861.0
3,7,1519925830489000,1046.0
3,7,1519925831388000,1048.0
3,7,1519925832289000,1040.0
3,7,1519925833189000,988.0
3,7,1519925834088000,989.0
3,7,1519925835049000,1131.0
3,7,1519925835979000,1194.0
3,7,1519925836908000,1127.0
3,7,1519925837817999,1086.0
3,7,1519925838710000,1082.0
3,7,1519925839609000,1094.0
3,7,1519925840511000,1108.0
3,7,1519925841411000,1097.0
3,7,1519925842310000,1071.0
3,7,1519925843208000,1116.0
3,7,1519925844110000,1345.0
3,7,1519925845009000,1631.0
3,7,1519925845969999,1979.0
3,7,1519925846869000,1773.0
3,7,1519925847769000,1023.0
3,7,1519925848669000,1033.0
3,7,1519925850409000,1037.0
3,7,1519925851339000,1040.0
3,7,1519925852239000,1039.0
3,7,1519925853168000,1040.0
3,7,1519925854069000,1039.0
3,7,1519925854971000,1038.0
3,7,1519925855899000,1040.0
3,7,1519925857699000,991.0
3,7,1519925858628000,1013.0
3,7,1519925859499000,1025.0
3,7,1519925860429000,1026.0
3,7,1519925861329000,1029.0
3,7,1519925862229000,1020.0
3,7,1519925863097999,1021.0
3,7,1519925863969000,1301.0
3,7,1519925864839000,1682.0
3,7,1519925865739000,1161.0
3,7,1519925866609000,1031.0
3,7,1519925867539000,1060.0
3,7,1519925868379000,1051.0
3,7,1519925869278000,1046.0
3,7,1519925870059000,1043.0
3,7,1519925870929000,1041.0
3,7,1519925871739000,1040.0
3,7,1519925872549000,1042.0
3,7,1519925873359000,1040.0
3,7,1519925874949000,1039.0
3,7,1519925875822000,1041.0
3,7,1519925876571000,1039.0
3,7,1519925878821000,1040.0
3,7,1519925880379000,1039.0
3,7,1519925881909000,1040.0
3,7,1519925884399000,1038.0
3,7,1519925885238000,1039.0
3,7,1519925886079000,1019.0
3,7,1519925886860000,1043.0
3,7,1519925887697999,1015.0
3,7,1519925888510000,990.0
3,7,1519925889318000,983.0
3,7,1519925890097999,1250.0
3,7,1519925890848000,1575.0
3,7,1519925891627000,1234.0
3,7,1519925892409999,1080.0
3,7,1519925893161000,1359.0
3,7,1519925893910000,1640.0
3,7,1519925894660000,1683.0
3,7,1519925895409999,1184.0
3,7,1519925896160000,1188.0
3,7,1519925896910000,1204.0
3,7,1519925897748000,1220.0
3,7,1519925898497999,1226.0
3,7,1519925899248000,1221.0
3,7,1519925900748000,1201.0
3,7,1519925901497999,1061.0
3,7,1519925902248000,1044.0
3,7,1519925902998000,1040.0
3,7,1519925903748000,1038.0
3,7,1519925904497999,1040.0
3,7,1519925908998000,1039.0
3,7,1519925910558000,1038.0
3,7,1519925912088000,1039.0
3,7,1519925912838000,1040.0
3,7,1519925913588000,1039.0
3,7,1519925916560000,1040.0
3,7,1519925917311000,1041.0
3,7,1519925918089999,1040.0
3,7,1519925918839000,1041.0
3,7,1519925920549000,1040.0
3,7,1519925921448000,1039.0
3,7,1519925923278000,1040.0
3,7,1519925924177999,1030.0
3,7,1519925925078000,1011.0
3,7,1519925926008000,1072.0
3,7,1519925926908000,1062.0
3,7,1519925927809000,1051.0
3,7,1519925928709000,1043.0
3,7,1519925929608000,1017.0
3,7,1519925930537999,989.0
3,7,1519925931438000,991.0
3,7,1519925932337999,1095.0
3,7,1519925933238000,1543.0
3,7,1519925934137999,1957.0
3,7,1519925935071000,1529.0
3,7,1519925935998000,1251.0
3,7,1519925936897999,1630.0
3,7,1519925937800000,1785.0
3,7,1519925938697999,1691.0
3,7,1519925939599000,1548.0
3,7,1519925940497999,1072.0
3,7,1519925941398000,1046.0
3,7,1519925942329000,1041.0
3,7,1519925944189000,1039.0
3,7,1519925946049999,1040.0
3,7,1519925947909000,1041.0
3,7,1519925948808000,1040.0
3,7,1519925949737000,1039.0
3,7,1519925950670000,1041.0
3,7,1519925951568000,1039.0
3,7,1519925952497999,1040.0
3,7,1519925953398000,1039.0
3,7,1519925954297999,1038.0
3,7,1519925955198000,1041.0
3,7,1519925956128000,1040.0
3,7,1519925958857999,1039.0
3,7,1519925959759000,1040.0
3,7,1519925960689000,1038.0
3,7,1519925961558000,1040.0
3,7,1519925962457999,1039.0
3,7,1519925963389000,1038.0
3,7,1519925964318000,1039.0
3,7,1519925965188000,1041.0
3,7,1519925966057999,1039.0
3,7,1519925966899000,1040.0
3,7,1519925969478000,1039.0
3,7,1519925970318000,1040.0
3,7,1519925972118000,1011.0
3,7,1519925973017999,1001.0
3,7,1519925973888000,1005.0
3,7,1519925974817999,1006.0
3,7,1519925975719000,997.0
3,7,1519925976617999,1144.0
3,7,1519925977488000,1070.0
3,7,1519925978388000,1053.0
3,7,1519925979257999,1046.0
3,7,1519925980158000,1043.0
3,7,1519925981118000,1042.0
3,7,1519925982020000,1041.0
3,7,1519925982920000,1040.0
3,7,1519925983729999,1039.0
3,7,1519925984599000,1040.0
3,7,1519925985439000,976.0
3,7,1519925986277000,1275.0
3,7,1519925987117000,1470.0
3,7,1519925988017000,1072.0
3,7,1519925988831000,1049.0
3,7,1519925989697999,1191.0
3,7,1519925990568000,1793.0
3,7,1519925991380000,2065.0
3,7,1519925992217000,1310.0
3,7,1519925993028000,1612.0
3,7,1519925993780000,1920.0
3,7,1519925994529999,1473.0
3,7,1519925995278000,1289.0
3,7,1519925996117000,1379.0
3,7,1519925996868000,1415.0
3,7,1519925997617999,1447.0
3,7,1519925998367000,1450.0
3,7,1519925999177999,1453.0
3,7,1519925999929000,1449.0
3,7,1519926000768000,1446.0
3,7,1519926001577999,1450.0
3,7,1519926002417999,1440.0
3,7,1519926003318000,1435.0
3,7,1519926004158000,1437.0
3,7,1519926004998000,1436.0
3,7,1519926005869000,1439.0
3,7,1519926006708000,1434.0
3,7,1519926007519000,1430.0
3,7,1519926008328000,1438.0
3,7,1519926009112000,1450.0
3,7,1519926009918000,1462.0
3,7,1519926010671000,1470.0
3,7,1519926011420000,1494.0
3,7,1519926012169000,1511.0
3,7,1519926012919000,1538.0
3,7,1519926013671000,1561.0
3,7,1519926014420000,1560.0
3,7,1519926015168000,1568.0
3,7,1519926015919000,1552.0
3,7,1519926016670000,1535.0
3,7,1519926017417999,1518.0
3,7,1519926018167000,1506.0
3,7,1519926018919000,1508.0
3,7,1519926019670000,1516.0
3,7,1519926020478000,1529.0
3,7,1519926021257999,1548.0
3,7,1519926022007000,1557.0
3,7,1519926022759000,1564.0
3,7,1519926023508000,1577.0
3,7,1519926024257999,1583.0
3,7,1519926025008000,1595.0
3,7,1519926025908000,1599.0
3,7,1519926026657000,1608.0
3,7,1519926027407000,1611.0
3,7,1519926028158000,1621.0
3,7,1519926028971000,1629.0
3,7,1519926029719000,1631.0
3,7,1519926030469000,1635.0
3,7,1519926031247000,1604.0
3,7,1519926031997000,1548.0
3,7,1519926032748000,1515.0
3,7,1519926033497000,1487.0
3,7,1519926034247000,1478.0
3,7,1519926034998000,1467.0
3,7,1519926035807000,1461.0
3,7,1519926036648000,1457.0
3,7,1519926037459000,1464.0
3,7,1519926038297999,1471.0
3,7,1519926039197000,1463.0
3,7,1519926040097999,1395.0
3,7,1519926041028000,1057.0
3,7,1519926041939000,1043.0
3,7,1519926042856000,1041.0
3,7,1519926043761000,1038.0
3,7,1519926044657999,1039.0
3,7,1519926045588000,1038.0
3,7,1519926046488000,1041.0
3,7,1519926048287000,1029.0
3,7,1519926049187000,1043.0
3,7,1519926050087000,1042.0
3,7,1519926051017999,1028.0
3,7,1519926051919000,1018.0
3,7,1519926052817999,989.0
3,7,1519926053717000,997.0
3,7,1519926054619000,1088.0
3,7,1519926055519000,1306.0
3,7,1519926056448000,1249.0
3,7,1519926057347000,920.0
3,7,1519926058277000,1242.0
3,7,1519926059177000,1580.0
3,7,1519926060076000,1913.0
3,7,1519926061007000,2204.0
3,7,1519926061907000,1512.0
3,7,1519926062807000,1462.0
3,7,1519926063707000,1507.0
3,7,1519926064607000,1528.0
3,7,1519926065537000,1548.0
3,7,1519926066467000,1567.0
3,7,1519926067457000,1578.0
3,7,1519926068357000,1576.0
3,7,1519926069257000,1586.0
3,7,1519926070157000,1579.0
3,7,1519926071057000,1516.0
3,7,1519926071957000,1456.0
3,7,1519926072857999,1386.0
3,7,1519926073787000,1242.0
3,7,1519926074718000,1048.0
3,7,1519926075647000,1044.0
3,7,1519926076547000,1040.0
3,7,1519926077447000,1038.0
3,7,1519926078377000,1039.0
3,7,1519926079277000,1040.0
3,7,1519926080177999,1033.0
3,7,1519926081105999,978.0
3,7,1519926082009000,1182.0
3,7,1519926082909000,1513.0
3,7,1519926083838000,1529.0
3,7,1519926084737000,1040.0
3,7,1519926085638000,1303.0
3,7,1519926086477000,1511.0
3,7,1519926087349000,1769.0
3,7,1519926088216000,1942.0
3,7,1519926089057999,1287.0
3,7,1519926089897000,1342.0
3,7,1519926090828000,1455.0
3,7,1519926091696000,1549.0
3,7,1519926092597000,1625.0
3,7,1519926093467000,1664.0
3,7,1519926094368000,1671.0
3,7,1519926095267000,1649.0
3,7,1519926096197000,1639.0
3,7,1519926097067000,1608.0
3,7,1519926097967000,1586.0
3,7,1519926098808000,1555.0
3,7,1519926099677000,1536.0
3,7,1519926100607000,1516.0
3,7,1519926101509000,1540.0
3,7,1519926102407000,1587.0
3,7,1519926103246000,1623.0
3,7,1519926104086000,1615.0
3,7,1519926104927000,1578.0
3,7,1519926105857000,1520.0
3,7,1519926106727000,1512.0
3,7,1519926107598000,1484.0
3,7,1519926108437000,1496.0
3,7,1519926109189000,1503.0
3,7,1519926110027000,1508.0
3,7,1519926110777999,1500.0
3,7,1519926111527000,1499.0
3,7,1519926112277000,1487.0
3,7,1519926113029000,1483.0
3,7,1519926113777000,1475.0
3,7,1519926114590000,1455.0
3,7,1519926115337000,1413.0
3,7,1519926116177000,1352.0
3,7,1519926116989000,1327.0
3,7,1519926117739000,1331.0
3,7,1519926119237000,1332.0
3,7,1519926120137000,1324.0
3,7,1519926120980000,1268.0
3,7,1519926121878000,1200.0
3,7,1519926122719000,1133.0
3,7,1519926123617000,1101.0
3,7,1519926124367000,1130.0
3,7,1519926125237000,1163.0
3,7,1519926126077000,1144.0
3,7,1519926126917000,1082.0
3,7,1519926127668000,1012.0
3,7,1519926128417999,1030.0
3,7,1519926129167000,1034.0
3,7,1519926129917000,1035.0
3,7,1519926130726000,1037.0
3,7,1519926131566000,1038.0
3,7,1519926132317000,1040.0
3,7,1519926133067000,1039.0
3,7,1519926133816000,1040.0
3,7,1519926134597000,1039.0
3,7,1519926135527000,1041.0
3,7,1519926136278000,1038.0
3,7,1519926137028000,1040.0
3,7,1519926139277000,1038.0
3,7,1519926140028000,1040.0
3,7,1519926140779000,1039.0
3,7,1519926141528000,1040.0
3,7,1519926142277000,1041.0
3,7,1519926143029000,1039.0
3,7,1519926143837000,1040.0
3,7,1519926144617000,1041.0
3,7,1519926145368000,1040.0
3,7,1519926149957000,1041.0
3,7,1519926151517000,1040.0
3,7,1519926153016000,1037.0
3,7,1519926153769000,1041.0
3,7,1519926154577000,1040.0
3,7,1519926161028000,1039.0
3,7,1519926161958000,1041.0
3,7,1519926162857999,1037.0
3,7,1519926163785999,1040.0
3,7,1519926171977000,1039.0
3,7,1519926172908000,1041.0
3,7,1519926173837000,1040.0
3,7,1519926174737000,1039.0
3,7,1519926176567000,1040.0
3,7,1519926177467000,1039.0
3,7,1519926178367000,1040.0
3,7,1519926180165000,1038.0
3,7,1519926181095000,1039.0
3,7,1519926182926000,1040.0
3,7,1519926183827000,1041.0
3,7,1519926184726000,1040.0
3,7,1519926185657999,1039.0
3,7,1519926186558000,1041.0
3,7,1519926188357000,1039.0
3,7,1519926190156000,1040.0
3,7,1519926191065999,1039.0
3,7,1519926191957000,1040.0
3,7,1519926193756000,1039.0
3,7,1519926195587000,1040.0
3,7,1519926196486000,1039.0
3,7,1519926198286000,1040.0
3,7,1519926203656000,1041.0
3,7,1519926204556000,1039.0
3,7,1519926205398000,1040.0
3,7,1519926206326000,1039.0
3,7,1519926207197000,1041.0
3,7,1519926208905999,1038.0
3,7,1519926209776000,1040.0
3,7,1519926211547000,1041.0
3,7,1519926212446000,1040.0
3,7,1519926214216000,1039.0
3,7,1519926215985999,1044.0
3,7,1519926216886000,978.0
3,7,1519926217757000,1000.0
3,7,1519926218656000,980.0
3,7,1519926219497000,1380.0
3,7,1519926220425999,2012.0
3,7,1519926221297000,1683.0
3,7,1519926222137000,1383.0
3,7,1519926223007000,1737.0
3,7,1519926223847000,1955.0
3,7,1519926224687000,2025.0
3,7,1519926225646000,2082.0
3,7,1519926226486000,2032.0
3,7,1519926227265000,1719.0
3,7,1519926228108000,1152.0
3,7,1519926228887000,1078.0
3,7,1519926229697000,1052.0
3,7,1519926230448000,1047.0
3,7,1519926231287000,1041.0
3,7,1519926232036000,1040.0
3,7,1519926235097000,1039.0
3,7,1519926235849000,1038.0
3,7,1519926237347000,1039.0
3,7,1519926238966000,1040.0
3,7,1519926239776000,1038.0
3,7,1519926240616000,1039.0
3,7,1519926241366000,1038.0
3,7,1519926242176000,1037.0
3,7,1519926242987000,1039.0
3,7,1519926244607000,1037.0
3,7,1519926245387000,1038.0
3,7,1519926246137999,1039.0
3,7,1519926247637000,1041.0
3,7,1519926248416000,1040.0
3,7,1519926250039000,1039.0
3,7,1519926250876000,1038.0
3,7,1519926251625999,1041.0
3,7,1519926253128000,1040.0
3,7,1519926256276000,1042.0
3,7,1519926257025000,1040.0
3,7,1519926258588000,1041.0
3,7,1519926259337000,1040.0
3,7,1519926261585999,1038.0
3,7,1519926262337000,1039.0
3,7,1519926263088000,1038.0
3,7,1519926263840000,1040.0
3,7,1519926264588000,1039.0
3,7,1519926266175000,1038.0
3,7,1519926266926000,1040.0
3,7,1519926267677000,1038.0
3,7,1519926268428000,1040.0
3,7,1519926269926000,1042.0
3,7,1519926270707000,1040.0
3,7,1519926271425999,1041.0
3,7,1519926272176000,1040.0
3,7,1519926273947000,1041.0
3,7,1519926274846000,1040.0
3,7,1519926275776000,1038.0
3,7,1519926276675000,1037.0
3,7,1519926277576000,1040.0
3,7,1519926278476000,1042.0
3,7,1519926280276000,1041.0
3,7,1519926282105000,1039.0
3,7,1519926283905000,1038.0
3,7,1519926285705000,1040.0
3,7,1519926288405000,1041.0
3,7,1519926289305000,1040.0
3,7,1519926290206000,1038.0
3,7,1519926291137999,1039.0
3,7,1519926292967000,1042.0
3,7,1519926293867000,1040.0
3,7,1519926294767000,1041.0
3,7,1519926296567000,1039.0
3,7,1519926298368000,1038.0
3,7,1519926299265999,1039.0
3,7,1519926300164000,1041.0
3,7,1519926301126000,1040.0
3,7,1519926302056000,1049.0
3,7,1519926302956000,1043.0
3,7,1519926303856000,1041.0
3,7,1519926305685000,1040.0
3,7,1519926307485000,1041.0
3,7,1519926308415000,1040.0
3,7,1519926310214000,1039.0
3,7,1519926312076000,1040.0
3,7,1519926313875000,1041.0
3,7,1519926314774000,1040.0
3,7,1519926315676000,1039.0
3,7,1519926319275000,1040.0
3,7,1519926321975000,1078.0
3,7,1519926322905000,1077.0
3,7,1519926323775000,1046.0
3,7,1519926324676000,1299.0
3,7,1519926325575000,1311.0
3,7,1519926326475000,1157.0
3,7,1519926327375000,1071.0
3,7,1519926328244000,1052.0
3,7,1519926329145999,1044.0
3,7,1519926330045000,1014.0
3,7,1519926330945000,937.0
3,7,1519926331845000,1395.0
3,7,1519926332745999,1970.0
3,7,1519926333615000,1226.0
3,7,1519926334515000,1548.0
3,7,1519926335355000,2067.0
3,7,1519926336224000,2275.0
3,7,1519926337124000,1316.0
3,7,1519926337995000,972.0
3,7,1519926338865000,922.0
3,7,1519926339705000,908.0
3,7,1519926340575000,905.0
3,7,1519926341475000,901.0
3,7,1519926342315000,900.0
3,7,1519926344055000,899.0
3,7,1519926344924000,901.0
3,7,1519926345796000,899.0
3,7,1519926346545000,898.0
3,7,1519926347295000,897.0
3,7,1519926348045000,898.0
3,7,1519926348795000,896.0
3,7,1519926349545999,898.0
3,7,1519926350294000,899.0
3,7,1519926351109000,897.0
3,7,1519926351857000,820.0
3,7,1519926352609000,251.0
3,7,1519926353355000,0.0
3,7,1519926392385000,1089.0
3,7,1519926393284000,880.0
3,7,1519926394184000,1037.0
3,7,1519926395084000,978.0
3,7,1519926395985000,1172.0
3,7,1519926396885000,1356.0
3,7,1519926397785000,1468.0
3,7,1519926398685000,1513.0
3,7,1519926399585999,1457.0
3,7,1519926400484000,1390.0
3,7,1519926401445000,1570.0
3,7,1519926402375000,1925.0
3,7,1519926403273999,1042.0
3,7,1519926404203000,1297.0
3,7,1519926405105000,1455.0
3,7,1519926406004000,1552.0
3,7,1519926406904000,1629.0
3,7,1519926407804000,1701.0
3,7,1519926408704000,1752.0
3,7,1519926409604000,1804.0
3,7,1519926410504000,1844.0
3,7,1519926411433999,1871.0
3,7,1519926412334000,1904.0
3,7,1519926413263000,1908.0
3,7,1519926414164000,1929.0
3,7,1519926415064000,1928.0
3,7,1519926415993999,1933.0
3,7,1519926416895000,1960.0
3,7,1519926417793999,1894.0
3,7,1519926418695000,1318.0
3,7,1519926419593999,1465.0
3,7,1519926420494000,1523.0
3,7,1519926421424000,1538.0
3,7,1519926422324000,1531.0
3,7,1519926424123000,1565.0
3,7,1519926425025000,1613.0
3,7,1519926425985999,1680.0
3,7,1519926426885000,1708.0
3,7,1519926427785999,1717.0
3,7,1519926428686000,1711.0
3,7,1519926429585999,1705.0
3,7,1519926430513999,1699.0
3,7,1519926431448000,1691.0
3,7,1519926432405000,1685.0
3,7,1519926433304000,1673.0
3,7,1519926434204000,1663.0
3,7,1519926435103000,1660.0
3,7,1519926436069000,1648.0
3,7,1519926437025000,1641.0
3,7,1519926437925000,1644.0
3,7,1519926438827000,1641.0
3,7,1519926439725000,1639.0
3,7,1519926440625000,1636.0
3,7,1519926441524000,1632.0
3,7,1519926442425000,1637.0
3,7,1519926443353999,1643.0
3,7,1519926444283000,1645.0
3,7,1519926445183000,1660.0
3,7,1519926446084000,1498.0
3,7,1519926446984000,926.0
3,7,1519926447883000,904.0
3,7,1519926448784000,901.0
3,7,1519926449684000,903.0
3,7,1519926451544000,899.0
3,7,1519926452444000,898.0
3,7,1519926453344000,896.0
3,7,1519926454244000,899.0
3,7,1519926455144000,901.0
3,7,1519926456916000,900.0
3,7,1519926458656000,894.0
3,7,1519926459555000,943.0
3,7,1519926460395000,1256.0
3,7,1519926461355000,1753.0
3,7,1519926462105000,1384.0
3,7,1519926462917000,1286.0
3,7,1519926463724000,1611.0
3,7,1519926464504000,1865.0
3,7,1519926465254000,1361.0
3,7,1519926466064000,1246.0
3,7,1519926466815000,1227.0
3,7,1519926467567000,1196.0
3,7,1519926468317000,1243.0
3,7,1519926469065999,1338.0
3,7,1519926469905999,1413.0
3,7,1519926470654000,1451.0
3,7,1519926471465999,1429.0
3,7,1519926472273999,1404.0
3,7,1519926473113999,1415.0
3,7,1519926473956000,1351.0
3,7,1519926474854000,1339.0
3,7,1519926475695000,1324.0
3,7,1519926476444000,1281.0
3,7,1519926477313999,1273.0
3,7,1519926478183000,920.0
3,7,1519926478905000,898.0
3,7,1519926479654000,903.0
3,7,1519926480494000,901.0
3,7,1519926481305000,898.0
3,7,1519926482144000,902.0
3,7,1519926483705000,900.0
3,7,1519926486856000,884.0
3,7,1519926487606000,804.0
3,7,1519926488355000,922.0
3,7,1519926489107000,912.0
3,7,1519926489944000,902.0
3,7,1519926490724000,910.0
3,7,1519926491508000,944.0
3,7,1519926492254000,1346.0
3,7,1519926493006000,1811.0
3,7,1519926493753999,1364.0
3,7,1519926494508000,1162.0
3,7,1519926495255000,1413.0
3,7,1519926496004000,1653.0
3,7,1519926496753999,1902.0
3,7,1519926497505999,2059.0
3,7,1519926498254000,1550.0
3,7,1519926499005000,1368.0
3,7,1519926499755000,1419.0
3,7,1519926500505000,1453.0
3,7,1519926501345999,1479.0
3,7,1519926502095000,1490.0
3,7,1519926502934000,1504.0
3,7,1519926503684000,1518.0
3,7,1519926504433000,1530.0
3,7,1519926505183000,1538.0
3,7,1519926506084000,1531.0
3,7,1519926506833999,1523.0
3,7,1519926507583000,1522.0
3,7,1519926508333000,1507.0
3,7,1519926509204000,1499.0
3,7,1519926510104000,1493.0
3,7,1519926511004000,1498.0
3,7,1519926511904000,1516.0
3,7,1519926512803000,1507.0
3,7,1519926513734000,1505.0
3,7,1519926514633000,1513.0
3,7,1519926515533000,1524.0
3,7,1519926516463000,1539.0
3,7,1519926517363000,1540.0
3,7,1519926518263000,1536.0
3,7,1519926519164000,1523.0
3,7,1519926520064000,1499.0
3,7,1519926520993000,1473.0
3,7,1519926521893000,1447.0
3,7,1519926522793000,1446.0
3,7,1519926523695000,1453.0
3,7,1519926524596000,1448.0
3,7,1519926525523000,1437.0
3,7,1519926526423000,1424.0
3,7,1519926527324000,1406.0
3,7,1519926528254000,1353.0
3,7,1519926529153000,1300.0
3,7,1519926530055000,1281.0
3,7,1519926530983000,1259.0
3,7,1519926531883000,1230.0
3,7,1519926532814000,1022.0
3,7,1519926533713999,927.0
3,7,1519926534644000,907.0
3,7,1519926535544000,903.0
3,7,1519926536533000,1023.0
3,7,1519926537433000,1242.0
3,7,1519926538363000,1562.0
3,7,1519926539263000,1599.0
3,7,1519926540163000,923.0
3,7,1519926541063000,899.0
3,7,1519926541963000,894.0
3,7,1519926542863000,897.0
3,7,1519926543793999,855.0
3,7,1519926544693000,763.0
3,7,1519926545593000,219.0
3,7,1519926546524000,0.0
3,7,1519926581414000,218.0
3,7,1519926582193999,1000.0
3,7,1519926582977999,971.0
3,7,1519926583814000,928.0
3,7,1519926584564000,902.0
3,7,1519926585313999,1262.0
3,7,1519926586124000,1906.0
3,7,1519926586965000,1764.0
3,7,1519926587713999,1044.0
3,7,1519926588464000,1118.0
3,7,1519926589214000,1214.0
3,7,1519926589964000,1317.0
3,7,1519926590713999,1407.0
3,7,1519926591526000,1497.0
3,7,1519926592276000,1516.0
3,7,1519926593025000,1458.0
3,7,1519926593777000,1343.0
3,7,1519926594615000,1225.0
3,7,1519926595364000,1123.0
3,7,1519926596113000,1017.0
3,7,1519926596864000,921.0
3,7,1519926597613000,870.0
3,7,1519926598364000,860.0
3,7,1519926599118000,862.0
3,7,1519926599864000,963.0
3,7,1519926600615000,927.0
3,7,1519926601425999,897.0
3,7,1519926602175000,900.0
3,7,1519926602926000,897.0
3,7,1519926603676000,835.0
3,7,1519926604425000,580.0
3,7,1519926605174000,75.0
3,7,1519926606014000,0.0
3,7,1519926686148000,1070.0
3,7,1519926686987000,1027.0
3,7,1519926687737999,946.0
3,7,1519926688487000,921.0
3,7,1519926689297999,983.0
3,7,1519926690052000,871.0
3,7,1519926690948000,802.0
3,7,1519926691699000,1505.0
3,7,1519926692537000,1974.0
3,7,1519926693288000,1272.0
3,7,1519926694038000,1052.0
3,7,1519926694789000,1104.0
3,7,1519926695657999,1142.0
3,7,1519926696497999,1059.0
3,7,1519926697339000,970.0
3,7,1519926698177999,937.0
3,7,1519926698929999,942.0
3,7,1519926699737999,937.0
3,7,1519926700492000,958.0
3,7,1519926701329000,996.0
3,7,1519926702078000,1040.0
3,7,1519926702889999,1100.0
3,7,1519926703640000,1141.0
3,7,1519926704389000,1145.0
3,7,1519926705137999,1181.0
3,7,1519926705889000,1324.0
3,7,1519926706640000,1585.0
3,7,1519926707390000,1709.0
3,7,1519926708139000,1199.0
3,7,1519926708889999,1251.0
3,7,1519926709728000,1324.0
3,7,1519926710478000,1366.0
3,7,1519926711289000,1409.0
3,7,1519926712039000,1432.0
3,7,1519926712790000,1418.0
3,7,1519926713542000,1421.0
3,7,1519926714289000,1412.0
3,7,1519926715040000,1413.0
3,7,1519926715790000,1442.0
3,7,1519926716628000,1499.0
3,7,1519926717377999,1559.0
3,7,1519926718127000,1617.0
3,7,1519926718878000,1650.0
3,7,1519926719628000,1671.0
3,7,1519926720377999,1676.0
3,7,1519926721189000,1655.0
3,7,1519926721943000,1599.0
3,7,1519926722694000,1515.0
3,7,1519926723471000,1445.0
3,7,1519926724369000,1392.0
3,7,1519926725267000,1376.0
3,7,1519926726198000,1390.0
3,7,1519926727139000,1410.0
3,7,1519926728031000,1422.0
3,7,1519926728959000,1399.0
3,7,1519926729857999,1381.0
3,7,1519926730759000,1362.0
3,7,1519926732619000,1353.0
3,7,1519926733549000,1334.0
3,7,1519926734448000,1332.0
3,7,1519926735348000,1354.0
3,7,1519926736308000,1374.0
3,7,1519926737208000,1367.0
3,7,1519926738107000,1341.0
3,7,1519926739097999,1294.0
3,7,1519926739998000,1237.0
3,7,1519926740928000,1139.0
3,7,1519926741828000,873.0
3,7,1519926742729000,881.0
3,7,1519926743628000,894.0
3,7,1519926744529000,897.0
3,7,1519926745429000,898.0
3,7,1519926746329000,897.0
3,7,1519926747228000,900.0
3,7,1519926748128000,901.0
3,7,1519926749029000,899.0
3,7,1519926750859000,820.0
3,7,1519926751758000,766.0
3,7,1519926752657999,769.0
3,7,1519926753588000,876.0
3,7,1519926754488000,883.0
3,7,1519926755388000,864.0
3,7,1519926756318000,1395.0
3,7,1519926757248000,1836.0
3,7,1519926758177000,1145.0
3,7,1519926759077000,999.0
3,7,1519926759979000,1040.0
3,7,1519926760878000,996.0
3,7,1519926761777999,1056.0
3,7,1519926762708000,1148.0
3,7,1519926763608000,1197.0
3,7,1519926764508000,1240.0
3,7,1519926765408000,1268.0
3,7,1519926766308000,1317.0
3,7,1519926767209000,1480.0
3,7,1519926768137000,1767.0
3,7,1519926769038000,1896.0
3,7,1519926769937999,1785.0
3,7,1519926770838000,1292.0
3,7,1519926771709000,908.0
3,7,1519926772609000,900.0
3,7,1519926773509000,896.0
3,7,1519926774379000,899.0
3,7,1519926775277000,880.0
3,7,1519926776177000,785.0
3,7,1519926777049000,768.0
3,7,1519926777918000,767.0
3,7,1519926779659000,770.0
3,7,1519926782329000,769.0
3,7,1519926783229000,770.0
3,7,1519926784038000,769.0
3,7,1519926784937999,771.0
3,7,1519926785838000,768.0
3,7,1519926786708000,769.0
3,7,1519926787608000,770.0
3,7,1519926788478000,771.0
3,7,1519926789377999,769.0
3,7,1519926791148000,771.0
3,7,1519926792048000,769.0
3,7,1519926792918000,770.0
3,7,1519926793817999,772.0
3,7,1519926794687000,769.0
3,7,1519926796518000,770.0
3,7,1519926798347000,952.0
3,7,1519926799159000,957.0
3,7,1519926800028000,1085.0
3,7,1519926800868000,1803.0
3,7,1519926801798000,1941.0
3,7,1519926802640000,1285.0
3,7,1519926803448000,1416.0
3,7,1519926804198000,1560.0
3,7,1519926804948000,1711.0
3,7,1519926805697999,1899.0
3,7,1519926806510000,2179.0
3,7,1519926807259000,2478.0
3,7,1519926808007000,2137.0
3,7,1519926808759000,1678.0
3,7,1519926809508000,1781.0
3,7,1519926810259000,1939.0
3,7,1519926811009000,2094.0
3,7,1519926811759000,2249.0
3,7,1519926812509000,2317.0
3,7,1519926813288000,1837.0
3,7,1519926814128000,1612.0
3,7,1519926814968000,1616.0
3,7,1519926815838000,1610.0
3,7,1519926816651000,1600.0
3,7,1519926817548000,1597.0
3,7,1519926818297999,1590.0
3,7,1519926819051000,1589.0
3,7,1519926819801000,1587.0
3,7,1519926820550000,1590.0
3,7,1519926821387000,1589.0
3,7,1519926822137000,1587.0
3,7,1519926822887000,1586.0
3,7,1519926823636000,1590.0
3,7,1519926824387000,1589.0
3,7,1519926825137000,1591.0
3,7,1519926825888000,1594.0
3,7,1519926826638000,1597.0
3,7,1519926827387000,1599.0
3,7,1519926828137000,1596.0
3,7,1519926828888000,1586.0
3,7,1519926829637000,1581.0
3,7,1519926830387000,1577.0
3,7,1519926831198000,1575.0
3,7,1519926831950000,1568.0
3,7,1519926832701000,1564.0
3,7,1519926833448000,1554.0
3,7,1519926834198000,1547.0
3,7,1519926834949000,1545.0
3,7,1519926835697999,1543.0
3,7,1519926836449000,1545.0
3,7,1519926837198000,1549.0
3,7,1519926837947000,1557.0
3,7,1519926838699000,1566.0
3,7,1519926839451000,1573.0
3,7,1519926840198000,1577.0
3,7,1519926841007000,1576.0
3,7,1519926841791000,1574.0
3,7,1519926842539000,1556.0
3,7,1519926843289000,1540.0
3,7,1519926844127000,1513.0
3,7,1519926844877000,1485.0
3,7,1519926845599000,1450.0
3,7,1519926846349000,1398.0
3,7,1519926847102000,1344.0
3,7,1519926847998000,1281.0
3,7,1519926848929000,933.0
3,7,1519926849829000,907.0
3,7,1519926850727000,901.0
3,7,1519926851657000,1380.0
3,7,1519926852560000,1460.0
3,7,1519926853488000,1472.0
3,7,1519926854388000,1487.0
3,7,1519926855287000,1504.0
3,7,1519926856187000,1510.0
3,7,1519926857087000,1499.0
3,7,1519926857988000,1490.0
3,7,1519926858887000,1468.0
3,7,1519926859821000,1417.0
3,7,1519926860718000,1288.0
3,7,1519926861648000,901.0
3,7,1519926862577000,900.0
3,7,1519926863477000,906.0
3,7,1519926864377000,898.0
3,7,1519926866207000,904.0
3,7,1519926867107000,1010.0
3,7,1519926868006000,1007.0
3,7,1519926868907000,1176.0
3,7,1519926869807000,1427.0
3,7,1519926870737000,1636.0
3,7,1519926871665999,1829.0
3,7,1519926872568000,2012.0
3,7,1519926873468000,2281.0
3,7,1519926874368000,1767.0
3,7,1519926875267000,1572.0
3,7,1519926876166000,1594.0
3,7,1519926877069000,1605.0
3,7,1519926878027000,1615.0
3,7,1519926878958000,1721.0
3,7,1519926879857000,1854.0
3,7,1519926880759000,1829.0
3,7,1519926881659000,1363.0
3,7,1519926882559000,1408.0
3,7,1519926883459000,1468.0
3,7,1519926884357000,1495.0
3,7,1519926885257000,1510.0
3,7,1519926886156000,1492.0
3,7,1519926887117000,1484.0
3,7,1519926888017000,1466.0
3,7,1519926888916000,1454.0
3,7,1519926889817999,1446.0
3,7,1519926890717000,1434.0
3,7,1519926891617999,1421.0
3,7,1519926892518000,1416.0
3,7,1519926893417000,1426.0
3,7,1519926894318000,1434.0
3,7,1519926895247000,1433.0
3,7,1519926897047000,1411.0
3,7,1519926897945999,1382.0
3,7,1519926898877000,1290.0
3,7,1519926899717000,1132.0
3,7,1519926900528000,875.0
3,7,1519926901459000,883.0
3,7,1519926902357000,889.0
3,7,1519926903227000,896.0
3,7,1519926904129000,871.0
3,7,1519926904997000,555.0
3,7,1519926905897000,65.0
3,7,1519926906859000,0.0
3,7,1519926920987000,1108.0
3,7,1519926921827000,991.0
3,7,1519926922665999,1395.0
3,7,1519926923507000,2123.0
3,7,1519926924257000,1653.0
3,7,1519926925007000,1381.0
3,7,1519926925817000,1729.0
3,7,1519926926569000,2232.0
3,7,1519926927317000,2343.0
3,7,1519926928067000,1558.0
3,7,1519926928908000,1750.0
3,7,1519926929657000,1986.0
3,7,1519926930407000,1886.0
3,7,1519926931307000,1459.0
3,7,1519926932147000,1445.0
3,7,1519926933047000,1426.0
3,7,1519926933887000,1389.0
3,7,1519926934757000,1370.0
3,7,1519926935537000,1343.0
3,7,1519926936347000,1311.0
3,7,1519926937129000,1282.0
3,7,1519926937997000,1247.0
3,7,1519926938749000,1221.0
3,7,1519926939497000,1152.0
3,7,1519926940307000,926.0
3,7,1519926941116000,908.0
3,7,1519926941897000,906.0
3,7,1519926942647000,904.0
3,7,1519926944145999,902.0
3,7,1519926945710000,885.0
3,7,1519926946547000,801.0
3,7,1519926947297000,771.0
3,7,1519926948047000,692.0
3,7,1519926948798000,188.0
3,7,1519926949609000,0.0
3,7,1519926964545999,1155.0
3,7,1519926965297999,904.0
3,7,1519926966107000,809.0
3,7,1519926967006000,796.0
3,7,1519926967937000,889.0
3,7,1519926968838000,904.0
3,7,1519926969736000,1134.0
3,7,1519926970667000,1777.0
3,7,1519926971627000,1661.0
3,7,1519926972527000,1193.0
3,7,1519926973427000,1418.0
3,7,1519926974356000,1563.0
3,7,1519926975286000,1588.0
3,7,1519926976217000,1585.0
3,7,1519926977117000,1598.0
3,7,1519926978017999,1700.0
3,7,1519926978916000,1944.0
3,7,1519926979848000,2217.0
3,7,1519926980777000,1640.0
3,7,1519926981677000,1523.0
3,7,1519926982577000,1618.0
3,7,1519926983477000,1636.0
3,7,1519926984376000,1690.0
3,7,1519926985277000,1722.0
3,7,1519926986206000,1697.0
3,7,1519926987107000,1703.0
3,7,1519926988006000,1709.0
3,7,1519926988907000,1672.0
3,7,1519926989808000,1586.0
3,7,1519926990707000,1478.0
3,7,1519926991607000,1392.0
3,7,1519926992505999,1357.0
3,7,1519926993406000,1348.0
3,7,1519926994305999,1349.0
3,7,1519926995206000,1360.0
3,7,1519926996108000,1385.0
3,7,1519926997006000,1416.0
3,7,1519926997907000,1445.0
3,7,1519926998805000,1477.0
3,7,1519926999705999,1449.0
3,7,1519927000607000,1395.0
3,7,1519927001505999,1388.0
3,7,1519927002436000,1406.0
3,7,1519927003336000,1404.0
3,7,1519927004236000,1379.0
3,7,1519927005136000,1343.0
3,7,1519927006036000,1335.0
3,7,1519927006936000,1362.0
3,7,1519927007836000,1417.0
3,7,1519927008736000,1515.0
3,7,1519927009635000,1585.0
3,7,1519927010536000,1569.0
3,7,1519927011467000,1521.0
3,7,1519927012337000,1491.0
3,7,1519927013237000,1475.0
3,7,1519927014137000,1442.0
3,7,1519927015007000,1396.0
3,7,1519927015907000,949.0
3,7,1519927016867000,910.0
3,7,1519927017803000,1271.0
3,7,1519927018697999,1262.0
3,7,1519927019598000,1293.0
3,7,1519927020497999,1365.0
3,7,1519927021427000,1490.0
3,7,1519927022385999,1640.0
3,7,1519927023286000,1785.0
3,7,1519927024185999,1859.0
3,7,1519927025088000,1895.0
3,7,1519927026017000,1938.0
3,7,1519927026945999,1966.0
3,7,1519927027876000,1978.0
3,7,1519927028776000,1986.0
3,7,1519927029676000,1994.0
3,7,1519927030575000,2006.0
3,7,1519927031505999,2001.0
3,7,1519927032405000,1975.0
3,7,1519927033277000,1952.0
3,7,1519927034175000,1983.0
3,7,1519927035016000,2064.0
3,7,1519927035917000,1590.0
3,7,1519927036817000,1435.0
3,7,1519927037628000,1449.0
3,7,1519927038436000,1463.0
3,7,1519927039216000,1474.0
3,7,1519927039965000,1480.0
3,7,1519927040776000,1492.0
3,7,1519927041615000,1507.0
3,7,1519927042369000,1509.0
3,7,1519927043115000,1517.0
3,7,1519927043865999,1521.0
3,7,1519927045366000,1534.0
3,7,1519927046116000,1540.0
3,7,1519927046865999,1542.0
3,7,1519927047705999,1558.0
3,7,1519927048545000,1579.0
3,7,1519927049387000,1585.0
3,7,1519927050225000,1575.0
3,7,1519927051125000,1537.0
3,7,1519927051905999,1481.0
3,7,1519927052715000,1426.0
3,7,1519927053468000,1388.0
3,7,1519927054217000,1370.0
3,7,1519927055056000,1378.0
3,7,1519927055870000,1388.0
3,7,1519927056617999,1394.0
3,7,1519927057369000,1404.0
3,7,1519927058205000,1420.0
3,7,1519927058956000,1429.0
3,7,1519927059705000,1434.0
3,7,1519927061265000,1428.0
3,7,1519927062020000,1430.0
3,7,1519927062856000,1433.0
3,7,1519927063607000,1437.0
3,7,1519927064356000,1441.0
3,7,1519927065105999,1443.0
3,7,1519927065856000,1442.0
3,7,1519927066606000,1424.0
3,7,1519927067356000,1376.0
3,7,1519927068105999,1330.0
3,7,1519927068856000,1307.0
3,7,1519927069607000,1255.0
3,7,1519927070356000,1247.0
3,7,1519927071165000,1204.0
3,7,1519927071917000,1181.0
3,7,1519927072667000,1160.0
3,7,1519927073417999,1152.0
3,7,1519927074166000,1123.0
3,7,1519927074916000,1080.0
3,7,1519927075668000,935.0
3,7,1519927076507000,1357.0
3,7,1519927077256000,1436.0
3,7,1519927078006000,1408.0
3,7,1519927078759000,1431.0
3,7,1519927079507000,1461.0
3,7,1519927080256000,1497.0
3,7,1519927081006000,1538.0
3,7,1519927081759000,1579.0
3,7,1519927082507000,1656.0
3,7,1519927083406000,1705.0
3,7,1519927084305999,1709.0
3,7,1519927085205000,1742.0
3,7,1519927086165000,1818.0
3,7,1519927087097000,1523.0
3,7,1519927087996000,1257.0
3,7,1519927088896000,1245.0
3,7,1519927089796000,1238.0
3,7,1519927090696000,1266.0
3,7,1519927091625999,1300.0
3,7,1519927092525000,1329.0
3,7,1519927093425999,1362.0
3,7,1519927094326000,1387.0
3,7,1519927095225000,1426.0
3,7,1519927096155000,1480.0
3,7,1519927097056000,1546.0
3,7,1519927097958000,1597.0
3,7,1519927098856000,1627.0
3,7,1519927099758000,1629.0
3,7,1519927100654000,1608.0
3,7,1519927101585999,1599.0
3,7,1519927102486000,1574.0
3,7,1519927103385999,1566.0
3,7,1519927104286000,1561.0
3,7,1519927105185999,1555.0
3,7,1519927106987000,1561.0
3,7,1519927107885000,1573.0
3,7,1519927108785999,1588.0
3,7,1519927109687000,1611.0
3,7,1519927110585000,1630.0
3,7,1519927111486000,1658.0
3,7,1519927112385000,1682.0
3,7,1519927113285000,1702.0
3,7,1519927114185000,1724.0
3,7,1519927115088000,1744.0
3,7,1519927115985999,1768.0
3,7,1519927116886000,1788.0
3,7,1519927117785999,1806.0
3,7,1519927118687000,1823.0
3,7,1519927119584000,1839.0
3,7,1519927120485000,1688.0
3,7,1519927121387000,1410.0
3,7,1519927122286000,1432.0
3,7,1519927123185000,1442.0
3,7,1519927124087000,1452.0
3,7,1519927124987000,1457.0
3,7,1519927125916000,1468.0
3,7,1519927126848000,1474.0
3,7,1519927127775000,1484.0
3,7,1519927128705999,1496.0
3,7,1519927129606000,1505.0
3,7,1519927130505000,1513.0
3,7,1519927131440000,1525.0
3,7,1519927132365000,1528.0
3,7,1519927133265000,1532.0
3,7,1519927134164000,1537.0
3,7,1519927135065000,1540.0
3,7,1519927135965000,1544.0
3,7,1519927136868000,1545.0
3,7,1519927137765000,1546.0
3,7,1519927138665000,1545.0
3,7,1519927139566000,1543.0
3,7,1519927140435000,1540.0
3,7,1519927141335000,1541.0
3,7,1519927142205000,1544.0
3,7,1519927146735000,1545.0
3,7,1519927147635000,1546.0
3,7,1519927148505000,1544.0
3,7,1519927149406000,1542.0
3,7,1519927151175000,1545.0
3,7,1519927152015000,1543.0
3,7,1519927152887000,1544.0
3,7,1519927156275000,1542.0
3,7,1519927157084000,1540.0
3,7,1519927157837000,1554.0
3,7,1519927158587000,1569.0
3,7,1519927159337000,1597.0
3,7,1519927160085000,1617.0
3,7,1519927160835000,1638.0
3,7,1519927161675000,1654.0
3,7,1519927162425000,1668.0
3,7,1519927163174000,1682.0
3,7,1519927163985000,1692.0
3,7,1519927164885000,1705.0
3,7,1519927165726000,1717.0
3,7,1519927166655000,1723.0
3,7,1519927167528000,1728.0
3,7,1519927168365000,1729.0
3,7,1519927169237000,1733.0
3,7,1519927170075000,1102.0
3,7,1519927170825999,1403.0
3,7,1519927171665000,1395.0
3,7,1519927172417000,1406.0
3,7,1519927173165000,1416.0
3,7,1519927173915000,1427.0
3,7,1519927174665000,1436.0
3,7,1519927175415000,1443.0
3,7,1519927176164000,1448.0
3,7,1519927176915000,1455.0
3,7,1519927177665000,1459.0
3,7,1519927178415000,1460.0
3,7,1519927179164000,1458.0
3,7,1519927179915000,1462.0
3,7,1519927180665000,1463.0
3,7,1519927181414000,1464.0
3,7,1519927182164000,1461.0
3,7,1519927182915000,1459.0
3,7,1519927183664000,1457.0
3,7,1519927184415000,1458.0
3,7,1519927185165000,1456.0
3,7,1519927185915000,1459.0
3,7,1519927187625999,1458.0
3,7,1519927188376000,1460.0
3,7,1519927189877000,1462.0
3,7,1519927190625000,1461.0
3,7,1519927191377000,1466.0
3,7,1519927192125000,1464.0
3,7,1519927192905000,1468.0
3,7,1519927194406000,1471.0
3,7,1519927195153999,1470.0
3,7,1519927195905000,1471.0
3,7,1519927197405000,1468.0
3,7,1519927198153999,1469.0
3,7,1519927198905000,1470.0
3,7,1519927199655000,1468.0
3,7,1519927200405000,1469.0
3,7,1519927201215000,1470.0
3,7,1519927201965000,1467.0
3,7,1519927203465000,1466.0
3,7,1519927204216000,1464.0
3,7,1519927205719000,1462.0
3,7,1519927206615000,1463.0
3,7,1519927208415000,1462.0
3,7,1519927209317000,1460.0
3,7,1519927210214000,1462.0
3,7,1519927212075000,1463.0
3,7,1519927212975000,1461.0
3,7,1519927213873999,1463.0
3,7,1519927214774000,1460.0
3,7,1519927215675000,1458.0
3,7,1519927216607000,1459.0
3,7,1519927217504000,1461.0
3,7,1519927218405000,1462.0
3,7,1519927219307000,1460.0
3,7,1519927220204000,1459.0
3,7,1519927222935000,1461.0
3,7,1519927223835000,1459.0
3,7,1519927224764000,1460.0
3,7,1519927225665000,1458.0
3,7,1519927226564000,1459.0
3,7,1519927227464000,1457.0
3,7,1519927229265000,1460.0
3,7,1519927231094000,1462.0
3,7,1519927231993999,1455.0
3,7,1519927232953999,1456.0
3,7,1519927233854000,1457.0
3,7,1519927234753999,1462.0
3,7,1519927235657000,1460.0
3,7,1519927236553999,1463.0
3,7,1519927237455000,1457.0
3,7,1519927238353999,1459.0
3,7,1519927240153999,1456.0
3,7,1519927241055000,1458.0
3,7,1519927241955000,1462.0
3,7,1519927242884000,1463.0
3,7,1519927243783000,1461.0
3,7,1519927244713999,1460.0
3,7,1519927245614000,1461.0
3,7,1519927247414000,1462.0
3,7,1519927248313999,1458.0
3,7,1519927249155000,1457.0
3,7,1519927250055000,1459.0
3,7,1519927250895000,1460.0
3,7,1519927251855000,1459.0
3,7,1519927252753999,1458.0
3,7,1519927253655000,1460.0
3,7,1519927254555000,1461.0
3,7,1519927255484000,1463.0
3,7,1519927256385999,1461.0
3,7,1519927257286000,1457.0
3,7,1519927260825999,1460.0
3,7,1519927261695000,1457.0
3,7,1519927262625999,1458.0
3,7,1519927263526000,1461.0
3,7,1519927264425999,1462.0
3,7,1519927265297999,1463.0
3,7,1519927267126000,1464.0
3,7,1519927267966000,1457.0
3,7,1519927268838000,1448.0
3,7,1519927269648000,1425.0
3,7,1519927270547000,1410.0
3,7,1519927271447000,1392.0
3,7,1519927272317000,1373.0
3,7,1519927273157000,1360.0
3,7,1519927273937000,1352.0
3,7,1519927274748000,1341.0
3,7,1519927275556000,1336.0
3,7,1519927276396000,1332.0
3,7,1519927277148000,1333.0
3,7,1519927278016000,1335.0
3,7,1519927278797000,1340.0
3,7,1519927279636000,1345.0
3,7,1519927280478000,1351.0
3,7,1519927281316000,1349.0
3,7,1519927283025999,1343.0
3,7,1519927283896000,1336.0
3,7,1519927284736000,1335.0
3,7,1519927285576000,1336.0
3,7,1519927286446000,1355.0
3,7,1519927287256000,1371.0
3,7,1519927288036000,1387.0
3,7,1519927288880000,1396.0
3,7,1519927289657000,1402.0
3,7,1519927290438000,1412.0
3,7,1519927291276000,1414.0
3,7,1519927292088000,1413.0
3,7,1519927292838000,1424.0
3,7,1519927293616000,1425.0
3,7,1519927294339000,1430.0
3,7,1519927295087000,1437.0
3,7,1519927295838000,1440.0
3,7,1519927296590000,1441.0
3,7,1519927297337000,1445.0
3,7,1519927298089000,1443.0
3,7,1519927298838000,1441.0
3,7,1519927299647000,1439.0
3,7,1519927300428000,1437.0
3,7,1519927301206000,1436.0
3,7,1519927301988000,1442.0
3,7,1519927302739000,1440.0
3,7,1519927303488000,1441.0
3,7,1519927304238000,1444.0
3,7,1519927304988000,1446.0
3,7,1519927306576000,1445.0
3,7,1519927307357000,1447.0
3,7,1519927308076000,1446.0
3,7,1519927310416000,1443.0
3,7,1519927311166000,1446.0
3,7,1519927311975000,1443.0
3,7,1519927312728000,1440.0
3,7,1519927313478000,1436.0
3,7,1519927314227000,1443.0
3,7,1519927314979000,1440.0
3,7,1519927315727000,1441.0
3,7,1519927316566000,1450.0
3,7,1519927317316000,1445.0
3,7,1519927318065999,1448.0
3,7,1519927318816000,1451.0
3,7,1519927319567000,1450.0
3,7,1519927320316000,1452.0
3,7,1519927321065999,1454.0
3,7,1519927321817999,1453.0
3,7,1519927322566000,1454.0
3,7,1519927323316000,1452.0
3,7,1519927324095000,1449.0
3,7,1519927324967000,1445.0
3,7,1519927325897000,1442.0
3,7,1519927327725000,1443.0
3,7,1519927328625999,1440.0
3,7,1519927329526000,1444.0
3,7,1519927330425999,1448.0
3,7,1519927331357000,1453.0
3,7,1519927332257000,1460.0
3,7,1519927333156000,1467.0
3,7,1519927334057999,1465.0
3,7,1519927334958000,1469.0
3,7,1519927335857999,1470.0
3,7,1519927336755000,1476.0
3,7,1519927337659000,1475.0
3,7,1519927339457000,1476.0
3,7,1519927340387000,1474.0
3,7,1519927342275000,1480.0
3,7,1519927344077000,1479.0
3,7,1519927344976000,1476.0
3,7,1519927346806000,1477.0
3,7,1519927347705999,1473.0
3,7,1519927348606000,1470.0
3,7,1519927349505999,1473.0
3,7,1519927350406000,1468.0
3,7,1519927351305999,1463.0
3,7,1519927352206000,1458.0
3,7,1519927353105000,1454.0
3,7,1519927354006000,1451.0
3,7,1519927354905999,1448.0
3,7,1519927355806000,1442.0
3,7,1519927356708000,1441.0
3,7,1519927357606000,1437.0
3,7,1519927358505999,1446.0
3,7,1519927359406000,1442.0
3,7,1519927360305999,1446.0
3,7,1519927362165000,1453.0
3,7,1519927363065999,1452.0
3,7,1519927363966000,1449.0
3,7,1519927364865999,1453.0
3,7,1519927366665999,1456.0
3,7,1519927367566000,1455.0
3,7,1519927369366000,1453.0
3,7,1519927370265999,1458.0
3,7,1519927371195000,1460.0
3,7,1519927372096000,1462.0
3,7,1519927373025999,1461.0
3,7,1519927374825999,1463.0
3,7,1519927375726000,1458.0
3,7,1519927376625999,1461.0
3,7,1519927377525000,1456.0
3,7,1519927379326000,1462.0
3,7,1519927380225999,1460.0
3,7,1519927381125000,1463.0
3,7,1519927381997000,1459.0
3,7,1519927382897000,1460.0
3,7,1519927383737999,1461.0
3,7,1519927384577000,1463.0
3,7,1519927385416000,1459.0
3,7,1519927386285000,1463.0
3,7,1519927387155000,1460.0
3,7,1519927388808000,1464.0
3,7,1519927389585999,1462.0
3,7,1519927391265000,1459.0
3,7,1519927392917000,1458.0
3,7,1519927393696000,1459.0
3,7,1519927395286000,1457.0
3,7,1519927398856000,1460.0
3,7,1519927399697000,1459.0
3,7,1519927400536000,1457.0
3,7,1519927401436000,1458.0
3,7,1519927402246000,1457.0
3,7,1519927403085000,1460.0
3,7,1519927403956000,1462.0
3,7,1519927405635000,1460.0
3,7,1519927406536000,1466.0
3,7,1519927407345999,1483.0
3,7,1519927408125000,1485.0
3,7,1519927408995000,1513.0
3,7,1519927409745999,1529.0
3,7,1519927410526000,1542.0
3,7,1519927411246000,1557.0
3,7,1519927411998000,1574.0
3,7,1519927412747000,1599.0
3,7,1519927413497000,1625.0
3,7,1519927414246000,1646.0
3,7,1519927414998000,1654.0
3,7,1519927415747000,1682.0
3,7,1519927416585000,1687.0
3,7,1519927417335000,1710.0
3,7,1519927418085000,1721.0
3,7,1519927418835000,1734.0
3,7,1519927420336000,1724.0
3,7,1519927421084000,1708.0
3,7,1519927421897000,1685.0
3,7,1519927422647000,1664.0
3,7,1519927423397000,1643.0
3,7,1519927424175000,1621.0
3,7,1519927424925000,1599.0
3,7,1519927425675000,1576.0
3,7,1519927426425000,1550.0
3,7,1519927427175000,1523.0
3,7,1519927427925000,1489.0
3,7,1519927428675000,1455.0
3,7,1519927429425000,1423.0
3,7,1519927430175000,1387.0
3,7,1519927430925000,1350.0
3,7,1519927431737999,1305.0
3,7,1519927432487000,1260.0
3,7,1519927433236000,1216.0
3,7,1519927433987000,1171.0
3,7,1519927434737000,1128.0
3,7,1519927435545000,1040.0
3,7,1519927436385000,1243.0
3,7,1519927437135000,1233.0
3,7,1519927437885000,1226.0
3,7,1519927438637000,1211.0
3,7,1519927439388000,1537.0
3,7,1519927440135000,1496.0
3,7,1519927440889000,1513.0
3,7,1519927441637000,1557.0
3,7,1519927442476000,1631.0
3,7,1519927443376000,1739.0
3,7,1519927444276000,1834.0
3,7,1519927445176000,1939.0
3,7,1519927446105000,2022.0
3,7,1519927447007000,1808.0
3,7,1519927447907000,1517.0
3,7,1519927448807000,1525.0
3,7,1519927449707000,1535.0
3,7,1519927450633999,1549.0
3,7,1519927451566000,1566.0
3,7,1519927452465000,1581.0
3,7,1519927453365000,1589.0
3,7,1519927455165000,1595.0
3,7,1519927456064000,1599.0
3,7,1519927456995000,1610.0
3,7,1519927457895000,1627.0
3,7,1519927458795000,1648.0
3,7,1519927459694000,1668.0
3,7,1519927460595000,1692.0
3,7,1519927461525000,1719.0
3,7,1519927462425999,1741.0
3,7,1519927463325000,1766.0
3,7,1519927464225999,1790.0
3,7,1519927465153999,1808.0
3,7,1519927466055000,1817.0
3,7,1519927466955000,1818.0
3,7,1519927467855000,1813.0
3,7,1519927468755000,1796.0
3,7,1519927469655000,1775.0
3,7,1519927470553999,1748.0
3,7,1519927471485000,1724.0
3,7,1519927472385000,1710.0
3,7,1519927473285000,1703.0
3,7,1519927474185000,1696.0
3,7,1519927475087000,1688.0
3,7,1519927475985000,1679.0
3,7,1519927476915000,1693.0
3,7,1519927477815000,1743.0
3,7,1519927478715000,1786.0
3,7,1519927479615000,1824.0
3,7,1519927480516000,1841.0
3,7,1519927481445000,1838.0
3,7,1519927482345999,1839.0
3,7,1519927483245000,1838.0
3,7,1519927484144000,1844.0
3,7,1519927485045000,1851.0
3,7,1519927485945000,1856.0
3,7,1519927486875000,1867.0
3,7,1519927487775000,1885.0
3,7,1519927488675000,1908.0
3,7,1519927489545000,1928.0
3,7,1519927490454000,1953.0
3,7,1519927491315000,1976.0
3,7,1519927492215000,1997.0
3,7,1519927493113999,2022.0
3,7,1519927494016000,2045.0
3,7,1519927494915000,2064.0
3,7,1519927495846000,2072.0
3,7,1519927496745000,2071.0
3,7,1519927497615000,2063.0
3,7,1519927498515000,2041.0
3,7,1519927499356000,2017.0
3,7,1519927500254000,1990.0
3,7,1519927501094000,1971.0
3,7,1519927501966000,1946.0
3,7,1519927502865000,1915.0
3,7,1519927503705000,1881.0
3,7,1519927504545000,1847.0
3,7,1519927505416000,1819.0
3,7,1519927506255000,1813.0
3,7,1519927507153999,1825.0
3,7,1519927507964000,1847.0
3,7,1519927508895000,1882.0
3,7,1519927509704000,1907.0
3,7,1519927510513999,1937.0
3,7,1519927511444000,1964.0
3,7,1519927512344000,1995.0
3,7,1519927513245000,2020.0
3,7,1519927514084000,2045.0
3,7,1519927514925000,2061.0
3,7,1519927515855000,2075.0
3,7,1519927516785000,2089.0
3,7,1519927517624000,2083.0
3,7,1519927518494000,2081.0
3,7,1519927519365000,2063.0
3,7,1519927520204000,2046.0
3,7,1519927520955000,2035.0
3,7,1519927521793999,2032.0
3,7,1519927522695000,2035.0
3,7,1519927523504000,2042.0
3,7,1519927524284000,2046.0
3,7,1519927525096000,2056.0
3,7,1519927525846000,2070.0
3,7,1519927526686000,2077.0
3,7,1519927527406000,2084.0
3,7,1519927528155000,2086.0
3,7,1519927528905999,2092.0
3,7,1519927529656000,2097.0
3,7,1519927530406000,2102.0
3,7,1519927531155000,2106.0
3,7,1519927531905999,2109.0
3,7,1519927532656000,2113.0
3,7,1519927533405000,2114.0
3,7,1519927534155000,2115.0
3,7,1519927534905999,2117.0
3,7,1519927535688000,2120.0
3,7,1519927536406000,2123.0
3,7,1519927537155000,2119.0
3,7,1519927538684000,2123.0
3,7,1519927539496000,2122.0
3,7,1519927540245000,2123.0
3,7,1519927541055000,2124.0
3,7,1519927541896000,2125.0
3,7,1519927542646000,2120.0
3,7,1519927543396000,2122.0
3,7,1519927544145000,2123.0
3,7,1519927544895000,2124.0
3,7,1519927545646000,2127.0
3,7,1519927546454000,2130.0
3,7,1519927547233999,2129.0
3,7,1519927547984000,2135.0
3,7,1519927548734000,2132.0
3,7,1519927550233999,2136.0
3,7,1519927551103000,2139.0
3,7,1519927552004000,2143.0
3,7,1519927552904000,2134.0
3,7,1519927553804000,2108.0
3,7,1519927554704000,2089.0
3,7,1519927555604000,2072.0
3,7,1519927556504000,2057.0
3,7,1519927557405000,2049.0
3,7,1519927559204000,2051.0
3,7,1519927560103000,2059.0
3,7,1519927561004000,2074.0
3,7,1519927561935000,2087.0
3,7,1519927562833999,2094.0
3,7,1519927563765000,2101.0
3,7,1519927564665000,2109.0
3,7,1519927565564000,2112.0
3,7,1519927566464000,2120.0
3,7,1519927567364000,2122.0
3,7,1519927568264000,2126.0
3,7,1519927569164000,2129.0
3,7,1519927570063000,2132.0
3,7,1519927570964000,2133.0
3,7,1519927571924000,2136.0
3,7,1519927573724000,2133.0
3,7,1519927574624000,2129.0
3,7,1519927575524000,2134.0
3,7,1519927576455000,2135.0
3,7,1519927577353999,2132.0
3,7,1519927578254000,2136.0
3,7,1519927579184000,2137.0
3,7,1519927580100000,2133.0
3,7,1519927580984000,2135.0
3,7,1519927581945000,2131.0
3,7,1519927582844000,2132.0
3,7,1519927583744000,2127.0
3,7,1519927584644000,2125.0
3,7,1519927585544000,2114.0
3,7,1519927586446000,2113.0
3,7,1519927587344000,2115.0
3,7,1519927588244000,2114.0
3,7,1519927589143000,2115.0
3,7,1519927590045000,2113.0
3,7,1519927590944000,2114.0
3,7,1519927592774000,2119.0
3,7,1519927593673999,2117.0
3,7,1519927594574000,2123.0
3,7,1519927595477000,2120.0
3,7,1519927596404000,2122.0
3,7,1519927597304000,2124.0
3,7,1519927598204000,2125.0
3,7,1519927599103000,2126.0
3,7,1519927600004000,2127.0
3,7,1519927600904000,2129.0
3,7,1519927601804000,2133.0
3,7,1519927602704000,2131.0
3,7,1519927603635000,2133.0
3,7,1519927604534000,2138.0
3,7,1519927605433999,2134.0
3,7,1519927606334000,2139.0
3,7,1519927607233999,2140.0
3,7,1519927608133000,2136.0
3,7,1519927609033999,2139.0
3,7,1519927609934000,2137.0
3,7,1519927610833999,2145.0
3,7,1519927611734000,2144.0
3,7,1519927612639000,2148.0
3,7,1519927613534000,2149.0
3,7,1519927614433999,2146.0
3,7,1519927615335000,2153.0
3,7,1519927616233999,2147.0
3,7,1519927617163000,2148.0
3,7,1519927618004000,2146.0
3,7,1519927618844000,2141.0
3,7,1519927619713999,2143.0
3,7,1519927620524000,2140.0
3,7,1519927621424000,2138.0
3,7,1519927622263000,2140.0
3,7,1519927623825000,2137.0
3,7,1519927626433999,2132.0
3,7,1519927627303000,2129.0
3,7,1519927628204000,2134.0
3,7,1519927629073000,2133.0
3,7,1519927629974000,2132.0
3,7,1519927630815000,2130.0
3,7,1519927632613000,2131.0
3,7,1519927633484000,2128.0
3,7,1519927634324000,2133.0
3,7,1519927635163000,2130.0
3,7,1519927636004000,2127.0
3,7,1519927636904000,2128.0
3,7,1519927637715000,2127.0
3,7,1519927638493000,2128.0
3,7,1519927640053000,2134.0
3,7,1519927641765000,2131.0
3,7,1519927643265000,2132.0
3,7,1519927644015000,2136.0
3,7,1519927644765000,2131.0
3,7,1519927645515000,2128.0
3,7,1519927646264000,2126.0
3,7,1519927647103000,2122.0
3,7,1519927647852000,2115.0
3,7,1519927648603000,2107.0
3,7,1519927649353000,2106.0
3,7,1519927650103000,2111.0
3,7,1519927650856000,2110.0
3,7,1519927651667000,2119.0
3,7,1519927652503000,2120.0
3,7,1519927653253000,2121.0
3,7,1519927654005000,2119.0
3,7,1519927654813000,2129.0
3,7,1519927655655000,2119.0
3,7,1519927656404000,2116.0
3,7,1519927657153999,2114.0
3,7,1519927657905000,2113.0
3,7,1519927658655000,2114.0
3,7,1519927659404000,2113.0
3,7,1519927660153000,2108.0
3,7,1519927660905000,2099.0
3,7,1519927661743000,2083.0
3,7,1519927662493000,2074.0
3,7,1519927663243000,2063.0
3,7,1519927663993000,2059.0
3,7,1519927664743000,2051.0
3,7,1519927665493000,2049.0
3,7,1519927666243000,2045.0
3,7,1519927667804000,2047.0
3,7,1519927668555000,2051.0
3,7,1519927669305000,2055.0
3,7,1519927670055000,2064.0
3,7,1519927670805000,2072.0
3,7,1519927671553999,2081.0
3,7,1519927672304000,2087.0
3,7,1519927673055000,2096.0
3,7,1519927673805000,2099.0
3,7,1519927674553000,2106.0
3,7,1519927675304000,2107.0
3,7,1519927676055000,2101.0
3,7,1519927676893000,2088.0
3,7,1519927677643000,2062.0
3,7,1519927678423000,2036.0
3,7,1519927679323000,1992.0
3,7,1519927680223000,1957.0
3,7,1519927681121999,1929.0
3,7,1519927682112000,1920.0
3,7,1519927683013000,1896.0
3,7,1519927683913999,1860.0
3,7,1519927684813000,1819.0
3,7,1519927685713000,1805.0
3,7,1519927686643000,1789.0
3,7,1519927687543000,1781.0
3,7,1519927688444000,1770.0
3,7,1519927689343000,1766.0
3,7,1519927690243000,1764.0
3,7,1519927691143000,1765.0
3,7,1519927692943000,1767.0
3,7,1519927693843000,1769.0
3,7,1519927694743000,1780.0
3,7,1519927695643000,1787.0
3,7,1519927696573000,1792.0
3,7,1519927697473000,1800.0
3,7,1519927698403000,1804.0
3,7,1519927699302000,1801.0
3,7,1519927700203000,1813.0
3,7,1519927701102000,1817.0
3,7,1519927702063000,1821.0
3,7,1519927702993000,1833.0
3,7,1519927703893000,1849.0
3,7,1519927704792000,1862.0
3,7,1519927705723000,1868.0
3,7,1519927706652000,1877.0
3,7,1519927707553000,1891.0
3,7,1519927708453000,1897.0
3,7,1519927709353000,1908.0
3,7,1519927710283000,1909.0
3,7,1519927711183000,1908.0
3,7,1519927712142000,1878.0
3,7,1519927713078000,1841.0
3,7,1519927714903000,1860.0
3,7,1519927715803000,1867.0
3,7,1519927716733000,1891.0
3,7,1519927717633000,1912.0
3,7,1519927718533000,1938.0
3,7,1519927719432000,1965.0
3,7,1519927720334000,1990.0
3,7,1519927721233000,1996.0
3,7,1519927722132000,2000.0
3,7,1519927723033000,2002.0
3,7,1519927723933000,1981.0
3,7,1519927724833000,1946.0
3,7,1519927725761999,1930.0
3,7,1519927726663000,1944.0
3,7,1519927727533000,1940.0
3,7,1519927728433000,1949.0
3,7,1519927729333000,1963.0
3,7,1519927730203000,1971.0
3,7,1519927731102000,1978.0
3,7,1519927732033000,1987.0
3,7,1519927732873000,1991.0
3,7,1519927733713000,1989.0
3,7,1519927734584000,1984.0
3,7,1519927735453000,1983.0
3,7,1519927736323000,1977.0
3,7,1519927737132000,1974.0
3,7,1519927737972000,1975.0
3,7,1519927738813000,1976.0
3,7,1519927739713000,1974.0
3,7,1519927740583000,1981.0
3,7,1519927741543000,1985.0
3,7,1519927742443000,1991.0
3,7,1519927743343000,1996.0
3,7,1519927744213000,1998.0
3,7,1519927745112000,1997.0
3,7,1519927745953000,1995.0
3,7,1519927746883000,1979.0
3,7,1519927747783000,1957.0
3,7,1519927748623000,1936.0
3,7,1519927749463000,1911.0
3,7,1519927750303000,1896.0
3,7,1519927751141000,1881.0
3,7,1519927752012000,1869.0
3,7,1519927752825000,1861.0
3,7,1519927753633000,1852.0
3,7,1519927754412000,1846.0
3,7,1519927755223000,1842.0
3,7,1519927755974000,1837.0
3,7,1519927756812000,1836.0
3,7,1519927757561999,1835.0
3,7,1519927758374000,1833.0
3,7,1519927759121999,1831.0
3,7,1519927759873999,1836.0
3,7,1519927760624000,1824.0
3,7,1519927761374000,1823.0
3,7,1519927762123000,1819.0
3,7,1519927762873000,1810.0
3,7,1519927763713000,1804.0
3,7,1519927764582000,1803.0
3,7,1519927765361999,1806.0
3,7,1519927766112000,1811.0
3,7,1519927766984000,1817.0
3,7,1519927767761999,1825.0
3,7,1519927768513000,1840.0
3,7,1519927769353000,1873.0
3,7,1519927770132000,1908.0
3,7,1519927770913999,1942.0
3,7,1519927771753000,1973.0
3,7,1519927772561999,2005.0
3,7,1519927773313000,2028.0
3,7,1519927774182000,2051.0
3,7,1519927774964000,2067.0
3,7,1519927775712000,2078.0
3,7,1519927776523000,2088.0
3,7,1519927777302000,2099.0
3,7,1519927778052000,2104.0
3,7,1519927778801999,2113.0
3,7,1519927779552000,2117.0
3,7,1519927780302000,2122.0
3,7,1519927781052000,2127.0
3,7,1519927781864000,2133.0
3,7,1519927782614000,2134.0
3,7,1519927783364000,2139.0
3,7,1519927784112000,2138.0
3,7,1519927784864000,2141.0
3,7,1519927785612000,1942.0
3,7,1519927786364000,1790.0
3,7,1519927787263000,1789.0
3,7,1519927788014000,1791.0
3,7,1519927788764000,1788.0
3,7,1519927790293000,1786.0
3,7,1519927791014000,1789.0
3,7,1519927791853000,1783.0
3,7,1519927792601999,1779.0
3,7,1519927793352000,1774.0
3,7,1519927794101000,1782.0
3,7,1519927794972000,1776.0
3,7,1519927795872000,1772.0
3,7,1519927796801999,1771.0
3,7,1519927797702000,1770.0
3,7,1519927798601999,1771.0
3,7,1519927799502000,1767.0
3,7,1519927802232000,1766.0
3,7,1519927803132000,1767.0
3,7,1519927804933000,1765.0
3,7,1519927805862000,1768.0
3,7,1519927806761999,1770.0
3,7,1519927807663000,1771.0
3,7,1519927808561999,1773.0
3,7,1519927809462000,1779.0
3,7,1519927810361999,1781.0
3,7,1519927811262000,1787.0
3,7,1519927812193000,1788.0
3,7,1519927813092000,1786.0
3,7,1519927813992000,1791.0
3,7,1519927814892000,1789.0
3,7,1519927815792000,1794.0
3,7,1519927816721999,1792.0
3,7,1519927817622000,1798.0
3,7,1519927818552000,1803.0
3,7,1519927821281999,1791.0
3,7,1519927822212000,1799.0
3,7,1519927823111000,1795.0
3,7,1519927824012000,1798.0
3,7,1519927824912000,1797.0
3,7,1519927825812000,1785.0
3,7,1519927826712000,1768.0
3,7,1519927827612000,1761.0
3,7,1519927828512000,1713.0
3,7,1519927829412000,1644.0
3,7,1519927830312000,1624.0
3,7,1519927831212000,1604.0
3,7,1519927832141000,1591.0
3,7,1519927833041999,1584.0
3,7,1519927833942000,1591.0
3,7,1519927834841999,1607.0
3,7,1519927835742000,1629.0
3,7,1519927836641999,1669.0
3,7,1519927837542000,1680.0
3,7,1519927838441999,1677.0
3,7,1519927839312000,1656.0
3,7,1519927840212000,1634.0
3,7,1519927841141000,1622.0
3,7,1519927842014000,1616.0
3,7,1519927842912000,1618.0
3,7,1519927843782000,1626.0
3,7,1519927844681999,1632.0
3,7,1519927845582000,1627.0
3,7,1519927846452000,1622.0
3,7,1519927847381000,1617.0
3,7,1519927848281000,1611.0
3,7,1519927849121000,1547.0
3,7,1519927849961999,1581.0
3,7,1519927850862000,1560.0
3,7,1519927851643000,1552.0
3,7,1519927852542000,1547.0
3,7,1519927853382000,1535.0
3,7,1519927854252000,1519.0
3,7,1519927855151000,1509.0
3,7,1519927856951000,1521.0
3,7,1519927857851000,1546.0
3,7,1519927858723000,1573.0
3,7,1519927859593000,1607.0
3,7,1519927860462000,1632.0
3,7,1519927861361000,1646.0
3,7,1519927862201000,1645.0
3,7,1519927863071000,1634.0
3,7,1519927863883000,1628.0
3,7,1519927864782000,1614.0
3,7,1519927865622000,1597.0
3,7,1519927866462000,1585.0
3,7,1519927867302000,1570.0
3,7,1519927868172000,1557.0
3,7,1519927868983000,1550.0
3,7,1519927869792000,1543.0
3,7,1519927870571000,1542.0
3,7,1519927871321000,1554.0
3,7,1519927872132000,1571.0
3,7,1519927872883000,1585.0
3,7,1519927873633000,1612.0
3,7,1519927874382000,1564.0
3,7,1519927875132000,1585.0
3,7,1519927875884000,1551.0
3,7,1519927876692000,1513.0
3,7,1519927877471000,1502.0
3,7,1519927878221000,1492.0
3,7,1519927878974000,1517.0
3,7,1519927879721000,1542.0
3,7,1519927880471000,1583.0
3,7,1519927881222000,1608.0
3,7,1519927882033000,1621.0
3,7,1519927882871000,1632.0
3,7,1519927883623000,1637.0
3,7,1519927884461000,1645.0
3,7,1519927885271000,1654.0
3,7,1519927886021000,1664.0
3,7,1519927886862000,1670.0
3,7,1519927887611000,1683.0
3,7,1519927888361000,1695.0
3,7,1519927889111000,1707.0
3,7,1519927889862000,1720.0
3,7,1519927890611000,1734.0
3,7,1519927891361000,1742.0
3,7,1519927892172000,1756.0
3,7,1519927893673000,1711.0
3,7,1519927894423000,1728.0
3,7,1519927895172000,1708.0
3,7,1519927895923000,1680.0
3,7,1519927896761000,1646.0
3,7,1519927897511000,1611.0
3,7,1519927898261000,1572.0
3,7,1519927899011000,1542.0
3,7,1519927899761000,1523.0
3,7,1519927900511000,1520.0
3,7,1519927901261000,1522.0
3,7,1519927902073000,1528.0
3,7,1519927902823000,1545.0
3,7,1519927903574000,1549.0
3,7,1519927904324000,1555.0
3,7,1519927905072000,1558.0
3,7,1519927905823000,1556.0
3,7,1519927906631000,1558.0
3,7,1519927907411000,1562.0
3,7,1519927908161000,1568.0
3,7,1519927908911000,1567.0
3,7,1519927910471000,1568.0
3,7,1519927911372000,1536.0
3,7,1519927912301000,1498.0
3,7,1519927913201000,1476.0
3,7,1519927914101000,1455.0
3,7,1519927915001999,1435.0
3,7,1519927915903000,1417.0
3,7,1519927916801000,1399.0
3,7,1519927917701000,1381.0
3,7,1519927918601000,1374.0
3,7,1519927919501000,1362.0
3,7,1519927920401000,1365.0
3,7,1519927921301000,1369.0
3,7,1519927922201000,1370.0
3,7,1519927923101000,1368.0
3,7,1519927924001000,1356.0
3,7,1519927924901000,1338.0
3,7,1519927925801000,1321.0
3,7,1519927926701000,1298.0
3,7,1519927927601999,1253.0
3,7,1519927928502000,1044.0
3,7,1519927929430000,1245.0
3,7,1519927930332000,1356.0
3,7,1519927931261000,1345.0
3,7,1519927932192000,1339.0
3,7,1519927933089999,1351.0
3,7,1519927933992000,1372.0
3,7,1519927934892000,1386.0
3,7,1519927935821000,1407.0
3,7,1519927936753000,1422.0
3,7,1519927937651000,1438.0
3,7,1519927938551000,1465.0
3,7,1519927939451000,1496.0
3,7,1519927940351000,1525.0
3,7,1519927941251000,1557.0
3,7,1519927942209999,1230.0
3,7,1519927943169999,1763.0
3,7,1519927944100000,1474.0
3,7,1519927945001000,1575.0
3,7,1519927945960000,1604.0
3,7,1519927947675000,1640.0
3,7,1519927949745999,1637.0
3,7,1519927951485000,1624.0
3,7,1519927952925000,1608.0
3,7,1519927954852000,1592.0
3,7,1519927956584000,1556.0
3,7,1519927958749000,1512.0
3,7,1519927960708000,1505.0
3,7,1519927962908000,1496.0
3,7,1519927964889000,1515.0
3,7,1519927967225999,1555.0
3,7,1519927969619000,1598.0
3,7,1519927971433999,1680.0
3,7,1519927973579000,1774.0
3,7,1519927975971000,1801.0
3,7,1519927977951000,1477.0
3,7,1519927979848000,1458.0
3,7,1519927982158000,1474.0
3,7,1519927984193000,1504.0
3,7,1519927986283000,1434.0
3,7,1519927988348000,1493.0
3,7,1519927990326000,1417.0
3,7,1519927992224000,1336.0
3,7,1519927994203000,1313.0
3,7,1519927996596000,1390.0
3,7,1519927998753999,1398.0
3,7,1519928000721000,1368.0
3,7,1519928003040000,1310.0
3,7,1519928005093000,1733.0
3,7,1519928007320000,1642.0
3,7,1519928009633999,1595.0
3,7,1519928012022000,1587.0
3,7,1519928014169000,1505.0
3,7,1519928016232000,1078.0
3,7,1519928018348000,1216.0
3,7,1519928020275000,897.0
3,7,1519928022665000,899.0
3,7,1519928024647000,1757.0
3,7,1519928027048000,1990.0
3,7,1519928029265000,1061.0
3,7,1519928031245000,1300.0
3,7,1519928033473999,1289.0
3,7,1519928035948000,1106.0
3,7,1519928038092000,899.0
3,7,1519928040403000,922.0
3,7,1519928042549000,896.0
3,7,1519928044775000,840.0
3,7,1519928046757000,842.0
3,7,1519928049065000,1465.0
3,7,1519928051045000,1109.0
3,7,1519928053524000,1296.0
3,7,1519928055748000,1526.0
3,7,1519928057951000,2019.0
3,7,1519928060285000,1762.0
3,7,1519928062347000,1213.0
3,7,1519928064905000,1285.0
3,7,1519928066968000,1251.0
3,7,1519928069113999,1212.0
3,7,1519928071340000,912.0
3,7,1519928073752000,1717.0
3,7,1519928075877000,1853.0
3,7,1519928078105000,1980.0
3,7,1519928080084000,1412.0
3,7,1519928082313000,1478.0
3,7,1519928084457999,1557.0
3,7,1519928086767000,1319.0
3,7,1519928088995000,1462.0
3,7,1519928091305000,1540.0
3,7,1519928093203000,1544.0
3,7,1519928095595000,1507.0
3,7,1519928097657000,1471.0
3,7,1519928099723000,1484.0
3,7,1519928102196000,1522.0
3,7,1519928104176000,1561.0
3,7,1519928106486000,1584.0
3,7,1519928108633999,1601.0
3,7,1519928110776000,1345.0
3,7,1519928113005000,1373.0
3,7,1519928115148000,1381.0
3,7,1519928117624000,1380.0
3,7,1519928120099000,1385.0
3,7,1519928122327000,1387.0
3,7,1519928124747000,1391.0
3,7,1519928127112000,1402.0
3,7,1519928129176000,1407.0
3,7,1519928131238000,1387.0
3,7,1519928133382000,1373.0
3,7,1519928135445000,1328.0
3,7,1519928137425000,1033.0
3,7,1519928139817000,1559.0
3,7,1519928142209000,2545.0
3,7,1519928144272000,1745.0
3,7,1519928146748000,1782.0
3,7,1519928148894000,1538.0
3,7,1519928151201000,1473.0
3,7,1519928153099000,1529.0
3,7,1519928155244000,1578.0
3,7,1519928157060000,1596.0
3,7,1519928159701000,1617.0
3,7,1519928161845000,1688.0
3,7,1519928164155000,1437.0
3,7,1519928166300000,1519.0
3,7,1519928168280000,1530.0
3,7,1519928170507000,1555.0
3,7,1519928172817000,1567.0
3,7,1519928175347000,1562.0
3,7,1519928177437000,1546.0
3,7,1519928179637000,1534.0
3,7,1519928181728000,1556.0
3,7,1519928184040000,1603.0
3,7,1519928186099000,1586.0
3,7,1519928188244000,1582.0
3,7,1519928190391000,1593.0
3,7,1519928192701000,1602.0
3,7,1519928194929999,1611.0
3,7,1519928196798000,1610.0
3,7,1519928198364000,1616.0
3,7,1519928200894000,1621.0
3,7,1519928202902000,1628.0
3,7,1519928205049000,1630.0
3,7,1519928207109000,1634.0
3,7,1519928209172000,1637.0
3,7,1519928211152000,1635.0
3,7,1519928213214000,1632.0
3,7,1519928215359000,1629.0
3,7,1519928217504000,1625.0
3,7,1519928219814000,1622.0
3,7,1519928223939000,1621.0
3,7,1519928228145999,1646.0
3,7,1519928230457000,1693.0
3,7,1519928232849999,1738.0
3,7,1519928235076000,1753.0
3,7,1519928237469000,1766.0
3,7,1519928239366000,1773.0
3,7,1519928241593999,1777.0
3,7,1519928243574000,1780.0
3,7,1519928245636000,1782.0
3,7,1519928247700000,1772.0
3,7,1519928249598000,1729.0
3,7,1519928251659000,1660.0
3,7,1519928253639000,1607.0
3,7,1519928255784000,1565.0
3,7,1519928257929000,1534.0
3,7,1519928259993000,1532.0
3,7,1519928261972000,1551.0
3,7,1519928263785999,1573.0
3,7,1519928265849000,1585.0
3,7,1519928267831000,1584.0
3,7,1519928269808000,1591.0
3,7,1519928271788000,1613.0
3,7,1519928273851000,1694.0
3,7,1519928275996000,1778.0
3,7,1519928277745999,1807.0
3,7,1519928279792000,1782.0
3,7,1519928281991000,1744.0
3,7,1519928283998000,1711.0
3,7,1519928286308000,1637.0
3,7,1519928288672000,1463.0
3,7,1519928290239000,1324.0
3,7,1519928291064000,1187.0
3,7,1519928291891000,1514.0
3,7,1519928292716000,1525.0
3,7,1519928293568000,1565.0
3,7,1519928294420000,1622.0
3,7,1519928295272000,1679.0
3,7,1519928296097000,1717.0
3,7,1519928296921999,1768.0
3,7,1519928297776000,1806.0
3,7,1519928298601000,1878.0
3,7,1519928299424000,1921.0
3,7,1519928300249000,1602.0
3,7,1519928301103000,1612.0
3,7,1519928301928000,1572.0
3,7,1519928302808000,1614.0
3,7,1519928303633000,1601.0
3,7,1519928304457999,1587.0
3,7,1519928305283000,1577.0
3,7,1519928306107000,1571.0
3,7,1519928307814000,1573.0
3,7,1519928308638000,1581.0
3,7,1519928309517000,1584.0
3,7,1519928310343000,1586.0
3,7,1519928311168000,1588.0
3,7,1519928311993000,1585.0
3,7,1519928312845000,1583.0
3,7,1519928313671000,1582.0
3,7,1519928314496000,1583.0
3,7,1519928315320000,1585.0
3,7,1519928316145000,1579.0
3,7,1519928316971000,1570.0
3,7,1519928317823000,1566.0
3,7,1519928318647000,1559.0
3,7,1519928319473000,1549.0
3,7,1519928320297999,1545.0
3,7,1519928321205000,1544.0
3,7,1519928322057999,1539.0
3,7,1519928322966000,1545.0
3,7,1519928323791000,1549.0
3,7,1519928324615000,1544.0
3,7,1519928325440000,1543.0
3,7,1519928327145000,1540.0
3,7,1519928327998000,1538.0
3,7,1519928329648000,1533.0
3,7,1519928330473000,1536.0
3,7,1519928331297999,1526.0
3,7,1519928332121999,1524.0
3,7,1519928332948000,1522.0
3,7,1519928333773000,1520.0
3,7,1519928335423000,1522.0
3,7,1519928336303000,1516.0
3,7,1519928337127000,1517.0
3,7,1519928337952000,1510.0
3,7,1519928338777999,1508.0
3,7,1519928339603000,1502.0
3,7,1519928340428000,1498.0
3,7,1519928341253000,1489.0
3,7,1519928342078000,1478.0
3,7,1519928342929999,1467.0
3,7,1519928343755000,1448.0
3,7,1519928344580000,1427.0
3,7,1519928345405000,1406.0
3,7,1519928346230000,1391.0
3,7,1519928347059000,1376.0
3,7,1519928347910000,1366.0
3,7,1519928348733000,1361.0
3,7,1519928349558000,1357.0
3,7,1519928350383000,1361.0
3,7,1519928351208000,1372.0
3,7,1519928352033000,1384.0
3,7,1519928352868000,1400.0
3,7,1519928353681999,1427.0
3,7,1519928354507000,1451.0
3,7,1519928355333000,1470.0
3,7,1519928356158000,1485.0
3,7,1519928356983000,1508.0
3,7,1519928357808000,1531.0
3,7,1519928358633000,1580.0
3,7,1519928359457000,1609.0
3,7,1519928360281999,1632.0
3,7,1519928361107000,1660.0
3,7,1519928361933000,1681.0
3,7,1519928362758000,1699.0
3,7,1519928363582000,1714.0
3,7,1519928364408000,1732.0
3,7,1519928365260000,1743.0
3,7,1519928366085000,1756.0
3,7,1519928366910000,1769.0
3,7,1519928367735000,1770.0
3,7,1519928368587000,1775.0
3,7,1519928369423000,1776.0
3,7,1519928370237000,1780.0
3,7,1519928371089999,1781.0
3,7,1519928371941000,1786.0
3,7,1519928372795000,1785.0
3,7,1519928373620000,1787.0
3,7,1519928374445000,1788.0
3,7,1519928375270000,1789.0
3,7,1519928376094000,1791.0
3,7,1519928377745000,1790.0
3,7,1519928378569999,1792.0
3,7,1519928379422000,1794.0
3,7,1519928380248000,1793.0
3,7,1519928381072000,1794.0
3,7,1519928381897000,1790.0
3,7,1519928382723000,1791.0
3,7,1519928383548000,1789.0
3,7,1519928385198000,1787.0
3,7,1519928386023000,1782.0
3,7,1519928386875000,1780.0
3,7,1519928387700000,1784.0
3,7,1519928389350000,1785.0
3,7,1519928390175000,1787.0
3,7,1519928391000000,1786.0
3,7,1519928391825999,1789.0
3,7,1519928392677000,1788.0
3,7,1519928393502000,1791.0
3,7,1519928394327000,1787.0
3,7,1519928395180000,1789.0
3,7,1519928396005000,1788.0
3,7,1519928396830000,1786.0
3,7,1519928397655000,1784.0
3,7,1519928398480000,1790.0
3,7,1519928399305000,1775.0
3,7,1519928400129000,1779.0
3,7,1519928400955000,1778.0
3,7,1519928401780000,1776.0
3,7,1519928402633000,1777.0
3,7,1519928404281999,1774.0
3,7,1519928405107000,1775.0
3,7,1519928405932000,1770.0
3,7,1519928406757000,1771.0
3,7,1519928407582000,1772.0
3,7,1519928408407000,1773.0
3,7,1519928409232000,1770.0
3,7,1519928410057000,1772.0
3,7,1519928410883000,1771.0
3,7,1519928411707000,1768.0
3,7,1519928412560000,1769.0
3,7,1519928413385000,1764.0
3,7,1519928414208000,1767.0
3,7,1519928415033999,1768.0
3,7,1519928415860000,1769.0
3,7,1519928416685000,1771.0
3,7,1519928417537000,1776.0
3,7,1519928418363000,1771.0
3,7,1519928419187000,1776.0
3,7,1519928420837000,1775.0
3,7,1519928421662000,1779.0
3,7,1519928423340000,1781.0
3,7,1519928424164000,1778.0
3,7,1519928424990000,1781.0
3,7,1519928425815000,1785.0
3,7,1519928426639000,1784.0
3,7,1519928427492000,1783.0
3,7,1519928428291000,1782.0
3,7,1519928429113999,1786.0
3,7,1519928429966000,1784.0
3,7,1519928431645000,1782.0
3,7,1519928432497000,1781.0
3,7,1519928433321999,1786.0
3,7,1519928434174000,1780.0
3,7,1519928435000000,1779.0
3,7,1519928435825999,1781.0
3,7,1519928437529000,1780.0
3,7,1519928438355000,1777.0
3,7,1519928439179000,1776.0
3,7,1519928440005000,1781.0
3,7,1519928440830000,1806.0
3,7,1519928441654000,1841.0
3,7,1519928442507000,1883.0
3,7,1519928443332000,1918.0
3,7,1519928444156000,1950.0
3,7,1519928444981000,1970.0
3,7,1519928445807000,1994.0
3,7,1519928446632000,2012.0
3,7,1519928447457999,2035.0
3,7,1519928448281999,2044.0
3,7,1519928449105999,2059.0
3,7,1519928449932000,2066.0
3,7,1519928450757000,2073.0
3,7,1519928451583000,2082.0
3,7,1519928452407000,2085.0
3,7,1519928453232000,2094.0
3,7,1519928454084000,2091.0
3,7,1519928454937000,2097.0
3,7,1519928455761999,2100.0
3,7,1519928456587000,2102.0
3,7,1519928457411000,2103.0
3,7,1519928458237000,2104.0
3,7,1519928459089000,2098.0
3,7,1519928459913999,2101.0
3,7,1519928460739000,2105.0
3,7,1519928462444000,2108.0
3,7,1519928463269000,2104.0
3,7,1519928464094000,2105.0
3,7,1519928465744000,2104.0
3,7,1519928466569000,2106.0
3,7,1519928467393999,2107.0
3,7,1519928468219000,2106.0
3,7,1519928469044000,2110.0
3,7,1519928469869000,2107.0
3,7,1519928470694000,2105.0
3,7,1519928471519000,2110.0
3,7,1519928473169000,2109.0
3,7,1519928473997000,2111.0
3,7,1519928474820000,2107.0
3,7,1519928475644000,2110.0
3,7,1519928477321000,2106.0
3,7,1519928478145999,2109.0
3,7,1519928478972000,2103.0
3,7,1519928479796000,2108.0
3,7,1519928481473999,2104.0
3,7,1519928482303000,2105.0
3,7,1519928483949000,2100.0
3,7,1519928484775000,2104.0
3,7,1519928486424000,2103.0
3,7,1519928487249000,2105.0
3,7,1519928488900000,2104.0
3,7,1519928489724000,2110.0
3,7,1519928490548000,2108.0
3,7,1519928491401000,2110.0
3,7,1519928492225999,2107.0
3,7,1519928493876000,2111.0
3,7,1519928494702000,2107.0
3,7,1519928495526000,2110.0
3,7,1519928496379000,2109.0
3,7,1519928497204000,2113.0
3,7,1519928498029000,2109.0
3,7,1519928499679000,2104.0
3,7,1519928500504000,2102.0
3,7,1519928501331000,2110.0
3,7,1519928502153999,2109.0
3,7,1519928502979000,2111.0
3,7,1519928503804000,2115.0
3,7,1519928504629000,2106.0
3,7,1519928505454000,2108.0
3,7,1519928507159000,2105.0
3,7,1519928508836000,2106.0
3,7,1519928509661000,2104.0
3,7,1519928510513999,2109.0
3,7,1519928511339000,2104.0
3,7,1519928512163000,2107.0
3,7,1519928513017000,2109.0
3,7,1519928514584000,2107.0
3,7,1519928515409000,2110.0
3,7,1519928516233999,2109.0
3,7,1519928518764000,2107.0
3,7,1519928519589000,2112.0
3,7,1519928520441000,2111.0
3,7,1519928522943000,2113.0
3,7,1519928523796000,2109.0
3,7,1519928524621000,2106.0
3,7,1519928525446000,2109.0
3,7,1519928526271000,2105.0
3,7,1519928527095000,2106.0
3,7,1519928527948000,2108.0
3,7,1519928528774000,2107.0
3,7,1519928530424000,2105.0
3,7,1519928531249000,2108.0
3,7,1519928532073000,2109.0
3,7,1519928532926000,2107.0
3,7,1519928534575000,2111.0
3,7,1519928535401000,2109.0
3,7,1519928536225999,2107.0
3,7,1519928537051000,2108.0
3,7,1519928537903000,2109.0
3,7,1519928538729000,2107.0
3,7,1519928539553000,2106.0
3,7,1519928540377999,2110.0
3,7,1519928541203000,2106.0
3,7,1519928543705999,2108.0
3,7,1519928544531000,2106.0
3,7,1519928545383000,2108.0
3,7,1519928546208000,2106.0
3,7,1519928547143000,2109.0
3,7,1519928548022000,2108.0
3,7,1519928548849000,2109.0
3,7,1519928549673999,2108.0
3,7,1519928550499000,2109.0
3,7,1519928552176000,2111.0
3,7,1519928553827000,2113.0
3,7,1519928554651000,2109.0
3,7,1519928555476000,2113.0
3,7,1519928556301000,2110.0
3,7,1519928558033000,2109.0
3,7,1519928558857999,2112.0
3,7,1519928559684000,2109.0
3,7,1519928560509000,2108.0
3,7,1519928561333000,2109.0
3,7,1519928562158000,2111.0
3,7,1519928563011000,2108.0
3,7,1519928563836000,2103.0
3,7,1519928564661000,2110.0
3,7,1519928565486000,2106.0
3,7,1519928566311000,2103.0
3,7,1519928567135000,2105.0
3,7,1519928567988000,2106.0
3,7,1519928569638000,2103.0
3,7,1519928570462000,2107.0
3,7,1519928571288000,2109.0
3,7,1519928572967000,2108.0
3,7,1519928573791000,2117.0
3,7,1519928574616000,2112.0
3,7,1519928576265999,2115.0
3,7,1519928577089999,2111.0
3,7,1519928577942000,2116.0
3,7,1519928578796000,2117.0
3,7,1519928579620000,2120.0
3,7,1519928580445000,2116.0
3,7,1519928581272000,2115.0
3,7,1519928582948000,2117.0
3,7,1519928583773000,2116.0
3,7,1519928584598000,2113.0
3,7,1519928586248000,2114.0
3,7,1519928587073999,2111.0
3,7,1519928587899000,2112.0
3,7,1519928588724000,2116.0
3,7,1519928589548000,2111.0
3,7,1519928590373000,2115.0
3,7,1519928592052000,2116.0
3,7,1519928593755000,2115.0
3,7,1519928595433999,2116.0
3,7,1519928597081999,2115.0
3,7,1519928598733000,2116.0
3,7,1519928599529999,2111.0
3,7,1519928600300000,2115.0
3,7,1519928601097999,2114.0
3,7,1519928601923000,2116.0
3,7,1519928602748000,2114.0
3,7,1519928603573000,2112.0
3,7,1519928604398000,2113.0
3,7,1519928605223000,2112.0
3,7,1519928606048000,2109.0
3,7,1519928606873000,2111.0
3,7,1519928607726000,2108.0
3,7,1519928608550000,2106.0
3,7,1519928609376000,2104.0
3,7,1519928610228000,2105.0
3,7,1519928611053000,2107.0
3,7,1519928611878000,2108.0
3,7,1519928612703000,2106.0
3,7,1519928613528000,2109.0
3,7,1519928615177999,2111.0
3,7,1519928616828000,2108.0
3,7,1519928617680000,2109.0
3,7,1519928619329999,2111.0
3,7,1519928620156000,2109.0
3,7,1519928621777999,2106.0
3,7,1519928622657999,2107.0
3,7,1519928623481999,2104.0
3,7,1519928624307000,2105.0
3,7,1519928625132000,2103.0
3,7,1519928626782000,2102.0
3,7,1519928627607000,2100.0
3,7,1519928628433000,2101.0
3,7,1519928629257000,2102.0
3,7,1519928630110000,2101.0
3,7,1519928630935000,2100.0
3,7,1519928631760000,2099.0
3,7,1519928632585999,2097.0
3,7,1519928633409999,2096.0
3,7,1519928635059000,2098.0
3,7,1519928635885000,2099.0
3,7,1519928637535000,2098.0
3,7,1519928638360000,2104.0
3,7,1519928639185000,2105.0
3,7,1519928640038000,2107.0
3,7,1519928640889999,2111.0
3,7,1519928641715000,2112.0
3,7,1519928642595000,2110.0
3,7,1519928643421000,2114.0
3,7,1519928644245000,2113.0
3,7,1519928645069000,2115.0
3,7,1519928645895000,2117.0
3,7,1519928646748000,2113.0
3,7,1519928647600000,2101.0
3,7,1519928648425000,2083.0
3,7,1519928649249999,2061.0
3,7,1519928650075000,2046.0
3,7,1519928651725000,2038.0
3,7,1519928652577000,2035.0
3,7,1519928653401999,2047.0
3,7,1519928654227000,2063.0
3,7,1519928655055000,2069.0
3,7,1519928655877000,2074.0
3,7,1519928656702000,2076.0
3,7,1519928657555000,2083.0
3,7,1519928658380000,2086.0
3,7,1519928659205000,2088.0
3,7,1519928660030000,2093.0
3,7,1519928660881999,2094.0
3,7,1519928661708000,2096.0
3,7,1519928662587000,2099.0
3,7,1519928664237000,2102.0
3,7,1519928665062000,2101.0
3,7,1519928665888000,2106.0
3,7,1519928666712000,2109.0
3,7,1519928668361999,2111.0
3,7,1519928669187000,2113.0
3,7,1519928670012000,2111.0
3,7,1519928671689000,2107.0
3,7,1519928672542000,2110.0
3,7,1519928673367000,2108.0
3,7,1519928674192000,2107.0
3,7,1519928675019000,2106.0
3,7,1519928675841999,2108.0
3,7,1519928676667000,2109.0
3,7,1519928677520000,2107.0
3,7,1519928678345000,2105.0
3,7,1519928679169999,2104.0
3,7,1519928680820000,2102.0
3,7,1519928681645000,2104.0
3,7,1519928682497000,2102.0
3,7,1519928683350000,2100.0
3,7,1519928684119000,2101.0
3,7,1519928684945000,2100.0
3,7,1519928686595000,2099.0
3,7,1519928687476000,2098.0
3,7,1519928688300000,2097.0
3,7,1519928689124000,2098.0
3,7,1519928689950000,2099.0
3,7,1519928690775000,2098.0
3,7,1519928691600000,2100.0
3,7,1519928692480000,2103.0
3,7,1519928693305000,2099.0
3,7,1519928694129000,2103.0
3,7,1519928694955000,2102.0
3,7,1519928695779000,2108.0
3,7,1519928696604000,2105.0
3,7,1519928697484000,2107.0
3,7,1519928698309000,2111.0
3,7,1519928699134000,2113.0
3,7,1519928699959000,2110.0
3,7,1519928700787000,2114.0
3,7,1519928701609000,2111.0
3,7,1519928702462000,2109.0
3,7,1519928703287000,2111.0
3,7,1519928704111000,2112.0
3,7,1519928704909000,2109.0
3,7,1519928705734000,2112.0
3,7,1519928706559000,2110.0
3,7,1519928707384000,2094.0
3,7,1519928708237000,2061.0
3,7,1519928709062000,2023.0
3,7,1519928709887000,1975.0
3,7,1519928710712000,1928.0
3,7,1519928711537000,1880.0
3,7,1519928712361999,1839.0
3,7,1519928713187000,1823.0
3,7,1519928714012000,1832.0
3,7,1519928714837000,1827.0
3,7,1519928715662000,1830.0
3,7,1519928716487000,1822.0
3,7,1519928717339000,1817.0
3,7,1519928718219000,1803.0
3,7,1519928719045000,1786.0
3,7,1519928719869000,1767.0
3,7,1519928720694000,1751.0
3,7,1519928721519000,1739.0
3,7,1519928723196000,1721.0
3,7,1519928724049000,1720.0
3,7,1519928724873999,1710.0
3,7,1519928725699000,1693.0
3,7,1519928726553000,1680.0
3,7,1519928727377999,1670.0
3,7,1519928728201999,1657.0
3,7,1519928729029000,1644.0
3,7,1519928729853000,1629.0
3,7,1519928730677000,1617.0
3,7,1519928731503000,1602.0
3,7,1519928732382000,1588.0
3,7,1519928733207000,1604.0
3,7,1519928734032000,1576.0
3,7,1519928734884000,1577.0
3,7,1519928735709000,1581.0
3,7,1519928737360000,1585.0
3,7,1519928738184000,1580.0
3,7,1519928739009999,1579.0
3,7,1519928739833999,1574.0
3,7,1519928740659000,1575.0
3,7,1519928741484000,1577.0
3,7,1519928742309000,1528.0
3,7,1519928743161000,1567.0
3,7,1519928743985999,1562.0
3,7,1519928744811000,1553.0
3,7,1519928745636000,1537.0
3,7,1519928746461000,1521.0
3,7,1519928747259000,1498.0
3,7,1519928748111000,1479.0
3,7,1519928748937000,1465.0
3,7,1519928749761000,1455.0
3,7,1519928750587000,1450.0
3,7,1519928751412000,1443.0
3,7,1519928752264000,1438.0
3,7,1519928753089000,1436.0
3,7,1519928753913999,1430.0
3,7,1519928754739000,1431.0
3,7,1519928755564000,1429.0
3,7,1519928756389000,1428.0
3,7,1519928758039000,1431.0
3,7,1519928758864000,1421.0
3,7,1519928759689999,1430.0
3,7,1519928760516000,1434.0
3,7,1519928761366000,1438.0
3,7,1519928762192000,1442.0
3,7,1519928763044000,1445.0
3,7,1519928763870000,1448.0
3,7,1519928764695000,1449.0
3,7,1519928765547000,1447.0
3,7,1519928766373000,1451.0
3,7,1519928767225000,1452.0
3,7,1519928768051000,1456.0
3,7,1519928771351000,1455.0
3,7,1519928772176000,1459.0
3,7,1519928774679000,1460.0
3,7,1519928775503000,1462.0
3,7,1519928776329000,1459.0
3,7,1519928778007000,1451.0
3,7,1519928778859000,1436.0
3,7,1519928779684000,1425.0
3,7,1519928780511000,1412.0
3,7,1519928781334000,1408.0
3,7,1519928782187000,1402.0
3,7,1519928783040000,1392.0
3,7,1519928783864000,1387.0
3,7,1519928784689000,1383.0
3,7,1519928785516000,1386.0
3,7,1519928786339000,1383.0
3,7,1519928787164000,1380.0
3,7,1519928788044000,1381.0
3,7,1519928788868000,1377.0
3,7,1519928789723000,1369.0
3,7,1519928790547000,1356.0
3,7,1519928791372000,1345.0
3,7,1519928792197000,1333.0
3,7,1519928793049000,1318.0
3,7,1519928793875000,1313.0
3,7,1519928794700000,1299.0
3,7,1519928795552000,1293.0
3,7,1519928796377000,1282.0
3,7,1519928797201999,1275.0
3,7,1519928798057000,1270.0
3,7,1519928798880000,1262.0
3,7,1519928799705999,917.0
3,7,1519928800558000,1471.0
3,7,1519928801382000,1466.0
3,7,1519928802207000,1457.0
3,7,1519928803087000,1453.0
3,7,1519928803912000,1450.0
3,7,1519928804737000,1452.0
3,7,1519928805561999,1449.0
3,7,1519928806387000,1452.0
3,7,1519928807240000,1451.0
3,7,1519928808120000,1448.0
3,7,1519928808945000,1446.0
3,7,1519928809769000,1441.0
3,7,1519928810595000,1436.0
3,7,1519928811420000,1428.0
3,7,1519928812246000,1422.0
3,7,1519928813070000,1414.0
3,7,1519928813895000,1409.0
3,7,1519928814720000,1403.0
3,7,1519928815545000,1395.0
3,7,1519928816369999,1388.0
3,7,1519928817195000,1384.0
3,7,1519928818019000,1387.0
3,7,1519928818845000,1388.0
3,7,1519928819670000,1397.0
3,7,1519928820495000,1407.0
3,7,1519928821320000,1423.0
3,7,1519928822200000,1438.0
3,7,1519928823052000,1455.0
3,7,1519928823877000,1470.0
3,7,1519928824729999,1488.0
3,7,1519928825556000,1495.0
3,7,1519928826381000,1509.0
3,7,1519928827205000,1516.0
3,7,1519928828030000,1526.0
3,7,1519928828856000,1529.0
3,7,1519928829735000,1535.0
3,7,1519928830560000,1539.0
3,7,1519928831385000,1544.0
3,7,1519928832209999,1546.0
3,7,1519928833035000,1548.0
3,7,1519928833861000,1549.0
3,7,1519928835510000,1552.0
3,7,1519928836361999,1553.0
3,7,1519928837187000,1552.0
3,7,1519928838012000,1553.0
3,7,1519928838837000,1548.0
3,7,1519928839662000,1552.0
3,7,1519928840488000,1556.0
3,7,1519928842137000,1553.0
3,7,1519928843787000,1557.0
3,7,1519928844613000,1573.0
3,7,1519928845437000,1601.0
3,7,1519928846262000,1620.0
3,7,1519928847086000,1643.0
3,7,1519928847911000,1656.0
3,7,1519928848737000,1671.0
3,7,1519928849561999,1686.0
3,7,1519928850387000,1696.0
3,7,1519928851212000,1707.0
3,7,1519928852037000,1713.0
3,7,1519928852862000,1720.0
3,7,1519928853688000,1725.0
3,7,1519928854512000,1732.0
3,7,1519928855337000,1737.0
3,7,1519928856161999,1745.0
3,7,1519928856987000,1761.0
3,7,1519928857895000,1793.0
3,7,1519928858720000,1816.0
3,7,1519928859545000,1837.0
3,7,1519928860397000,1854.0
3,7,1519928861222000,1866.0
3,7,1519928862047000,1878.0
3,7,1519928862927000,1888.0
3,7,1519928863753000,1891.0
3,7,1519928864577000,1822.0
3,7,1519928865403000,1851.0
3,7,1519928866227000,1806.0
3,7,1519928867080000,1749.0
3,7,1519928867932000,1690.0
3,7,1519928868757000,1627.0
3,7,1519928869582000,1589.0
3,7,1519928870408000,1566.0
3,7,1519928871232000,1548.0
3,7,1519928872057000,1533.0
3,7,1519928872909000,1513.0
3,7,1519928873735000,1498.0
3,7,1519928874559000,1489.0
3,7,1519928875357000,1480.0
3,7,1519928876181000,1477.0
3,7,1519928877007000,1478.0
3,7,1519928877859000,1482.0
3,7,1519928878684000,1493.0
3,7,1519928879510000,1497.0
3,7,1519928880361999,1508.0
3,7,1519928881187000,1524.0
3,7,1519928882012000,1538.0
3,7,1519928882865000,1552.0
3,7,1519928883689000,1563.0
3,7,1519928884515000,1572.0
3,7,1519928885340000,1583.0
3,7,1519928886164000,1593.0
3,7,1519928887017000,1598.0
3,7,1519928887844000,1614.0
3,7,1519928888667000,1620.0
3,7,1519928889492000,1628.0
3,7,1519928890317000,1633.0
3,7,1519928891168000,1643.0
3,7,1519928891993999,1647.0
3,7,1519928892846000,1652.0
3,7,1519928893671000,1665.0
3,7,1519928894496000,1664.0
3,7,1519928895349000,1672.0
3,7,1519928896176000,1665.0
3,7,1519928897000000,1667.0
3,7,1519928897852000,1670.0
3,7,1519928898676000,1666.0
3,7,1519928899502000,1669.0
3,7,1519928900327000,1680.0
3,7,1519928901151000,1564.0
3,7,1519928901977000,1402.0
3,7,1519928902801999,1372.0
3,7,1519928903627000,1384.0
3,7,1519928904452000,1406.0
3,7,1519928905278000,1451.0
3,7,1519928906129000,1448.0
3,7,1519928906953999,1483.0
3,7,1519928907806000,1516.0
3,7,1519928908631000,1529.0
3,7,1519928909457000,1547.0
3,7,1519928910281999,1562.0
3,7,1519928911105999,1570.0
3,7,1519928911932000,1578.0
3,7,1519928912757000,1585.0
3,7,1519928913581000,1597.0
3,7,1519928914408000,1602.0
3,7,1519928915232000,1606.0
3,7,1519928916057999,1609.0
3,7,1519928916881999,1615.0
3,7,1519928917708000,1617.0
3,7,1519928918531000,1620.0
3,7,1519928919384000,1621.0
3,7,1519928921062000,1622.0
3,7,1519928921913999,1627.0
3,7,1519928922739000,1629.0
3,7,1519928923591000,1628.0
3,7,1519928924417000,1627.0
3,7,1519928925241999,1622.0
3,7,1519928926069000,1612.0
3,7,1519928926919000,1605.0
3,7,1519928927799000,1596.0
3,7,1519928928624000,1582.0
3,7,1519928929449000,1577.0
3,7,1519928930302000,1574.0
3,7,1519928931951000,1565.0
3,7,1519928932776000,1555.0
3,7,1519928933601000,1550.0
3,7,1519928934425999,1541.0
3,7,1519928935279000,1532.0
3,7,1519928936103000,1524.0
3,7,1519928936956000,1515.0
3,7,1519928937836000,1510.0
3,7,1519928938635000,1508.0
3,7,1519928939431000,1501.0
3,7,1519928940284000,1497.0
3,7,1519928941108000,1503.0
3,7,1519928941934000,1511.0
3,7,1519928942800000,1512.0
3,7,1519928943638000,1514.0
3,7,1519928944465000,1521.0
3,7,1519928945289000,1528.0
3,7,1519928946141000,1537.0
3,7,1519928947021000,1554.0
3,7,1519928947873999,1565.0
3,7,1519928948727000,1566.0
3,7,1519928949579000,1576.0
3,7,1519928950404000,1582.0
3,7,1519928951229000,1578.0
3,7,1519928952108000,1580.0
3,7,1519928952961999,1574.0
3,7,1519928953785999,1563.0
3,7,1519928954639000,1556.0
3,7,1519928955464000,1545.0
3,7,1519928956289000,1537.0
3,7,1519928957113000,1525.0
3,7,1519928957939000,1370.0
3,7,1519928958791000,1482.0
3,7,1519928959616000,1761.0
3,7,1519928960441999,1692.0
3,7,1519928961239000,1688.0
3,7,1519928962064000,1683.0
3,7,1519928962889000,1678.0
3,7,1519928963713999,1674.0
3,7,1519928964539000,1664.0
3,7,1519928965363000,1643.0
3,7,1519928966188000,1605.0
3,7,1519928967014000,1568.0
3,7,1519928967837000,1533.0
3,7,1519928968664000,1501.0
3,7,1519928969489000,1471.0
3,7,1519928970313000,1440.0
3,7,1519928971137999,1411.0
3,7,1519928971964000,1384.0
3,7,1519928972789000,1389.0
3,7,1519928973612000,1402.0
3,7,1519928974439000,1397.0
3,7,1519928975263000,997.0
3,7,1519928976115000,893.0
3,7,1519928976968000,1709.0
3,7,1519928977821000,1673.0
3,7,1519928978648000,1652.0
3,7,1519928979471000,1622.0
3,7,1519928980296000,902.0
3,7,1519928981148000,1799.0
3,7,1519928981945999,2111.0
3,7,1519928982772000,1929.0
3,7,1519928983596000,1736.0
3,7,1519928984424000,1065.0
3,7,1519928985246000,1289.0
3,7,1519928986071000,1928.0
3,7,1519928986896000,1801.0
3,7,1519928987751000,1839.0
3,7,1519928988573000,2012.0
3,7,1519928989425999,2270.0
3,7,1519928990278000,2038.0
3,7,1519928991103000,1509.0
3,7,1519928991931000,1552.0
3,7,1519928992781000,1574.0
3,7,1519928993606000,1541.0
3,7,1519928994457999,1499.0
3,7,1519928995311000,1449.0
3,7,1519928996136000,1364.0
3,7,1519928996961000,1262.0
3,7,1519928997788000,1164.0
3,7,1519928998611000,900.0
3,7,1519928999436000,896.0
3,7,1519929000261000,895.0
3,7,1519929001086000,897.0
3,7,1519929001911000,898.0
3,7,1519929002763000,1032.0
3,7,1519929003589000,905.0
3,7,1519929004413000,879.0
3,7,1519929005265999,848.0
3,7,1519929006091000,826.0
3,7,1519929006916000,932.0
3,7,1519929007768000,1010.0
3,7,1519929008593000,1181.0
3,7,1519929009446000,1337.0
3,7,1519929010271000,1574.0
3,7,1519929011095000,1916.0
3,7,1519929011921000,2300.0
3,7,1519929012745999,2333.0
3,7,1519929013571000,1795.0
3,7,1519929014396000,1661.0
3,7,1519929015221000,1779.0
3,7,1519929016046000,1884.0
3,7,1519929016897999,1877.0
3,7,1519929017751000,1130.0
3,7,1519929018579000,1283.0
3,7,1519929019401000,1258.0
3,7,1519929020225999,1225.0
3,7,1519929021051000,1201.0
3,7,1519929021876000,1251.0
3,7,1519929022755000,1295.0
3,7,1519929023581000,1308.0
3,7,1519929024377999,1316.0
3,7,1519929025148000,1314.0
3,7,1519929025972000,1316.0
3,7,1519929026798000,1294.0
3,7,1519929027649999,1274.0
3,7,1519929028475000,1295.0
3,7,1519929029300000,1314.0
3,7,1519929030125000,1324.0
3,7,1519929030950000,1327.0
3,7,1519929031804000,1328.0
3,7,1519929033508000,1332.0
3,7,1519929034332000,1336.0
3,7,1519929035158000,1353.0
3,7,1519929035983000,1366.0
3,7,1519929036808000,1368.0
3,7,1519929037660000,1370.0
3,7,1519929038485000,1378.0
3,7,1519929039311000,1379.0
3,7,1519929040135000,1383.0
3,7,1519929041813000,1387.0
3,7,1519929042640000,1384.0
3,7,1519929044288000,1379.0
3,7,1519929045113000,1374.0
3,7,1519929045965000,1368.0
3,7,1519929046793000,1359.0
3,7,1519929047643000,1351.0
3,7,1519929048468000,1340.0
3,7,1519929049296000,1325.0
3,7,1519929050118000,1313.0
3,7,1519929050943000,1304.0
3,7,1519929051771000,1294.0
3,7,1519929052647000,1300.0
3,7,1519929053528000,1321.0
3,7,1519929054353000,1344.0
3,7,1519929055177999,1364.0
3,7,1519929056003000,1382.0
3,7,1519929056828000,1399.0
3,7,1519929057708000,1412.0
3,7,1519929058532000,1427.0
3,7,1519929059358000,1438.0
3,7,1519929060209999,1444.0
3,7,1519929061063000,1436.0
3,7,1519929061916000,1407.0
3,7,1519929062767000,1386.0
3,7,1519929063593000,1366.0
3,7,1519929064417999,1347.0
3,7,1519929065243000,1341.0
3,7,1519929066067000,1335.0
3,7,1519929066949000,1337.0
3,7,1519929067773000,1346.0
3,7,1519929068598000,1352.0
3,7,1519929069449999,1345.0
3,7,1519929070275000,1326.0
3,7,1519929071128000,1236.0
3,7,1519929071953000,1185.0
3,7,1519929072777999,1169.0
3,7,1519929073603000,1213.0
3,7,1519929074428000,1187.0
3,7,1519929075253000,1204.0
3,7,1519929076077000,1182.0
3,7,1519929076929000,1110.0
3,7,1519929077837000,1048.0
3,7,1519929078662000,895.0
3,7,1519929079487000,1388.0
3,7,1519929080318000,1241.0
3,7,1519929081165000,1122.0
3,7,1519929081990000,889.0
3,7,1519929082814000,895.0
3,7,1519929083640000,1076.0
3,7,1519929084493000,1535.0
3,7,1519929085318000,1587.0
3,7,1519929086142000,1614.0
3,7,1519929086968000,1654.0
3,7,1519929087792000,1669.0
3,7,1519929088617999,1714.0
3,7,1519929089443000,1742.0
3,7,1519929090267000,1794.0
3,7,1519929091093000,1900.0
3,7,1519929091919000,2127.0
3,7,1519929092743000,1921.0
3,7,1519929093568000,1310.0
3,7,1519929094393999,1421.0
3,7,1519929095217000,1424.0
3,7,1519929096044000,1397.0
3,7,1519929096895000,1380.0
3,7,1519929097747000,1375.0
3,7,1519929098573000,1323.0
3,7,1519929099397000,1264.0
3,7,1519929100222000,917.0
3,7,1519929101047000,882.0
3,7,1519929101872000,895.0
3,7,1519929102726000,1211.0
3,7,1519929103550000,1301.0
3,7,1519929104401999,1478.0
3,7,1519929105227000,1569.0
3,7,1519929106107000,1673.0
3,7,1519929106933000,1751.0
3,7,1519929107840000,1763.0
3,7,1519929108669000,1730.0
3,7,1519929109489999,1672.0
3,7,1519929110260000,1620.0
3,7,1519929111057000,1566.0
3,7,1519929111883000,1482.0
3,7,1519929112710000,1399.0
3,7,1519929113560000,1290.0
3,7,1519929114385000,1186.0
3,7,1519929115209999,1163.0
3,7,1519929116035000,1224.0
3,7,1519929116860000,1292.0
3,7,1519929117697999,1438.0
3,7,1519929118537000,1720.0
3,7,1519929119390000,2086.0
3,7,1519929120214000,2162.0
3,7,1519929121070000,1552.0
3,7,1519929121921000,1657.0
3,7,1519929122773000,1720.0
3,7,1519929123597000,1797.0
3,7,1519929124422000,1856.0
3,7,1519929125276000,1859.0
3,7,1519929126155000,1832.0
3,7,1519929126980000,1717.0
3,7,1519929127833000,1581.0
3,7,1519929128657000,1487.0
3,7,1519929129510000,1494.0
3,7,1519929130336000,1541.0
3,7,1519929131132000,1640.0
3,7,1519929131957000,1729.0
3,7,1519929132782000,1803.0
3,7,1519929133607000,1872.0
3,7,1519929134435000,1896.0
3,7,1519929135256000,1381.0
3,7,1519929136081999,1400.0
3,7,1519929136907000,1478.0
3,7,1519929137732000,1519.0
3,7,1519929138585999,1527.0
3,7,1519929139409999,1521.0
3,7,1519929140235000,1533.0
3,7,1519929141059000,1523.0
3,7,1519929141889999,1524.0
3,7,1519929142792000,1523.0
3,7,1519929144470000,1524.0
3,7,1519929145321999,1516.0
3,7,1519929146147000,1517.0
3,7,1519929146972000,1516.0
3,7,1519929147851000,1512.0
3,7,1519929148677000,1507.0
3,7,1519929149504000,1508.0
3,7,1519929150327000,1504.0
3,7,1519929151179000,1505.0
3,7,1519929152032000,1503.0
3,7,1519929152884000,1499.0
3,7,1519929153711000,1503.0
3,7,1519929154561999,1505.0
3,7,1519929155415000,1503.0
3,7,1519929156239000,1498.0
3,7,1519929157065999,1496.0
3,7,1519929157918000,1497.0
3,7,1519929158742000,1505.0
3,7,1519929160421000,1511.0
3,7,1519929162096000,1514.0
3,7,1519929162951000,1509.0
3,7,1519929163774000,1514.0
3,7,1519929164600000,1515.0
3,7,1519929165424000,1162.0
3,7,1519929166249000,1246.0
3,7,1519929167073999,1984.0
3,7,1519929167927000,1785.0
3,7,1519929168752000,1565.0
3,7,1519929169577000,898.0
3,7,1519929170401999,887.0
3,7,1519929171227000,892.0
3,7,1519929172080000,898.0
3,7,1519929172932000,896.0
3,7,1519929173757000,897.0
3,7,1519929174609999,899.0
3,7,1519929175433999,891.0
3,7,1519929176260000,812.0
3,7,1519929177111000,510.0
3,7,1519929177963000,45.0
3,7,1519929178789000,0.0
3,7,1519929221111000,1129.0
3,7,1519929221937000,1015.0
3,7,1519929222761999,1096.0
3,7,1519929223585999,1355.0
3,7,1519929224439000,2167.0
3,7,1519929225264000,1608.0
3,7,1519929226088000,1471.0
3,7,1519929226941000,1895.0
3,7,1519929227821000,2420.0
3,7,1519929228646000,1831.0
3,7,1519929229471000,1652.0
3,7,1519929230296000,1767.0
3,7,1519929231120000,1834.0
3,7,1519929231948000,1846.0
3,7,1519929232798000,1829.0
3,7,1519929233679000,1811.0
3,7,1519929234504000,1829.0
3,7,1519929235329000,1874.0
3,7,1519929236153000,1617.0
3,7,1519929236979000,1294.0
3,7,1519929237885000,1287.0
3,7,1519929238711000,1305.0
3,7,1519929239536000,1269.0
3,7,1519929240361000,1275.0
3,7,1519929241185999,1276.0
3,7,1519929242011000,1283.0
3,7,1519929242836000,1282.0
3,7,1519929243661000,1281.0
3,7,1519929244486000,1280.0
3,7,1519929246136000,1281.0
3,7,1519929246960000,1293.0
3,7,1519929247814000,1297.0
3,7,1519929248641000,1243.0
3,7,1519929249463000,1101.0
3,7,1519929250289000,1822.0
3,7,1519929251113000,1856.0
3,7,1519929251939000,1842.0
3,7,1519929252764000,1832.0
3,7,1519929253589000,1836.0
3,7,1519929254413000,1808.0
3,7,1519929255238000,1765.0
3,7,1519929256063000,1720.0
3,7,1519929256943000,995.0
3,7,1519929257796000,892.0
3,7,1519929258623000,894.0
3,7,1519929259446000,889.0
3,7,1519929260271000,767.0
3,7,1519929261095000,192.0
3,7,1519929261921000,0.0
3,7,1519929335675000,195.0
3,7,1519929336499000,982.0
3,7,1519929337325000,845.0
3,7,1519929338205000,788.0
3,7,1519929339030000,759.0
3,7,1519929339855000,911.0
3,7,1519929340680000,901.0
3,7,1519929341505000,950.0
3,7,1519929342329999,1738.0
3,7,1519929343155000,2233.0
3,7,1519929343980000,1456.0
3,7,1519929344777999,1269.0
3,7,1519929345603000,1267.0
3,7,1519929346427000,1279.0
3,7,1519929347253000,1386.0
3,7,1519929348105000,1569.0
3,7,1519929348929999,1725.0
3,7,1519929349755000,1917.0
3,7,1519929350583000,1907.0
3,7,1519929351405000,1855.0
3,7,1519929352257999,1864.0
3,7,1519929353137000,1884.0
3,7,1519929353991000,1902.0
3,7,1519929354816000,1914.0
3,7,1519929355645000,1929.0
3,7,1519929356471000,1942.0
3,7,1519929357289999,1940.0
3,7,1519929358143000,1959.0
3,7,1519929358969999,1943.0
3,7,1519929359799000,1942.0
3,7,1519929360617000,1939.0
3,7,1519929361443000,1945.0
3,7,1519929362268000,1954.0
3,7,1519929363092000,1952.0
3,7,1519929363918000,1953.0
3,7,1519929364769999,1942.0
3,7,1519929365540000,1939.0
3,7,1519929366337999,1940.0
3,7,1519929367163000,1944.0
3,7,1519929367988000,1940.0
3,7,1519929368785000,1950.0
3,7,1519929369527000,1956.0
3,7,1519929370353000,1957.0
3,7,1519929371177000,1962.0
3,7,1519929372003000,1961.0
3,7,1519929372855000,1958.0
3,7,1519929373680000,1960.0
3,7,1519929374534000,1955.0
3,7,1519929375357000,1954.0
3,7,1519929376183000,1570.0
3,7,1519929377007000,978.0
3,7,1519929377887000,916.0
3,7,1519929378712000,905.0
3,7,1519929379537000,901.0
3,7,1519929381243000,900.0
3,7,1519929382068000,1036.0
3,7,1519929382947000,1031.0
3,7,1519929383772000,1288.0
3,7,1519929384625000,1903.0
3,7,1519929385449999,2121.0
3,7,1519929386302000,1269.0
3,7,1519929387127000,906.0
3,7,1519929387951000,894.0
3,7,1519929388777000,895.0
3,7,1519929389601999,897.0
3,7,1519929392077000,896.0
3,7,1519929392957000,950.0
3,7,1519929393809999,906.0
3,7,1519929394635000,978.0
3,7,1519929395460000,914.0
3,7,1519929396285000,958.0
3,7,1519929397109000,919.0
3,7,1519929397961999,890.0
3,7,1519929398787000,925.0
3,7,1519929399612000,911.0
3,7,1519929400437000,947.0
3,7,1519929401263000,1177.0
3,7,1519929402086000,984.0
3,7,1519929402940000,928.0
3,7,1519929403793000,907.0
3,7,1519929404617000,903.0
3,7,1519929405441999,860.0
3,7,1519929406267000,842.0
3,7,1519929407147000,940.0
3,7,1519929408000000,950.0
3,7,1519929408825000,926.0
3,7,1519929409649999,932.0
3,7,1519929410475000,946.0
3,7,1519929411355000,945.0
3,7,1519929412207000,882.0
3,7,1519929413032000,839.0
3,7,1519929413857000,793.0
3,7,1519929414681999,771.0
3,7,1519929415507000,767.0
3,7,1519929417157000,769.0
3,7,1519929418835000,771.0
3,7,1519929419662000,770.0
3,7,1519929420485000,771.0
3,7,1519929421311000,770.0
3,7,1519929422134000,958.0
3,7,1519929423016000,929.0
3,7,1519929423839000,923.0
3,7,1519929424665000,933.0
3,7,1519929425489000,927.0
3,7,1519929426316000,915.0
3,7,1519929427139000,921.0
3,7,1519929427992000,931.0
3,7,1519929428817000,995.0
3,7,1519929429641999,912.0
3,7,1519929430467000,856.0
3,7,1519929431292000,817.0
3,7,1519929432117000,767.0
3,7,1519929432942000,769.0
3,7,1519929433767000,768.0
3,7,1519929434592000,769.0
3,7,1519929435417000,770.0
3,7,1519929436269000,768.0
3,7,1519929437094000,769.0
3,7,1519929437975000,771.0
3,7,1519929438800000,767.0
3,7,1519929439625000,765.0
3,7,1519929440477000,770.0
3,7,1519929441329999,772.0
3,7,1519929442155000,769.0
3,7,1519929442980000,773.0
3,7,1519929443805000,770.0
3,7,1519929444629000,771.0
3,7,1519929445455000,768.0
3,7,1519929446279000,770.0
3,7,1519929448755000,836.0
3,7,1519929449579000,920.0
3,7,1519929450405000,957.0
3,7,1519929451229000,890.0
3,7,1519929452053000,846.0
3,7,1519929452878000,826.0
3,7,1519929453704000,863.0
3,7,1519929454557000,904.0
3,7,1519929455382000,899.0
3,7,1519929456207000,898.0
3,7,1519929457032000,899.0
3,7,1519929457857000,900.0
3,7,1519929458683000,852.0
3,7,1519929459534000,955.0
3,7,1519929460359000,926.0
3,7,1519929461185000,876.0
3,7,1519929462009999,842.0
3,7,1519929462889999,796.0
3,7,1519929463716000,770.0
3,7,1519929464540000,768.0
3,7,1519929465365000,767.0
3,7,1519929466219000,770.0
3,7,1519929467043000,769.0
3,7,1519929467924000,851.0
3,7,1519929468751000,958.0
3,7,1519929469574000,948.0
3,7,1519929470399000,939.0
3,7,1519929471224000,940.0
3,7,1519929472051000,938.0
3,7,1519929472929000,946.0
3,7,1519929473753999,933.0
3,7,1519929474579000,914.0
3,7,1519929475404000,920.0
3,7,1519929476229000,908.0
3,7,1519929477054000,900.0
3,7,1519929477905999,1089.0
3,7,1519929478732000,1195.0
3,7,1519929479557000,1313.0
3,7,1519929480382000,1380.0
3,7,1519929481207000,1409.0
3,7,1519929482032000,1452.0
3,7,1519929482857000,1465.0
3,7,1519929483711000,1481.0
3,7,1519929484535000,1490.0
3,7,1519929485361000,1494.0
3,7,1519929486212000,1495.0
3,7,1519929487037000,1498.0
3,7,1519929487861000,1010.0
3,7,1519929488713999,932.0
3,7,1519929489567000,909.0
3,7,1519929490391000,904.0
3,7,1519929491247000,901.0
3,7,1519929492069000,886.0
3,7,1519929492951000,808.0
3,7,1519929493775000,916.0
3,7,1519929494601999,961.0
3,7,1519929495425000,947.0
3,7,1519929496249999,926.0
3,7,1519929497103000,945.0
3,7,1519929497982000,935.0
3,7,1519929498808000,971.0
3,7,1519929499633000,950.0
3,7,1519929500459000,934.0
3,7,1519929501283000,948.0
3,7,1519929502108000,951.0
3,7,1519929502961999,985.0
3,7,1519929503785000,930.0
3,7,1519929504609999,923.0
3,7,1519929505435000,942.0
3,7,1519929506264000,974.0
3,7,1519929507092000,945.0
3,7,1519929507918000,892.0
3,7,1519929508790000,851.0
3,7,1519929509615000,809.0
3,7,1519929510440000,764.0
3,7,1519929511265000,767.0
3,7,1519929512089999,770.0
3,7,1519929512943000,768.0
3,7,1519929513796000,767.0
3,7,1519929514565000,769.0
3,7,1519929515390000,770.0
3,7,1519929517068000,769.0
3,7,1519929517919000,772.0
3,7,1519929518748000,771.0
3,7,1519929520395000,769.0
3,7,1519929521220000,771.0
3,7,1519929523723000,769.0
3,7,1519929524548000,767.0
3,7,1519929525375000,770.0
3,7,1519929527929999,769.0
3,7,1519929529580000,770.0
3,7,1519929530405000,771.0
3,7,1519929531230000,770.0
3,7,1519929532880000,772.0
3,7,1519929533733000,768.0
3,7,1519929534558000,769.0
3,7,1519929535383000,768.0
3,7,1519929536209000,770.0
3,7,1519929537033000,768.0
3,7,1519929537857000,771.0
3,7,1519929538710000,770.0
3,7,1519929539535000,771.0
3,7,1519929540360000,767.0
3,7,1519929541185000,769.0
3,7,1519929542009999,767.0
3,7,1519929542835000,770.0
3,7,1519929544485000,769.0
3,7,1519929546136000,771.0
3,7,1519929548611000,770.0
3,7,1519929550260000,769.0
3,7,1519929551085000,771.0
3,7,1519929551937999,770.0
3,7,1519929553588000,771.0
3,7,1519929555238000,768.0
3,7,1519929556063000,769.0
3,7,1519929556888000,768.0
3,7,1519929557740000,771.0
3,7,1519929558565000,770.0
3,7,1519929559390000,822.0
3,7,1519929560215000,963.0
3,7,1519929561040000,942.0
3,7,1519929561865000,938.0
3,7,1519929562689999,937.0
3,7,1519929563569999,939.0
3,7,1519929564395000,937.0
3,7,1519929565220000,962.0
3,7,1519929566045000,960.0
3,7,1519929566870000,945.0
3,7,1519929567703000,943.0
3,7,1519929568577000,990.0
3,7,1519929569427000,962.0
3,7,1519929570260000,926.0
3,7,1519929571077000,939.0
3,7,1519929571902000,936.0
3,7,1519929572728000,977.0
3,7,1519929573559000,940.0
3,7,1519929574377000,887.0
3,7,1519929575204000,848.0
3,7,1519929576033999,803.0
3,7,1519929576880000,767.0
3,7,1519929577679000,769.0
3,7,1519929578529999,766.0
3,7,1519929579355000,768.0
3,7,1519929580180000,769.0
3,7,1519929582656000,773.0
3,7,1519929583535000,770.0
3,7,1519929584360000,767.0
3,7,1519929585212000,770.0
3,7,1519929586863000,771.0
3,7,1519929587715000,770.0
3,7,1519929589392000,769.0
3,7,1519929590217999,772.0
3,7,1519929591041999,770.0
3,7,1519929591867000,771.0
3,7,1519929592692000,767.0
3,7,1519929593544000,769.0
3,7,1519929594373000,770.0
3,7,1519929596021000,970.0
3,7,1519929596844000,950.0
3,7,1519929597670000,942.0
3,7,1519929598496000,939.0
3,7,1519929599292000,929.0
3,7,1519929600062000,918.0
3,7,1519929600860000,922.0
3,7,1519929601629000,912.0
3,7,1519929602401000,927.0
3,7,1519929603252000,980.0
3,7,1519929604077000,900.0
3,7,1519929604902000,849.0
3,7,1519929605727000,932.0
3,7,1519929606552000,945.0
3,7,1519929607405000,937.0
3,7,1519929608257000,913.0
3,7,1519929609083000,934.0
3,7,1519929609934000,942.0
3,7,1519929610787000,968.0
3,7,1519929611612000,945.0
3,7,1519929612437000,943.0
3,7,1519929613289999,886.0
3,7,1519929614116000,843.0
3,7,1519929614940000,799.0
3,7,1519929615765000,771.0
3,7,1519929616589000,768.0
3,7,1519929618240000,769.0
3,7,1519929619065000,768.0
3,7,1519929619889000,770.0
3,7,1519929623217000,967.0
3,7,1519929624041999,926.0
3,7,1519929624867000,942.0
3,7,1519929625692000,940.0
3,7,1519929626517000,884.0
3,7,1519929627342000,846.0
3,7,1519929628166000,804.0
3,7,1519929628992000,769.0
3,7,1519929629817000,767.0
3,7,1519929630641999,769.0
3,7,1519929631467000,767.0
3,7,1519929632289999,768.0
3,7,1519929633143000,771.0
3,7,1519929633999000,770.0
3,7,1519929634822000,768.0
3,7,1519929635647000,770.0
3,7,1519929638121000,768.0
3,7,1519929638974000,769.0
3,7,1519929639799000,771.0
3,7,1519929640624000,770.0
3,7,1519929641449000,769.0
3,7,1519929642273999,768.0
3,7,1519929643924000,953.0
3,7,1519929644749000,943.0
3,7,1519929645574000,929.0
3,7,1519929646399000,931.0
3,7,1519929647224000,939.0
3,7,1519929648078000,928.0
3,7,1519929648902000,937.0
3,7,1519929649727000,1016.0
3,7,1519929650550000,926.0
3,7,1519929651377000,867.0
3,7,1519929652203000,842.0
3,7,1519929653081000,794.0
3,7,1519929653907000,769.0
3,7,1519929654732000,845.0
3,7,1519929655557000,960.0
3,7,1519929656382000,950.0
3,7,1519929657207000,900.0
3,7,1519929658057999,853.0
3,7,1519929658884000,820.0
3,7,1519929659709000,775.0
3,7,1519929660534000,967.0
3,7,1519929661359000,943.0
3,7,1519929662211000,938.0
3,7,1519929663065000,964.0
3,7,1519929663889000,946.0
3,7,1519929664716000,949.0
3,7,1519929665541000,954.0
3,7,1519929666391000,952.0
3,7,1519929667216000,955.0
3,7,1519929668069000,936.0
3,7,1519929668893000,929.0
3,7,1519929669719000,963.0
3,7,1519929670544000,966.0
3,7,1519929671369999,940.0
3,7,1519929672193000,933.0
3,7,1519929673019000,969.0
3,7,1519929673846000,945.0
3,7,1519929675494000,943.0
3,7,1519929676320000,955.0
3,7,1519929677144000,938.0
3,7,1519929677969000,936.0
3,7,1519929678793999,944.0
3,7,1519929679619000,946.0
3,7,1519929680444000,978.0
3,7,1519929681269000,927.0
3,7,1519929682094000,965.0
3,7,1519929682918000,949.0
3,7,1519929683775000,974.0
3,7,1519929684596000,962.0
3,7,1519929685424000,936.0
3,7,1519929686191000,923.0
3,7,1519929686988000,971.0
3,7,1519929687734000,948.0
3,7,1519929688611000,893.0
3,7,1519929689409999,850.0
3,7,1519929690179000,817.0
3,7,1519929691004000,769.0
3,7,1519929691773000,766.0
3,7,1519929692598000,768.0
3,7,1519929693479000,767.0
3,7,1519929694305000,771.0
3,7,1519929695185000,768.0
3,7,1519929696833999,769.0
3,7,1519929697659000,771.0
3,7,1519929698539000,734.0
3,7,1519929699363000,450.0
3,7,1519929700189000,29.0
3,7,1519929701041999,0.0
3,7,1519929717705000,1126.0
3,7,1519929718559000,877.0
3,7,1519929719383000,798.0
3,7,1519929720236000,774.0
3,7,1519929721061000,746.0
3,7,1519929721886000,759.0
3,7,1519929722739000,766.0
3,7,1519929723591000,769.0
3,7,1519929724443000,768.0
3,7,1519929725296000,772.0
3,7,1519929726121000,770.0
3,7,1519929726945999,772.0
3,7,1519929727771000,770.0
3,7,1519929728596000,772.0
3,7,1519929729475000,773.0
3,7,1519929730301000,768.0
3,7,1519929731126000,771.0
3,7,1519929731951000,770.0
3,7,1519929733628000,772.0
3,7,1519929735278000,773.0
3,7,1519929736104000,771.0
3,7,1519929736929000,772.0
3,7,1519929738633999,771.0
3,7,1519929739459000,770.0
3,7,1519929741110000,771.0
3,7,1519929741961000,772.0
3,7,1519929743640000,769.0
3,7,1519929744463000,770.0
3,7,1519929749469000,773.0
3,7,1519929750293000,770.0
3,7,1519929752025999,771.0
3,7,1519929752851000,769.0
3,7,1519929753759000,772.0
3,7,1519929754583000,770.0
3,7,1519929755408000,771.0
3,7,1519929756233000,770.0
3,7,1519929757059000,769.0
3,7,1519929757883000,768.0
3,7,1519929758736000,771.0
3,7,1519929760385999,770.0
3,7,1519929761239000,768.0
3,7,1519929762092000,769.0
3,7,1519929762916000,768.0
3,7,1519929764565000,769.0
3,7,1519929765392000,770.0
3,7,1519929766216000,860.0
3,7,1519929767068000,949.0
3,7,1519929767894000,946.0
3,7,1519929768745999,944.0
3,7,1519929770400000,943.0
3,7,1519929771220000,885.0
3,7,1519929772046000,846.0
3,7,1519929772871000,805.0
3,7,1519929773695000,768.0
3,7,1519929774521000,767.0
3,7,1519929775345999,770.0
3,7,1519929776995000,768.0
3,7,1519929777820000,769.0
3,7,1519929778645000,768.0
3,7,1519929779471000,770.0
3,7,1519929780295000,769.0
3,7,1519929781148000,771.0
3,7,1519929781973000,768.0
3,7,1519929782798000,770.0
3,7,1519929783705999,772.0
3,7,1519929784531000,771.0
3,7,1519929786182000,773.0
3,7,1519929787006000,771.0
3,7,1519929787831000,769.0
3,7,1519929788683000,770.0
3,7,1519929790333000,772.0
3,7,1519929791158000,769.0
3,7,1519929791984000,770.0
3,7,1519929792808000,769.0
3,7,1519929793633000,770.0
3,7,1519929795283000,769.0
3,7,1519929796108000,770.0
3,7,1519929796934000,771.0
3,7,1519929798612000,770.0
3,7,1519929799436000,769.0
3,7,1519929800261000,768.0
3,7,1519929801086000,769.0
3,7,1519929801910000,768.0
3,7,1519929802735000,770.0
3,7,1519929803588000,768.0
3,7,1519929804414000,772.0
3,7,1519929805238000,771.0
3,7,1519929806063000,770.0
3,7,1519929806888000,769.0
3,7,1519929807713000,771.0
3,7,1519929808565000,919.0
3,7,1519929809390000,921.0
3,7,1519929810215000,937.0
3,7,1519929811040000,995.0
3,7,1519929811837000,923.0
3,7,1519929812663000,865.0
3,7,1519929813515000,826.0
3,7,1519929814377000,775.0
3,7,1519929815247000,207.0
3,9,1519924978375000,0.0
3,9,1519924996941000,1.0
3,9,1519925006902000,2.0
3,9,1519925010051000,1.0
3,9,1519925011552000,2.0
3,9,1519925012391000,1.0
3,9,1519925013291000,0.0
3,9,1519925016021000,1.0
3,9,1519925016921000,2.0
3,9,1519925019621000,1.0
3,9,1519925020551000,0.0
3,9,1519925021451000,1.0
3,9,1519925022351000,2.0
3,9,1519925023251000,3.0
3,9,1519925024151000,5.0
3,9,1519925025081999,10.0
3,9,1519925025981000,8.0
3,9,1519925026881000,6.0
3,9,1519925027781000,4.0
3,9,1519925028742000,3.0
3,9,1519925029700000,4.0
3,9,1519925031501000,3.0
3,9,1519925035100000,4.0
3,9,1519925036001000,7.0
3,9,1519925037801000,5.0
3,9,1519925038701000,9.0
3,9,1519925039601000,13.0
3,9,1519925040501000,18.0
3,9,1519925041431000,15.0
3,9,1519925042420000,10.0
3,9,1519925043351000,9.0
3,9,1519925044281999,5.0
3,9,1519925045270000,4.0
3,9,1519925047101000,3.0
3,9,1519925048001000,4.0
3,9,1519925048929999,6.0
3,9,1519925049889999,9.0
3,9,1519925050821000,14.0
3,9,1519925051721000,21.0
3,9,1519925053550000,20.0
3,9,1519925054449999,19.0
3,9,1519925055351000,13.0
3,9,1519925056249999,8.0
3,9,1519925057151000,4.0
3,9,1519925058080000,3.0
3,9,1519925059131000,2.0
3,9,1519925061830000,1.0
3,9,1519925062729999,0.0
3,9,1519925064500000,1.0
3,9,1519925065431000,0.0
3,9,1519925113671000,5.0
3,9,1519925114421000,11.0
3,9,1519925115261000,15.0
3,9,1519925116160000,22.0
3,9,1519925117060000,24.0
3,9,1519925117991000,30.0
3,9,1519925118892000,39.0
3,9,1519925121681999,40.0
3,9,1519925122582000,39.0
3,9,1519925124501000,40.0
3,9,1519925126513000,41.0
3,9,1519925128460000,42.0
3,9,1519925136741000,41.0
3,9,1519925138541000,40.0
3,9,1519925139441999,39.0
3,9,1519925140371000,36.0
3,9,1519925141271000,30.0
3,9,1519925142169999,24.0
3,9,1519925143070000,19.0
3,9,1519925143969999,17.0
3,9,1519925144870000,19.0
3,9,1519925145771000,23.0
3,9,1519925146671000,28.0
3,9,1519925147571000,33.0
3,9,1519925148471000,36.0
3,9,1519925149371000,37.0
3,9,1519925150300000,41.0
3,9,1519925151201000,44.0
3,9,1519925152100000,45.0
3,9,1519925155791000,44.0
3,9,1519925156751000,42.0
3,9,1519925157649999,40.0
3,9,1519925158551000,37.0
3,9,1519925159451000,33.0
3,9,1519925160381000,28.0
3,9,1519925161281000,21.0
3,9,1519925162181000,14.0
3,9,1519925163081000,8.0
3,9,1519925163982000,6.0
3,9,1519925164883000,5.0
3,9,1519925165811000,7.0
3,9,1519925166716000,9.0
3,9,1519925167611000,14.0
3,9,1519925168510000,16.0
3,9,1519925169441000,18.0
3,9,1519925170369999,22.0
3,9,1519925173881000,20.0
3,9,1519925174752000,18.0
3,9,1519925175621000,17.0
3,9,1519925177241000,20.0
3,9,1519925178051000,25.0
3,9,1519925178891000,30.0
3,9,1519925179701000,34.0
3,9,1519925180541000,35.0
3,9,1519925181291000,34.0
3,9,1519925182041000,31.0
3,9,1519925182793999,28.0
3,9,1519925183541000,26.0
3,9,1519925184350000,21.0
3,9,1519925185191000,17.0
3,9,1519925186089999,11.0
3,9,1519925186960000,6.0
3,9,1519925187835000,3.0
3,9,1519925188701000,2.0
3,9,1519925190381000,1.0
3,9,1519925192091000,2.0
3,9,1519925193801000,5.0
3,9,1519925194580000,9.0
3,9,1519925195393999,13.0
3,9,1519925196201000,17.0
3,9,1519925197790000,22.0
3,9,1519925198541000,26.0
3,9,1519925199292000,29.0
3,9,1519925200129999,32.0
3,9,1519925200880000,34.0
3,9,1519925202380000,35.0
3,9,1519925203881000,36.0
3,9,1519925204691000,37.0
3,9,1519925207030000,36.0
3,9,1519925209281000,35.0
3,9,1519925210843000,34.0
3,9,1519925211679000,33.0
3,9,1519925212432000,32.0
3,9,1519925213180000,30.0
3,9,1519925213931000,29.0
3,9,1519925214681000,27.0
3,9,1519925215581000,24.0
3,9,1519925216332000,21.0
3,9,1519925217080000,17.0
3,9,1519925217830000,14.0
3,9,1519925218582000,12.0
3,9,1519925219331000,8.0
3,9,1519925220169999,6.0
3,9,1519925220920000,8.0
3,9,1519925221671000,12.0
3,9,1519925222421000,16.0
3,9,1519925223921999,20.0
3,9,1519925224672000,25.0
3,9,1519925225423000,32.0
3,9,1519925226169000,33.0
3,9,1519925226919000,32.0
3,9,1519925227820000,31.0
3,9,1519925228721000,29.0
3,9,1519925229649999,24.0
3,9,1519925230552000,17.0
3,9,1519925231452000,11.0
3,9,1519925232352000,6.0
3,9,1519925233251000,3.0
3,9,1519925234150000,0.0
3,9,1519925294604000,2.0
3,9,1519925295409000,7.0
3,9,1519925296160000,13.0
3,9,1519925297753000,12.0
3,9,1519925298500000,10.0
3,9,1519925299999000,11.0
3,9,1519925301500000,12.0
3,9,1519925302310000,11.0
3,9,1519925303062000,8.0
3,9,1519925303900000,6.0
3,9,1519925305460000,5.0
3,9,1519925306209999,1.0
3,9,1519925306961999,0.0
3,9,1519925313500000,4.0
3,9,1519925314280000,11.0
3,9,1519925315001999,14.0
3,9,1519925315753000,19.0
3,9,1519925316501000,25.0
3,9,1519925318001999,26.0
3,9,1519925318750000,28.0
3,9,1519925319501000,29.0
3,9,1519925320340000,31.0
3,9,1519925321089000,32.0
3,9,1519925326489000,31.0
3,9,1519925329608000,30.0
3,9,1519925334200000,31.0
3,9,1519925334950000,32.0
3,9,1519925337289000,33.0
3,9,1519925338038000,34.0
3,9,1519925338848000,35.0
3,9,1519925339749000,36.0
3,9,1519925340680000,37.0
3,9,1519925341580000,38.0
3,9,1519925342509000,39.0
3,9,1519925343439000,40.0
3,9,1519925344339000,41.0
3,9,1519925346169000,40.0
3,9,1519925348869000,39.0
3,9,1519925349769000,36.0
3,9,1519925352500000,37.0
3,9,1519925355229000,38.0
3,9,1519925357029000,40.0
3,9,1519925362519000,38.0
3,9,1519925363419000,36.0
3,9,1519925364319000,35.0
3,9,1519925365249000,32.0
3,9,1519925366148000,28.0
3,9,1519925367049000,23.0
3,9,1519925367948000,18.0
3,9,1519925368849999,15.0
3,9,1519925369749000,12.0
3,9,1519925370649000,8.0
3,9,1519925371550000,4.0
3,9,1519925372449000,3.0
3,9,1519925373349000,1.0
3,9,1519925375179000,0.0
3,9,1519925378779000,1.0
3,9,1519925380579000,0.0
3,9,1519925387839000,1.0
3,9,1519925389640000,2.0
3,9,1519925390480000,4.0
3,9,1519925391379000,5.0
3,9,1519925392219000,4.0
3,9,1519925393059000,1.0
3,9,1519925393899000,0.0
3,9,1519925399088000,1.0
3,9,1519925402359000,3.0
3,9,1519925404129000,2.0
3,9,1519925405029000,0.0
3,9,1519925406799000,2.0
3,9,1519925408539000,3.0
3,9,1519925410217999,2.0
3,9,1519925412771000,3.0
3,9,1519925413639000,0.0
3,9,1519925473788000,2.0
3,9,1519925474688000,3.0
3,9,1519925475619000,5.0
3,9,1519925476518000,9.0
3,9,1519925477449999,13.0
3,9,1519925478348000,17.0
3,9,1519925480208000,20.0
3,9,1519925481108000,24.0
3,9,1519925482008000,27.0
3,9,1519925482908000,30.0
3,9,1519925483808000,34.0
3,9,1519925484708000,35.0
3,9,1519925485639000,34.0
3,9,1519925487468000,35.0
3,9,1519925488367000,37.0
3,9,1519925489267000,39.0
3,9,1519925491158000,40.0
3,9,1519925493857999,38.0
3,9,1519925494788000,36.0
3,9,1519925495718000,34.0
3,9,1519925496617999,32.0
3,9,1519925497518000,30.0
3,9,1519925498417999,29.0
3,9,1519925499318000,27.0
3,9,1519925500309000,23.0
3,9,1519925501237000,21.0
3,9,1519925502137999,18.0
3,9,1519925503009000,16.0
3,9,1519925503937999,14.0
3,9,1519925504868000,11.0
3,9,1519925505798000,8.0
3,9,1519925506697999,3.0
3,9,1519925507568000,1.0
3,9,1519925508468000,0.0
3,9,1519925514558000,1.0
3,9,1519925516237000,0.0
3,9,1519925537177999,4.0
3,9,1519925537931000,9.0
3,9,1519925538768000,12.0
3,9,1519925539577999,13.0
3,9,1519925541167000,12.0
3,9,1519925544228000,11.0
3,9,1519925547379000,10.0
3,9,1519925553527000,9.0
3,9,1519925557547000,8.0
3,9,1519925558508000,7.0
3,9,1519925560340000,6.0
3,9,1519925561119000,5.0
3,9,1519925563638000,4.0
3,9,1519925565497999,3.0
3,9,1519925570958000,2.0
3,9,1519925571892000,1.0
3,9,1519925572788000,0.0
3,9,1519925609057999,4.0
3,9,1519925609957000,8.0
3,9,1519925610887000,11.0
3,9,1519925611757000,12.0
3,9,1519925613527000,10.0
3,9,1519925614427000,11.0
3,9,1519925616227000,10.0
3,9,1519925618957000,9.0
3,9,1519925619856000,10.0
3,9,1519925621657000,9.0
3,9,1519925636601999,8.0
3,9,1519925637437000,7.0
3,9,1519925638999000,5.0
3,9,1519925639750000,3.0
3,9,1519925640588000,2.0
3,9,1519925641337000,0.0
3,9,1519925687207000,4.0
3,9,1519925688137999,12.0
3,9,1519925689037000,19.0
3,9,1519925689937999,20.0
3,9,1519925690869000,25.0
3,9,1519925691769000,29.0
3,9,1519925692697999,30.0
3,9,1519925693599000,28.0
3,9,1519925694499000,26.0
3,9,1519925695399000,23.0
3,9,1519925696300000,22.0
3,9,1519925697198000,18.0
3,9,1519925698097999,12.0
3,9,1519925699029000,6.0
3,9,1519925699929000,1.0
3,9,1519925700889000,0.0
3,9,1519925770937999,2.0
3,9,1519925771753000,7.0
3,9,1519925772529999,10.0
3,9,1519925773339000,11.0
3,9,1519925774089000,10.0
3,9,1519925774840000,9.0
3,9,1519925779340000,7.0
3,9,1519925780089999,6.0
3,9,1519925780839000,5.0
3,9,1519925781590000,6.0
3,9,1519925782339000,9.0
3,9,1519925783149000,10.0
3,9,1519925785489999,12.0
3,9,1519925786239000,13.0
3,9,1519925786989000,14.0
3,9,1519925788489999,13.0
3,9,1519925789989000,12.0
3,9,1519925790740000,9.0
3,9,1519925797580000,10.0
3,9,1519925798389000,11.0
3,9,1519925799139000,12.0
3,9,1519925799891000,15.0
3,9,1519925800729000,19.0
3,9,1519925801600000,20.0
3,9,1519925802500000,26.0
3,9,1519925803400000,34.0
3,9,1519925804299000,40.0
3,9,1519925805198000,41.0
3,9,1519925806129999,45.0
3,9,1519925807029000,47.0
3,9,1519925807929999,48.0
3,9,1519925808829000,47.0
3,9,1519925809729000,46.0
3,9,1519925810659000,45.0
3,9,1519925811559000,44.0
3,9,1519925812459000,39.0
3,9,1519925813389000,34.0
3,9,1519925814289000,28.0
3,9,1519925815189000,24.0
3,9,1519925816119000,25.0
3,9,1519925817019000,28.0
3,9,1519925817918000,33.0
3,9,1519925818819000,40.0
3,9,1519925819718000,39.0
3,9,1519925820648000,43.0
3,9,1519925821549000,49.0
3,9,1519925822449000,52.0
3,9,1519925824249000,50.0
3,9,1519925825149000,49.0
3,9,1519925826079000,47.0
3,9,1519925826980000,45.0
3,9,1519925827879000,42.0
3,9,1519925828779000,37.0
3,9,1519925829678000,32.0
3,9,1519925830579000,25.0
3,9,1519925831479000,18.0
3,9,1519925832379000,14.0
3,9,1519925834208000,17.0
3,9,1519925835137999,19.0
3,9,1519925836070000,20.0
3,9,1519925836998000,19.0
3,9,1519925837897999,18.0
3,9,1519925839699000,19.0
3,9,1519925842399000,18.0
3,9,1519925843299000,19.0
3,9,1519925844198000,23.0
3,9,1519925845097999,28.0
3,9,1519925846060000,34.0
3,9,1519925846960000,36.0
3,9,1519925847831000,34.0
3,9,1519925849629000,31.0
3,9,1519925850499000,27.0
3,9,1519925851429000,21.0
3,9,1519925852329000,14.0
3,9,1519925853257999,6.0
3,9,1519925854158000,1.0
3,9,1519925855060000,0.0
3,9,1519925859590000,1.0
3,9,1519925860519000,3.0
3,9,1519925861417999,4.0
3,9,1519925862319000,6.0
3,9,1519925863188000,8.0
3,9,1519925864059000,11.0
3,9,1519925864929000,15.0
3,9,1519925865829000,16.0
3,9,1519925866700000,18.0
3,9,1519925869369000,16.0
3,9,1519925870123000,14.0
3,9,1519925871019000,12.0
3,9,1519925871828000,9.0
3,9,1519925872639000,7.0
3,9,1519925873419000,4.0
3,9,1519925874259000,3.0
3,9,1519925875040000,2.0
3,9,1519925876660000,1.0
3,9,1519925882750000,0.0
3,9,1519925886169000,1.0
3,9,1519925887760000,2.0
3,9,1519925888598000,4.0
3,9,1519925889409000,8.0
3,9,1519925890160000,11.0
3,9,1519925890910000,14.0
3,9,1519925891717000,15.0
3,9,1519925892497999,19.0
3,9,1519925893248000,23.0
3,9,1519925893998000,28.0
3,9,1519925894748000,31.0
3,9,1519925896248000,32.0
3,9,1519925897809999,33.0
3,9,1519925900809999,32.0
3,9,1519925901560000,31.0
3,9,1519925903809999,30.0
3,9,1519925904561000,29.0
3,9,1519925905310000,28.0
3,9,1519925906060000,26.0
3,9,1519925906809999,24.0
3,9,1519925907560000,21.0
3,9,1519925908309000,18.0
3,9,1519925909060000,13.0
3,9,1519925909809999,8.0
3,9,1519925910648000,4.0
3,9,1519925911399000,2.0
3,9,1519925912150000,1.0
3,9,1519925915150000,0.0
3,9,1519925925168000,1.0
3,9,1519925926097999,2.0
3,9,1519925929697999,3.0
3,9,1519925930628000,4.0
3,9,1519925931528000,6.0
3,9,1519925932428000,9.0
3,9,1519925933328000,14.0
3,9,1519925934228000,17.0
3,9,1519925935158000,19.0
3,9,1519925936088000,22.0
3,9,1519925936988000,28.0
3,9,1519925937888000,31.0
3,9,1519925938788000,29.0
3,9,1519925939689000,26.0
3,9,1519925940590000,25.0
3,9,1519925941489000,22.0
3,9,1519925942417999,18.0
3,9,1519925943377999,14.0
3,9,1519925944278000,9.0
3,9,1519925945179000,6.0
3,9,1519925946168000,3.0
3,9,1519925947081999,2.0
3,9,1519925947999000,1.0
3,9,1519925948899000,0.0
3,9,1519925973108000,1.0
3,9,1519925973977999,3.0
3,9,1519925974908000,5.0
3,9,1519925975808000,8.0
3,9,1519925976679000,10.0
3,9,1519925977579000,9.0
3,9,1519925978478000,8.0
3,9,1519925979348000,6.0
3,9,1519925980248000,5.0
3,9,1519925982981000,4.0
3,9,1519925984688000,3.0
3,9,1519925985527000,4.0
3,9,1519925986368000,11.0
3,9,1519925987207000,13.0
3,9,1519925988080000,10.0
3,9,1519925988918000,8.0
3,9,1519925989788000,10.0
3,9,1519925990657999,16.0
3,9,1519925991468000,21.0
3,9,1519925992278000,23.0
3,9,1519925993117000,28.0
3,9,1519925993868000,32.0
3,9,1519925994617999,34.0
3,9,1519925996177999,37.0
3,9,1519925996929999,38.0
3,9,1519925997679000,39.0
3,9,1519926003407000,38.0
3,9,1519926007612000,39.0
3,9,1519926008417999,38.0
3,9,1519926009168000,39.0
3,9,1519926011509000,40.0
3,9,1519926012257999,41.0
3,9,1519926013758000,42.0
3,9,1519926016758000,41.0
3,9,1519926018257999,40.0
3,9,1519926020568000,41.0
3,9,1519926022073000,42.0
3,9,1519926024319000,43.0
3,9,1519926029057999,44.0
3,9,1519926031309000,43.0
3,9,1519926032057999,41.0
3,9,1519926032809000,40.0
3,9,1519926035060000,39.0
3,9,1519926040187000,37.0
3,9,1519926041118000,35.0
3,9,1519926042017000,30.0
3,9,1519926042945999,26.0
3,9,1519926043848000,21.0
3,9,1519926044749000,15.0
3,9,1519926045679000,9.0
3,9,1519926046577999,4.0
3,9,1519926047477000,3.0
3,9,1519926048377999,2.0
3,9,1519926052008000,3.0
3,9,1519926052907000,4.0
3,9,1519926053806000,6.0
3,9,1519926054707000,9.0
3,9,1519926055607000,11.0
3,9,1519926056550000,13.0
3,9,1519926057438000,16.0
3,9,1519926058367000,21.0
3,9,1519926059267000,27.0
3,9,1519926060166000,33.0
3,9,1519926061096000,38.0
3,9,1519926062897999,39.0
3,9,1519926063797000,41.0
3,9,1519926066557000,42.0
3,9,1519926067547000,43.0
3,9,1519926068447000,42.0
3,9,1519926069347000,43.0
3,9,1519926070247000,42.0
3,9,1519926071145999,41.0
3,9,1519926072046000,39.0
3,9,1519926072945999,37.0
3,9,1519926073877000,33.0
3,9,1519926074807000,29.0
3,9,1519926075737999,23.0
3,9,1519926076638000,16.0
3,9,1519926077536000,11.0
3,9,1519926078467000,9.0
3,9,1519926079367000,7.0
3,9,1519926080268000,5.0
3,9,1519926081197000,7.0
3,9,1519926082096000,10.0
3,9,1519926082998000,13.0
3,9,1519926083928000,16.0
3,9,1519926084828000,17.0
3,9,1519926085728000,22.0
3,9,1519926086569000,26.0
3,9,1519926087437000,30.0
3,9,1519926088305999,34.0
3,9,1519926089989000,36.0
3,9,1519926090918000,39.0
3,9,1519926091785999,42.0
3,9,1519926092687000,44.0
3,9,1519926093557000,45.0
3,9,1519926095357000,44.0
3,9,1519926097160000,43.0
3,9,1519926098057999,42.0
3,9,1519926099767000,41.0
3,9,1519926102497000,43.0
3,9,1519926103336000,44.0
3,9,1519926104176000,43.0
3,9,1519926105017000,42.0
3,9,1519926105947000,41.0
3,9,1519926106788000,39.0
3,9,1519926107686000,40.0
3,9,1519926114677000,39.0
3,9,1519926115427000,38.0
3,9,1519926116267000,36.0
3,9,1519926117077000,35.0
3,9,1519926117827000,36.0
3,9,1519926121065999,34.0
3,9,1519926121967000,32.0
3,9,1519926122807000,30.0
3,9,1519926123680000,29.0
3,9,1519926124429000,30.0
3,9,1519926125327000,31.0
3,9,1519926126979000,29.0
3,9,1519926127728000,28.0
3,9,1519926128479000,25.0
3,9,1519926129228000,23.0
3,9,1519926129979000,21.0
3,9,1519926130816000,20.0
3,9,1519926131627000,17.0
3,9,1519926132377999,14.0
3,9,1519926133129999,12.0
3,9,1519926133877000,10.0
3,9,1519926134687000,7.0
3,9,1519926135617000,4.0
3,9,1519926136366000,1.0
3,9,1519926137117000,0.0
3,9,1519926216976000,1.0
3,9,1519926217846000,4.0
3,9,1519926218745999,8.0
3,9,1519926219585999,12.0
3,9,1519926220516000,18.0
3,9,1519926221385999,20.0
3,9,1519926222196000,23.0
3,9,1519926223097000,30.0
3,9,1519926223945000,34.0
3,9,1519926224776000,35.0
3,9,1519926225736000,36.0
3,9,1519926227356000,30.0
3,9,1519926228196000,23.0
3,9,1519926228949000,15.0
3,9,1519926229785999,9.0
3,9,1519926230566000,3.0
3,9,1519926231349000,0.0
3,9,1519926322998000,3.0
3,9,1519926323865000,9.0
3,9,1519926324765000,11.0
3,9,1519926326565000,10.0
3,9,1519926327465000,9.0
3,9,1519926328336000,7.0
3,9,1519926329235000,5.0
3,9,1519926331036000,7.0
3,9,1519926331936000,12.0
3,9,1519926332807000,18.0
3,9,1519926333705000,20.0
3,9,1519926334606000,26.0
3,9,1519926335446000,36.0
3,9,1519926336315000,42.0
3,9,1519926338955000,43.0
3,9,1519926343305000,44.0
3,9,1519926345856000,43.0
3,9,1519926346607000,41.0
3,9,1519926347356000,35.0
3,9,1519926348105999,30.0
3,9,1519926348857999,23.0
3,9,1519926349605000,17.0
3,9,1519926350355000,9.0
3,9,1519926351193999,2.0
3,9,1519926351945000,0.0
3,9,1519926394273999,1.0
3,9,1519926395174000,6.0
3,9,1519926396076000,10.0
3,9,1519926396976000,12.0
3,9,1519926397876000,13.0
3,9,1519926400574000,12.0
3,9,1519926401534000,14.0
3,9,1519926402464000,17.0
3,9,1519926403366000,18.0
3,9,1519926404293000,22.0
3,9,1519926405193999,25.0
3,9,1519926406095000,27.0
3,9,1519926406995000,28.0
3,9,1519926407895000,29.0
3,9,1519926408795000,30.0
3,9,1519926409695000,31.0
3,9,1519926410593999,32.0
3,9,1519926413353000,33.0
3,9,1519926416984000,34.0
3,9,1519926417885000,36.0
3,9,1519926419684000,40.0
3,9,1519926420585000,41.0
3,9,1519926424214000,42.0
3,9,1519926425113999,43.0
3,9,1519926426073999,45.0
3,9,1519926426975000,46.0
3,9,1519926431534000,45.0
3,9,1519926435193000,44.0
3,9,1519926446173000,45.0
3,9,1519926447075000,44.0
3,9,1519926447973000,43.0
3,9,1519926448873999,42.0
3,9,1519926449774000,41.0
3,9,1519926450734000,38.0
3,9,1519926451633999,33.0
3,9,1519926452534000,29.0
3,9,1519926453433999,24.0
3,9,1519926454334000,17.0
3,9,1519926455233999,12.0
3,9,1519926456133000,9.0
3,9,1519926457004000,6.0
3,9,1519926457904000,5.0
3,9,1519926459617000,8.0
3,9,1519926460484000,11.0
3,9,1519926461417999,16.0
3,9,1519926462164000,17.0
3,9,1519926463005000,22.0
3,9,1519926463815000,27.0
3,9,1519926464564000,32.0
3,9,1519926466153999,34.0
3,9,1519926466904000,33.0
3,9,1519926467654000,32.0
3,9,1519926468404000,33.0
3,9,1519926469153000,36.0
3,9,1519926469966000,38.0
3,9,1519926470716000,39.0
3,9,1519926471553000,38.0
3,9,1519926473203000,37.0
3,9,1519926474045000,36.0
3,9,1519926476534000,34.0
3,9,1519926477404000,35.0
3,9,1519926478244000,34.0
3,9,1519926479773000,33.0
3,9,1519926480556000,32.0
3,9,1519926481393999,29.0
3,9,1519926482205000,25.0
3,9,1519926483044000,22.0
3,9,1519926483795000,18.0
3,9,1519926484543000,13.0
3,9,1519926485324000,11.0
3,9,1519926486195000,5.0
3,9,1519926486944000,1.0
3,9,1519926487694000,0.0
3,9,1519926490006000,2.0
3,9,1519926490814000,4.0
3,9,1519926491593999,8.0
3,9,1519926492344000,12.0
3,9,1519926493094000,16.0
3,9,1519926494593999,20.0
3,9,1519926495344000,24.0
3,9,1519926496093000,28.0
3,9,1519926496845000,33.0
3,9,1519926497593999,36.0
3,9,1519926498353000,35.0
3,9,1519926499093000,37.0
3,9,1519926499844000,38.0
3,9,1519926500593999,39.0
3,9,1519926501433000,40.0
3,9,1519926503745999,41.0
3,9,1519926508395000,40.0
3,9,1519926511993999,41.0
3,9,1519926512894000,40.0
3,9,1519926515623000,41.0
3,9,1519926520153000,40.0
3,9,1519926521984000,39.0
3,9,1519926525613000,38.0
3,9,1519926528343000,36.0
3,9,1519926529243000,35.0
3,9,1519926530143000,34.0
3,9,1519926531975000,33.0
3,9,1519926532904000,29.0
3,9,1519926533804000,19.0
3,9,1519926534734000,6.0
3,9,1519926535635000,3.0
3,9,1519926536623000,6.0
3,9,1519926537523000,11.0
3,9,1519926538453000,14.0
3,9,1519926539353000,15.0
3,9,1519926540253000,14.0
3,9,1519926541153000,11.0
3,9,1519926542054000,8.0
3,9,1519926542953000,4.0
3,9,1519926543883000,1.0
3,9,1519926544783000,0.0
3,9,1519926583876000,1.0
3,9,1519926584625000,6.0
3,9,1519926585375000,11.0
3,9,1519926586214000,16.0
3,9,1519926587025999,18.0
3,9,1519926588526000,19.0
3,9,1519926589275000,21.0
3,9,1519926590027000,23.0
3,9,1519926590835000,24.0
3,9,1519926591617000,26.0
3,9,1519926593115000,25.0
3,9,1519926593864000,23.0
3,9,1519926594676000,21.0
3,9,1519926595425000,19.0
3,9,1519926596174000,17.0
3,9,1519926596926000,15.0
3,9,1519926598425000,14.0
3,9,1519926599175000,15.0
3,9,1519926599926000,14.0
3,9,1519926600676000,12.0
3,9,1519926601518000,8.0
3,9,1519926602264000,6.0
3,9,1519926603015000,3.0
3,9,1519926603764000,0.0
3,9,1519926688553000,1.0
3,9,1519926690137000,2.0
3,9,1519926691038000,8.0
3,9,1519926691788000,13.0
3,9,1519926692598000,18.0
3,9,1519926693351000,17.0
3,9,1519926694100000,18.0
3,9,1519926694878000,19.0
3,9,1519926696588000,18.0
3,9,1519926697429000,16.0
3,9,1519926701390000,17.0
3,9,1519926702137999,18.0
3,9,1519926702979000,19.0
3,9,1519926705228000,20.0
3,9,1519926705977999,22.0
3,9,1519926706729000,27.0
3,9,1519926707477000,31.0
3,9,1519926708227000,32.0
3,9,1519926708980000,33.0
3,9,1519926709789000,35.0
3,9,1519926710540000,37.0
3,9,1519926711377999,38.0
3,9,1519926715939000,39.0
3,9,1519926716691000,41.0
3,9,1519926717438000,42.0
3,9,1519926718188000,44.0
3,9,1519926719691000,45.0
3,9,1519926722028000,43.0
3,9,1519926722779000,41.0
3,9,1519926723558000,39.0
3,9,1519926724459000,37.0
3,9,1519926727217999,38.0
3,9,1519926729048000,37.0
3,9,1519926730879000,36.0
3,9,1519926734539000,35.0
3,9,1519926735439000,36.0
3,9,1519926736399000,37.0
3,9,1519926738259000,36.0
3,9,1519926739187000,35.0
3,9,1519926740088000,33.0
3,9,1519926741017999,30.0
3,9,1519926741918000,28.0
3,9,1519926742817999,26.0
3,9,1519926743719000,25.0
3,9,1519926744617000,23.0
3,9,1519926745518000,19.0
3,9,1519926746417999,15.0
3,9,1519926747318000,10.0
3,9,1519926748217000,7.0
3,9,1519926749118000,5.0
3,9,1519926750017999,3.0
3,9,1519926750948000,0.0
3,9,1519926754577999,1.0
3,9,1519926755478000,6.0
3,9,1519926756408000,12.0
3,9,1519926757337999,16.0
3,9,1519926759167000,17.0
3,9,1519926760069000,16.0
3,9,1519926760969000,17.0
3,9,1519926761870000,18.0
3,9,1519926762798000,20.0
3,9,1519926764599000,21.0
3,9,1519926765497999,22.0
3,9,1519926767297999,25.0
3,9,1519926768227000,31.0
3,9,1519926769127000,33.0
3,9,1519926770029000,31.0
3,9,1519926770928000,28.0
3,9,1519926771798000,23.0
3,9,1519926772697999,17.0
3,9,1519926773598000,11.0
3,9,1519926774468000,5.0
3,9,1519926775367000,2.0
3,9,1519926776267000,0.0
3,9,1519926799248000,2.0
3,9,1519926800118000,10.0
3,9,1519926800988000,16.0
3,9,1519926801888000,20.0
3,9,1519926802728000,22.0
3,9,1519926803509000,24.0
3,9,1519926804259000,26.0
3,9,1519926805009999,29.0
3,9,1519926805759000,32.0
3,9,1519926806598000,37.0
3,9,1519926807348000,43.0
3,9,1519926808096000,44.0
3,9,1519926808848000,45.0
3,9,1519926809598000,47.0
3,9,1519926810348000,52.0
3,9,1519926811097999,56.0
3,9,1519926811846000,60.0
3,9,1519926812598000,64.0
3,9,1519926813377999,63.0
3,9,1519926816767000,62.0
3,9,1519926830449999,61.0
3,9,1519926833537000,60.0
3,9,1519926838039000,61.0
3,9,1519926843377000,60.0
3,9,1519926844188000,59.0
3,9,1519926844939000,58.0
3,9,1519926845688000,56.0
3,9,1519926846437000,54.0
3,9,1519926847187000,52.0
3,9,1519926848089000,50.0
3,9,1519926849019000,47.0
3,9,1519926849918000,44.0
3,9,1519926850817000,42.0
3,9,1519926851749000,39.0
3,9,1519926854478000,40.0
3,9,1519926856277000,41.0
3,9,1519926857177000,40.0
3,9,1519926858977000,39.0
3,9,1519926859907000,38.0
3,9,1519926860808000,36.0
3,9,1519926861737000,32.0
3,9,1519926862670000,27.0
3,9,1519926863567000,22.0
3,9,1519926864467000,19.0
3,9,1519926865397000,18.0
3,9,1519926867197000,17.0
3,9,1519926868998000,20.0
3,9,1519926869897000,25.0
3,9,1519926870825999,28.0
3,9,1519926871756000,31.0
3,9,1519926872657000,35.0
3,9,1519926873557000,39.0
3,9,1519926874457000,40.0
3,9,1519926875363000,42.0
3,9,1519926876257000,43.0
3,9,1519926877187000,42.0
3,9,1519926878147000,43.0
3,9,1519926879047000,46.0
3,9,1519926879947000,50.0
3,9,1519926880847000,52.0
3,9,1519926882648000,55.0
3,9,1519926883548000,57.0
3,9,1519926884447000,58.0
3,9,1519926885347000,59.0
3,9,1519926887206000,57.0
3,9,1519926889006000,56.0
3,9,1519926891707000,55.0
3,9,1519926894407000,56.0
3,9,1519926897136000,55.0
3,9,1519926898037000,54.0
3,9,1519926898967000,50.0
3,9,1519926899779000,44.0
3,9,1519926900617000,35.0
3,9,1519926901547000,25.0
3,9,1519926902417999,16.0
3,9,1519926903317000,5.0
3,9,1519926904217000,0.0
3,9,1519926921917000,6.0
3,9,1519926922757000,12.0
3,9,1519926923569999,19.0
3,9,1519926924318000,20.0
3,9,1519926925067000,24.0
3,9,1519926925907000,30.0
3,9,1519926926657000,38.0
3,9,1519926927407000,43.0
3,9,1519926928968000,47.0
3,9,1519926929747000,53.0
3,9,1519926930497000,56.0
3,9,1519926931397000,57.0
3,9,1519926932236000,56.0
3,9,1519926933136000,55.0
3,9,1519926934847000,53.0
3,9,1519926935597000,52.0
3,9,1519926936407000,51.0
3,9,1519926937217000,50.0
3,9,1519926938057000,48.0
3,9,1519926938808000,47.0
3,9,1519926939557000,45.0
3,9,1519926940397000,39.0
3,9,1519926941206000,32.0
3,9,1519926941957000,25.0
3,9,1519926942708000,17.0
3,9,1519926943459000,12.0
3,9,1519926944207000,7.0
3,9,1519926945047000,4.0
3,9,1519926945798000,2.0
3,9,1519926946609000,1.0
3,9,1519926948108000,0.0
3,9,1519926968027000,1.0
3,9,1519926968927000,5.0
3,9,1519926969827000,10.0
3,9,1519926970756000,16.0
3,9,1519926971716000,18.0
3,9,1519926972616000,20.0
3,9,1519926973516000,24.0
3,9,1519926974446000,27.0
3,9,1519926978105000,29.0
3,9,1519926979008000,34.0
3,9,1519926979936000,39.0
3,9,1519926980868000,38.0
3,9,1519926981768000,41.0
3,9,1519926982668000,44.0
3,9,1519926984467000,45.0
3,9,1519926985367000,47.0
3,9,1519926986296000,45.0
3,9,1519926987196000,46.0
3,9,1519926988996000,45.0
3,9,1519926989896000,42.0
3,9,1519926990798000,39.0
3,9,1519926991696000,37.0
3,9,1519926992596000,36.0
3,9,1519926996196000,37.0
3,9,1519926997095000,38.0
3,9,1519926997997000,39.0
3,9,1519926998895000,40.0
3,9,1519926999797000,39.0
3,9,1519927000697000,37.0
3,9,1519927002527000,38.0
3,9,1519927004327000,37.0
3,9,1519927005225999,36.0
3,9,1519927007926000,38.0
3,9,1519927008827000,41.0
3,9,1519927009725000,43.0
3,9,1519927010627000,42.0
3,9,1519927011556000,41.0
3,9,1519927012425999,40.0
3,9,1519927013326000,39.0
3,9,1519927015097999,37.0
3,9,1519927015998000,36.0
3,9,1519927016958000,35.0
3,9,1519927017885000,33.0
3,9,1519927018785999,34.0
3,9,1519927019686000,35.0
3,9,1519927020585999,36.0
3,9,1519927021547000,40.0
3,9,1519927022476000,44.0
3,9,1519927023376000,48.0
3,9,1519927024276000,50.0
3,9,1519927025175000,51.0
3,9,1519927026135000,52.0
3,9,1519927027036000,53.0
3,9,1519927029766000,54.0
3,9,1519927032495000,53.0
3,9,1519927035105999,56.0
3,9,1519927036007000,55.0
3,9,1519927036878000,56.0
3,9,1519927038526000,57.0
3,9,1519927040025999,58.0
3,9,1519927041676000,59.0
3,9,1519927045429000,60.0
3,9,1519927047769000,61.0
3,9,1519927048635000,62.0
3,9,1519927050316000,61.0
3,9,1519927051216000,60.0
3,9,1519927051969000,57.0
3,9,1519927052807000,55.0
3,9,1519927053556000,54.0
3,9,1519927054305999,53.0
3,9,1519927055119000,54.0
3,9,1519927058267000,55.0
3,9,1519927059017999,56.0
3,9,1519927066667000,55.0
3,9,1519927067417999,54.0
3,9,1519927068167000,52.0
3,9,1519927068917000,51.0
3,9,1519927069667000,50.0
3,9,1519927070416000,49.0
3,9,1519927071255000,47.0
3,9,1519927072006000,46.0
3,9,1519927072756000,45.0
3,9,1519927074256000,44.0
3,9,1519927075006000,43.0
3,9,1519927075756000,42.0
3,9,1519927076596000,40.0
3,9,1519927077345000,38.0
3,9,1519927079596000,39.0
3,9,1519927080345000,40.0
3,9,1519927081068000,41.0
3,9,1519927081846000,42.0
3,9,1519927082599000,44.0
3,9,1519927083496000,46.0
3,9,1519927085296000,47.0
3,9,1519927086286000,49.0
3,9,1519927088985999,48.0
3,9,1519927090787000,49.0
3,9,1519927091716000,50.0
3,9,1519927092615000,52.0
3,9,1519927093516000,53.0
3,9,1519927094417000,54.0
3,9,1519927095316000,55.0
3,9,1519927096245000,58.0
3,9,1519927097145000,60.0
3,9,1519927098045000,62.0
3,9,1519927098945999,64.0
3,9,1519927099846000,63.0
3,9,1519927101675000,62.0
3,9,1519927102575000,61.0
3,9,1519927106177000,60.0
3,9,1519927107076000,61.0
3,9,1519927108876000,62.0
3,9,1519927109775000,63.0
3,9,1519927111575000,65.0
3,9,1519927112476000,66.0
3,9,1519927114275000,67.0
3,9,1519927115175000,68.0
3,9,1519927116076000,69.0
3,9,1519927116976000,70.0
3,9,1519927118776000,71.0
3,9,1519927119673999,72.0
3,9,1519927121475000,71.0
3,9,1519927124174000,72.0
3,9,1519927126006000,73.0
3,9,1519927128797000,74.0
3,9,1519927129695000,75.0
3,9,1519927132455000,76.0
3,9,1519927158675000,78.0
3,9,1519927159425999,79.0
3,9,1519927160174000,80.0
3,9,1519927160924000,81.0
3,9,1519927161737999,82.0
3,9,1519927162487000,83.0
3,9,1519927164075000,84.0
3,9,1519927165815000,85.0
3,9,1519927168427000,86.0
3,9,1519927170164000,84.0
3,9,1519927170915000,82.0
3,9,1519927172477000,83.0
3,9,1519927173225000,84.0
3,9,1519927174727000,85.0
3,9,1519927176225000,86.0
3,9,1519927181477000,87.0
3,9,1519927182225999,86.0
3,9,1519927190715000,87.0
3,9,1519927191465000,86.0
3,9,1519927192214000,87.0
3,9,1519927205055000,86.0
3,9,1519927212168000,87.0
3,9,1519927214865000,86.0
3,9,1519927269737999,85.0
3,9,1519927270636000,83.0
3,9,1519927271535000,82.0
3,9,1519927272407000,81.0
3,9,1519927273247000,80.0
3,9,1519927274836000,79.0
3,9,1519927280566000,80.0
3,9,1519927283088000,79.0
3,9,1519927286536000,80.0
3,9,1519927287345999,81.0
3,9,1519927288125000,82.0
3,9,1519927288937999,83.0
3,9,1519927292176000,84.0
3,9,1519927294427000,85.0
3,9,1519927305825999,86.0
3,9,1519927306638000,85.0
3,9,1519927307417999,86.0
3,9,1519927311227000,85.0
3,9,1519927316628000,86.0
3,9,1519927325055000,85.0
3,9,1519927330517000,86.0
3,9,1519927332345999,87.0
3,9,1519927342365000,88.0
3,9,1519927344165000,87.0
3,9,1519927352296000,86.0
3,9,1519927354996000,85.0
3,9,1519927361356000,86.0
3,9,1519927374916000,87.0
3,9,1519927375817000,86.0
3,9,1519927385505999,87.0
3,9,1519927388057000,86.0
3,9,1519927388896000,87.0
3,9,1519927389677000,86.0
3,9,1519927407436000,87.0
3,9,1519927408215000,88.0
3,9,1519927409084000,89.0
3,9,1519927409835000,90.0
3,9,1519927410587000,91.0
3,9,1519927411336000,92.0
3,9,1519927412085000,93.0
3,9,1519927412835000,94.0
3,9,1519927413585999,96.0
3,9,1519927414335000,97.0
3,9,1519927415084000,98.0
3,9,1519927415835000,99.0
3,9,1519927416647000,100.0
3,9,1519927417397000,101.0
3,9,1519927418145999,102.0
3,9,1519927421145999,101.0
3,9,1519927421985000,100.0
3,9,1519927422735000,98.0
3,9,1519927423487000,97.0
3,9,1519927424236000,96.0
3,9,1519927424987000,95.0
3,9,1519927425737000,93.0
3,9,1519927426487000,92.0
3,9,1519927427236000,90.0
3,9,1519927427987000,88.0
3,9,1519927428737000,86.0
3,9,1519927429487000,84.0
3,9,1519927430236000,82.0
3,9,1519927430987000,80.0
3,9,1519927431825000,77.0
3,9,1519927432575000,74.0
3,9,1519927433325000,72.0
3,9,1519927434075000,69.0
3,9,1519927434825999,67.0
3,9,1519927435635000,64.0
3,9,1519927436475000,62.0
3,9,1519927437224000,60.0
3,9,1519927439475000,58.0
3,9,1519927440975000,59.0
3,9,1519927441726000,61.0
3,9,1519927442567000,64.0
3,9,1519927443467000,68.0
3,9,1519927444366000,72.0
3,9,1519927445265000,76.0
3,9,1519927446195000,79.0
3,9,1519927447995000,77.0
3,9,1519927448895000,75.0
3,9,1519927449796000,76.0
3,9,1519927450725000,77.0
3,9,1519927451656000,78.0
3,9,1519927453456000,79.0
3,9,1519927457084000,80.0
3,9,1519927458885000,81.0
3,9,1519927459785000,82.0
3,9,1519927460685000,84.0
3,9,1519927461616000,85.0
3,9,1519927462516000,86.0
3,9,1519927463415000,87.0
3,9,1519927464345000,88.0
3,9,1519927465244000,90.0
3,9,1519927468845000,89.0
3,9,1519927469745000,88.0
3,9,1519927470645000,86.0
3,9,1519927471575000,85.0
3,9,1519927472475000,84.0
3,9,1519927476075000,83.0
3,9,1519927477005000,84.0
3,9,1519927477905000,86.0
3,9,1519927478805000,88.0
3,9,1519927479705000,91.0
3,9,1519927485134000,92.0
3,9,1519927487865000,93.0
3,9,1519927488765000,94.0
3,9,1519927489635000,95.0
3,9,1519927490535000,96.0
3,9,1519927491405000,98.0
3,9,1519927492305000,99.0
3,9,1519927493233999,100.0
3,9,1519927494104000,101.0
3,9,1519927495005000,102.0
3,9,1519927495935000,103.0
3,9,1519927496833999,102.0
3,9,1519927498605000,101.0
3,9,1519927499445000,100.0
3,9,1519927500317000,99.0
3,9,1519927501184000,98.0
3,9,1519927502055000,96.0
3,9,1519927502953999,95.0
3,9,1519927503793999,93.0
3,9,1519927504633999,91.0
3,9,1519927505505000,90.0
3,9,1519927508054000,92.0
3,9,1519927508985000,93.0
3,9,1519927509793999,95.0
3,9,1519927510604000,96.0
3,9,1519927511534000,97.0
3,9,1519927512433999,99.0
3,9,1519927513305000,100.0
3,9,1519927514174000,101.0
3,9,1519927515014000,102.0
3,9,1519927515944000,103.0
3,9,1519927517713999,104.0
3,9,1519927518556000,103.0
3,9,1519927519454000,102.0
3,9,1519927520295000,101.0
3,9,1519927521044000,100.0
3,9,1519927521884000,101.0
3,9,1519927525155000,102.0
3,9,1519927525905999,103.0
3,9,1519927528993999,104.0
3,9,1519927533494000,105.0
3,9,1519927547295000,106.0
3,9,1519927553894000,104.0
3,9,1519927555694000,103.0
3,9,1519927556593999,102.0
3,9,1519927557495000,101.0
3,9,1519927559294000,102.0
3,9,1519927561094000,103.0
3,9,1519927562924000,104.0
3,9,1519927565654000,105.0
3,9,1519927569254000,106.0
3,9,1519927573815000,105.0
3,9,1519927574713999,106.0
3,9,1519927575614000,105.0
3,9,1519927577444000,106.0
3,9,1519927584734000,105.0
3,9,1519927601894000,106.0
3,9,1519927615424000,107.0
3,9,1519927616324000,106.0
3,9,1519927627393000,105.0
3,9,1519927628294000,106.0
3,9,1519927631833000,105.0
3,9,1519927633574000,106.0
3,9,1519927634414000,105.0
3,9,1519927635254000,106.0
3,9,1519927636093000,105.0
3,9,1519927640953999,106.0
3,9,1519927641853000,105.0
3,9,1519927642603000,106.0
3,9,1519927645603000,105.0
3,9,1519927648665000,104.0
3,9,1519927650164000,105.0
3,9,1519927659497000,104.0
3,9,1519927661806000,103.0
3,9,1519927663304000,102.0
3,9,1519927666304000,101.0
3,9,1519927667143000,102.0
3,9,1519927671643000,103.0
3,9,1519927673893000,104.0
3,9,1519927676953999,103.0
3,9,1519927677704000,102.0
3,9,1519927678513000,101.0
3,9,1519927679413000,99.0
3,9,1519927680313000,97.0
3,9,1519927681273000,95.0
3,9,1519927683109000,94.0
3,9,1519927684003000,92.0
3,9,1519927684903000,90.0
3,9,1519927685803000,89.0
3,9,1519927686733000,88.0
3,9,1519927689433000,87.0
3,9,1519927693033000,88.0
3,9,1519927696663000,89.0
3,9,1519927700293000,90.0
3,9,1519927703083000,91.0
3,9,1519927704881999,92.0
3,9,1519927705814000,93.0
3,9,1519927707643000,94.0
3,9,1519927709443000,95.0
3,9,1519927711273000,94.0
3,9,1519927712263000,93.0
3,9,1519927713161999,91.0
3,9,1519927714993000,92.0
3,9,1519927716823000,94.0
3,9,1519927717721999,95.0
3,9,1519927718624000,96.0
3,9,1519927719523000,97.0
3,9,1519927720423000,99.0
3,9,1519927724024000,98.0
3,9,1519927724921999,96.0
3,9,1519927725853000,95.0
3,9,1519927727623000,96.0
3,9,1519927728523000,97.0
3,9,1519927730293000,98.0
3,9,1519927742533000,99.0
3,9,1519927746972000,98.0
3,9,1519927747873000,97.0
3,9,1519927748712000,96.0
3,9,1519927749553000,95.0
3,9,1519927750392000,94.0
3,9,1519927751233999,93.0
3,9,1519927752913000,92.0
3,9,1519927753723000,91.0
3,9,1519927760713000,90.0
3,9,1519927762961999,89.0
3,9,1519927766173000,90.0
3,9,1519927767823000,91.0
3,9,1519927769413000,93.0
3,9,1519927770221000,94.0
3,9,1519927771001999,96.0
3,9,1519927771814000,98.0
3,9,1519927772652000,99.0
3,9,1519927773401999,100.0
3,9,1519927774272000,101.0
3,9,1519927775052000,102.0
3,9,1519927775801000,103.0
3,9,1519927776612000,104.0
3,9,1519927778864000,105.0
3,9,1519927781953000,106.0
3,9,1519927792663000,105.0
3,9,1519927803222000,104.0
3,9,1519927805022000,105.0
3,9,1519927810452000,106.0
3,9,1519927819542000,107.0
3,9,1519927823201999,106.0
3,9,1519927825902000,105.0
3,9,1519927827702000,104.0
3,9,1519927828601999,102.0
3,9,1519927829502000,97.0
3,9,1519927830401000,96.0
3,9,1519927831302000,95.0
3,9,1519927832232000,94.0
3,9,1519927835832000,96.0
3,9,1519927836732000,99.0
3,9,1519927837633000,100.0
3,9,1519927838532000,99.0
3,9,1519927839401999,98.0
3,9,1519927840332000,96.0
3,9,1519927844772000,97.0
3,9,1519927845643000,96.0
3,9,1519927847472000,95.0
3,9,1519927849212000,94.0
3,9,1519927850052000,93.0
3,9,1519927850952000,92.0
3,9,1519927853472000,91.0
3,9,1519927854342000,90.0
3,9,1519927855241999,89.0
3,9,1519927857041999,90.0
3,9,1519927857941000,91.0
3,9,1519927858783000,93.0
3,9,1519927859681999,95.0
3,9,1519927860552000,96.0
3,9,1519927861454000,98.0
3,9,1519927862291000,97.0
3,9,1519927863971000,96.0
3,9,1519927864873000,95.0
3,9,1519927865681999,94.0
3,9,1519927867392000,93.0
3,9,1519927868232000,92.0
3,9,1519927869881999,91.0
3,9,1519927871382000,92.0
3,9,1519927872221000,93.0
3,9,1519927872971000,94.0
3,9,1519927873721000,95.0
3,9,1519927875221000,94.0
3,9,1519927875971000,92.0
3,9,1519927876812000,90.0
3,9,1519927877532000,88.0
3,9,1519927879033000,90.0
3,9,1519927879784000,92.0
3,9,1519927880533000,94.0
3,9,1519927881283000,95.0
3,9,1519927882121000,96.0
3,9,1519927883711000,97.0
3,9,1519927885361000,98.0
3,9,1519927886923000,99.0
3,9,1519927887673000,100.0
3,9,1519927889172000,101.0
3,9,1519927889924000,102.0
3,9,1519927890673000,103.0
3,9,1519927892261000,104.0
3,9,1519927893761000,103.0
3,9,1519927894512000,102.0
3,9,1519927895261000,101.0
3,9,1519927896011000,99.0
3,9,1519927896823000,97.0
3,9,1519927897573000,95.0
3,9,1519927898321999,93.0
3,9,1519927899072000,91.0
3,9,1519927899823000,90.0
3,9,1519927902911000,91.0
3,9,1519927903661000,92.0
3,9,1519927908974000,93.0
3,9,1519927911462000,91.0
3,9,1519927912391000,89.0
3,9,1519927913292000,87.0
3,9,1519927914191000,86.0
3,9,1519927915089999,85.0
3,9,1519927915991000,84.0
3,9,1519927916891000,83.0
3,9,1519927917791000,82.0
3,9,1519927918691000,81.0
3,9,1519927924089999,80.0
3,9,1519927924991000,79.0
3,9,1519927925892000,78.0
3,9,1519927926791000,77.0
3,9,1519927927692000,74.0
3,9,1519927928592000,71.0
3,9,1519927929520000,68.0
3,9,1519927930421000,67.0
3,9,1519927931352000,66.0
3,9,1519927933181000,67.0
3,9,1519927934080000,68.0
3,9,1519927934981000,69.0
3,9,1519927935912000,70.0
3,9,1519927937741000,71.0
3,9,1519927938641000,72.0
3,9,1519927939541000,74.0
3,9,1519927940441000,76.0
3,9,1519927941341000,77.0
3,9,1519927942301000,78.0
3,9,1519927946057999,79.0
3,9,1519927947945000,81.0
3,9,1519927949899000,82.0
3,9,1519927951695000,80.0
3,9,1519927953118000,79.0
3,9,1519927956750000,77.0
3,9,1519927958897000,75.0
3,9,1519927960956000,74.0
3,9,1519927965081000,75.0
3,9,1519927967473999,77.0
3,9,1519927969784000,79.0
3,9,1519927971753999,84.0
3,9,1519927973825999,88.0
3,9,1519927976108000,89.0
3,9,1519927978087000,87.0
3,9,1519927980017999,86.0
3,9,1519927982323000,87.0
3,9,1519927984385999,89.0
3,9,1519927986531000,84.0
3,9,1519927988595000,73.0
3,9,1519927990573000,70.0
3,9,1519927992360000,66.0
3,9,1519927994451000,65.0
3,9,1519927996844000,69.0
3,9,1519928001049999,67.0
3,9,1519928003196000,70.0
3,9,1519928005257999,67.0
3,9,1519928007568000,64.0
3,9,1519928009878000,62.0
3,9,1519928014416000,58.0
3,9,1519928016395000,54.0
3,9,1519928018460000,43.0
3,9,1519928020520000,35.0
3,9,1519928022913000,32.0
3,9,1519928024895000,30.0
3,9,1519928027285000,34.0
3,9,1519928029433000,36.0
3,9,1519928031412000,35.0
3,9,1519928036115000,32.0
3,9,1519928038259000,28.0
3,9,1519928040653000,22.0
3,9,1519928042795000,8.0
3,9,1519928044940000,3.0
3,9,1519928047001999,4.0
3,9,1519928049203000,13.0
3,9,1519928051375000,17.0
3,9,1519928053772000,22.0
3,9,1519928055995000,27.0
3,9,1519928058057999,35.0
3,9,1519928060532000,44.0
3,9,1519928062595000,50.0
3,9,1519928067215000,48.0
3,9,1519928069360000,47.0
3,9,1519928071505999,46.0
3,9,1519928076125000,50.0
3,9,1519928078271000,53.0
3,9,1519928080252000,55.0
3,9,1519928082479000,58.0
3,9,1519928084623000,61.0
3,9,1519928087015000,66.0
3,9,1519928089243000,73.0
3,9,1519928091471000,76.0
3,9,1519928095843000,74.0
3,9,1519928097823000,72.0
3,9,1519928099969999,73.0
3,9,1519928102363000,75.0
3,9,1519928104341000,77.0
3,9,1519928106755000,78.0
3,9,1519928108879000,79.0
3,9,1519928113253000,81.0
3,9,1519928115483000,82.0
3,9,1519928127360000,83.0
3,9,1519928131403000,81.0
3,9,1519928135609999,80.0
3,9,1519928137673000,78.0
3,9,1519928140065000,76.0
3,9,1519928142457000,68.0
3,9,1519928144603000,67.0
3,9,1519928146967000,70.0
3,9,1519928149140000,71.0
3,9,1519928151448000,73.0
3,9,1519928153347000,76.0
3,9,1519928155383000,78.0
3,9,1519928157307000,79.0
3,9,1519928159948000,80.0
3,9,1519928162011000,84.0
3,9,1519928164401999,85.0
3,9,1519928166547000,90.0
3,9,1519928168527000,91.0
3,9,1519928170675000,92.0
3,9,1519928173065999,93.0
3,9,1519928175457000,92.0
3,9,1519928177747000,91.0
3,9,1519928181975000,92.0
3,9,1519928184284000,94.0
3,9,1519928192865000,95.0
3,9,1519928198612000,96.0
3,9,1519928205294000,97.0
3,9,1519928213462000,96.0
3,9,1519928228312000,97.0
3,9,1519928230707000,100.0
3,9,1519928233015000,103.0
3,9,1519928235325000,104.0
3,9,1519928237717000,105.0
3,9,1519928249844000,102.0
3,9,1519928251907000,98.0
3,9,1519928253886000,95.0
3,9,1519928255949000,92.0
3,9,1519928258093000,91.0
3,9,1519928260156000,90.0
3,9,1519928262109000,91.0
3,9,1519928263952000,93.0
3,9,1519928266014000,94.0
3,9,1519928269974000,95.0
3,9,1519928274017000,100.0
3,9,1519928276161000,105.0
3,9,1519928277976000,107.0
3,9,1519928279957000,105.0
3,9,1519928282103000,103.0
3,9,1519928284163000,101.0
3,9,1519928286557000,97.0
3,9,1519928288865000,86.0
3,9,1519928290321999,78.0
3,9,1519928291147000,76.0
3,9,1519928291973000,74.0
3,9,1519928292798000,75.0
3,9,1519928293651000,77.0
3,9,1519928294503000,80.0
3,9,1519928295355000,83.0
3,9,1519928296180000,85.0
3,9,1519928297005000,88.0
3,9,1519928297857999,90.0
3,9,1519928298683000,93.0
3,9,1519928299507000,96.0
3,9,1519928300332000,95.0
3,9,1519928302011000,96.0
3,9,1519928302891000,95.0
3,9,1519928304540000,94.0
3,9,1519928305365000,93.0
3,9,1519928309600000,94.0
3,9,1519928312928000,93.0
3,9,1519928313753000,94.0
3,9,1519928316228000,93.0
3,9,1519928318729000,92.0
3,9,1519928320380000,91.0
3,9,1519928323873000,92.0
3,9,1519928324697999,91.0
3,9,1519928331380000,90.0
3,9,1519928337209999,89.0
3,9,1519928341335000,88.0
3,9,1519928342160000,87.0
3,9,1519928343013000,86.0
3,9,1519928344663000,84.0
3,9,1519928345488000,83.0
3,9,1519928346313000,82.0
3,9,1519928347165000,81.0
3,9,1519928347990000,80.0
3,9,1519928351289999,81.0
3,9,1519928352940000,83.0
3,9,1519928353765000,85.0
3,9,1519928354590000,86.0
3,9,1519928355415000,87.0
3,9,1519928356240000,88.0
3,9,1519928357065000,89.0
3,9,1519928357889999,91.0
3,9,1519928358715000,93.0
3,9,1519928359540000,95.0
3,9,1519928360365000,97.0
3,9,1519928361190000,98.0
3,9,1519928362015000,100.0
3,9,1519928362840000,101.0
3,9,1519928363665000,102.0
3,9,1519928365342000,103.0
3,9,1519928366167000,104.0
3,9,1519928366993000,105.0
3,9,1519928372024000,106.0
3,9,1519928372877000,105.0
3,9,1519928373702000,106.0
3,9,1519928386104000,105.0
3,9,1519928388608000,106.0
3,9,1519928399387000,105.0
3,9,1519928425897000,106.0
3,9,1519928430048000,105.0
3,9,1519928440913000,106.0
3,9,1519928441737000,109.0
3,9,1519928442590000,112.0
3,9,1519928443414000,114.0
3,9,1519928444239000,115.0
3,9,1519928445065000,117.0
3,9,1519928445889000,118.0
3,9,1519928446713999,119.0
3,9,1519928447539000,120.0
3,9,1519928448364000,121.0
3,9,1519928449189000,122.0
3,9,1519928450840000,123.0
3,9,1519928452489999,124.0
3,9,1519928456670000,125.0
3,9,1519928457496000,124.0
3,9,1519928460822000,125.0
3,9,1519928465827000,124.0
3,9,1519928466652000,125.0
3,9,1519928481556000,124.0
3,9,1519928482381000,125.0
3,9,1519928486505999,124.0
3,9,1519928488156000,125.0
3,9,1519928500587000,124.0
3,9,1519928501411000,125.0
3,9,1519928567217999,124.0
3,9,1519928568896000,125.0
3,9,1519928626865000,124.0
3,9,1519928638443000,125.0
3,9,1519928647681999,124.0
3,9,1519928648507000,123.0
3,9,1519928649332000,122.0
3,9,1519928650157000,121.0
3,9,1519928652660000,120.0
3,9,1519928653486000,121.0
3,9,1519928654309000,122.0
3,9,1519928655134000,123.0
3,9,1519928658462000,124.0
3,9,1519928665145000,125.0
3,9,1519928680902000,124.0
3,9,1519928695037000,125.0
3,9,1519928695862000,124.0
3,9,1519928696687000,125.0
3,9,1519928707495000,124.0
3,9,1519928708319000,122.0
3,9,1519928709144000,120.0
3,9,1519928709969000,117.0
3,9,1519928710793999,114.0
3,9,1519928711619000,111.0
3,9,1519928712444000,109.0
3,9,1519928713269000,108.0
3,9,1519928718302000,106.0
3,9,1519928719953999,105.0
3,9,1519928720777999,104.0
3,9,1519928721603000,103.0
3,9,1519928722427000,102.0
3,9,1519928724957000,101.0
3,9,1519928725809000,100.0
3,9,1519928726633999,99.0
3,9,1519928728284000,98.0
3,9,1519928729108000,97.0
3,9,1519928729934000,96.0
3,9,1519928731584000,95.0
3,9,1519928732464000,94.0
3,9,1519928733289000,93.0
3,9,1519928735791000,94.0
3,9,1519928736616000,93.0
3,9,1519928737441999,94.0
3,9,1519928739091000,93.0
3,9,1519928744069000,92.0
3,9,1519928745718000,91.0
3,9,1519928746545999,90.0
3,9,1519928747342000,89.0
3,9,1519928748193999,87.0
3,9,1519928749844000,86.0
3,9,1519928751494000,85.0
3,9,1519928754821000,84.0
3,9,1519928756471000,85.0
3,9,1519928757296000,84.0
3,9,1519928760596000,85.0
3,9,1519928763952000,86.0
3,9,1519928764777999,85.0
3,9,1519928765630000,86.0
3,9,1519928778942000,85.0
3,9,1519928779766000,84.0
3,9,1519928780592000,83.0
3,9,1519928783121000,82.0
3,9,1519928787247000,81.0
3,9,1519928790630000,80.0
3,9,1519928792280000,79.0
3,9,1519928793131000,78.0
3,9,1519928793957000,77.0
3,9,1519928795635000,76.0
3,9,1519928797285000,75.0
3,9,1519928799788000,74.0
3,9,1519928800640000,73.0
3,9,1519928801465000,72.0
3,9,1519928808201999,71.0
3,9,1519928812327000,70.0
3,9,1519928814803000,69.0
3,9,1519928817277000,68.0
3,9,1519928818929000,69.0
3,9,1519928821401999,70.0
3,9,1519928822281999,71.0
3,9,1519928823134000,72.0
3,9,1519928823960000,73.0
3,9,1519928825637000,74.0
3,9,1519928826462000,75.0
3,9,1519928828937000,76.0
3,9,1519928833117000,77.0
3,9,1519928844695000,78.0
3,9,1519928845520000,79.0
3,9,1519928846345000,80.0
3,9,1519928847169000,81.0
3,9,1519928847993000,82.0
3,9,1519928848820000,83.0
3,9,1519928850470000,84.0
3,9,1519928852119000,85.0
3,9,1519928854595000,86.0
3,9,1519928857069000,87.0
3,9,1519928857977000,89.0
3,9,1519928858801999,90.0
3,9,1519928859655000,91.0
3,9,1519928860480000,92.0
3,9,1519928862129000,93.0
3,9,1519928863835000,94.0
3,9,1519928864659000,93.0
3,9,1519928865484000,92.0
3,9,1519928866309000,89.0
3,9,1519928867161999,87.0
3,9,1519928868015000,83.0
3,9,1519928868840000,81.0
3,9,1519928869665999,78.0
3,9,1519928870489000,77.0
3,9,1519928872139000,76.0
3,9,1519928872993000,75.0
3,9,1519928873817000,74.0
3,9,1519928874643000,73.0
3,9,1519928878766000,74.0
3,9,1519928880444000,75.0
3,9,1519928882094000,76.0
3,9,1519928882947000,77.0
3,9,1519928884597000,78.0
3,9,1519928886273999,79.0
3,9,1519928887925000,80.0
3,9,1519928889575000,81.0
3,9,1519928892929000,82.0
3,9,1519928894606000,83.0
3,9,1519928897081000,82.0
3,9,1519928897934000,83.0
3,9,1519928898759000,82.0
3,9,1519928899584000,83.0
3,9,1519928902059000,81.0
3,9,1519928903709000,82.0
3,9,1519928904534000,83.0
3,9,1519928905359000,85.0
3,9,1519928906212000,87.0
3,9,1519928907037000,88.0
3,9,1519928907888000,89.0
3,9,1519928908713999,90.0
3,9,1519928909540000,91.0
3,9,1519928910364000,93.0
3,9,1519928912014000,94.0
3,9,1519928914489000,95.0
3,9,1519928917789000,96.0
3,9,1519928926148000,95.0
3,9,1519928927881999,94.0
3,9,1519928929559000,93.0
3,9,1519928932859000,92.0
3,9,1519928933684000,91.0
3,9,1519928936185000,90.0
3,9,1519928937921000,89.0
3,9,1519928942016000,90.0
3,9,1519928945399000,91.0
3,9,1519928947103000,92.0
3,9,1519928948809000,93.0
3,9,1519928950487000,94.0
3,9,1519928952191000,93.0
3,9,1519928954721000,92.0
3,9,1519928955545999,91.0
3,9,1519928957196000,90.0
3,9,1519928958021000,89.0
3,9,1519928958873999,87.0
3,9,1519928959699000,84.0
3,9,1519928961323000,83.0
3,9,1519928964621000,82.0
3,9,1519928965446000,81.0
3,9,1519928966271000,79.0
3,9,1519928967095000,78.0
3,9,1519928967921000,76.0
3,9,1519928968747000,74.0
3,9,1519928969572000,73.0
3,9,1519928970396000,71.0
3,9,1519928971222000,70.0
3,9,1519928972046000,68.0
3,9,1519928973695000,69.0
3,9,1519928974520000,70.0
3,9,1519928975345999,68.0
3,9,1519928977051000,66.0
3,9,1519928977903000,65.0
3,9,1519928978729000,64.0
3,9,1519928979553999,63.0
3,9,1519928981231000,61.0
3,9,1519928982028000,57.0
3,9,1519928982854000,52.0
3,9,1519928983678000,47.0
3,9,1519928984504000,42.0
3,9,1519928985328000,37.0
3,9,1519928986153000,33.0
3,9,1519928986977999,31.0
3,9,1519928988656000,35.0
3,9,1519928989508000,40.0
3,9,1519928992011000,42.0
3,9,1519928994541000,40.0
3,9,1519928995393000,39.0
3,9,1519928996217999,36.0
3,9,1519928997043000,34.0
3,9,1519928997868000,31.0
3,9,1519928998695000,29.0
3,9,1519928999519000,27.0
3,9,1519929000343000,24.0
3,9,1519929001167000,22.0
3,9,1519929001993999,20.0
3,9,1519929002847000,17.0
3,9,1519929003671000,15.0
3,9,1519929004496000,14.0
3,9,1519929005349000,12.0
3,9,1519929006998000,14.0
3,9,1519929007851000,17.0
3,9,1519929008676000,20.0
3,9,1519929009529000,23.0
3,9,1519929010353000,27.0
3,9,1519929011180000,33.0
3,9,1519929012003000,40.0
3,9,1519929012829000,43.0
3,9,1519929013653000,42.0
3,9,1519929014479000,44.0
3,9,1519929015303000,48.0
3,9,1519929016129000,51.0
3,9,1519929016981000,50.0
3,9,1519929019484000,49.0
3,9,1519929020309000,47.0
3,9,1519929021958000,49.0
3,9,1519929022838000,50.0
3,9,1519929023663000,51.0
3,9,1519929026881000,50.0
3,9,1519929029383000,51.0
3,9,1519929031885000,52.0
3,9,1519929035240000,53.0
3,9,1519929038567000,54.0
3,9,1519929045195000,53.0
3,9,1519929047726000,52.0
3,9,1519929050200000,51.0
3,9,1519929051849999,50.0
3,9,1519929052731000,51.0
3,9,1519929054435000,52.0
3,9,1519929055260000,53.0
3,9,1519929056085000,54.0
3,9,1519929057790000,55.0
3,9,1519929058616000,56.0
3,9,1519929061998000,55.0
3,9,1519929062849999,54.0
3,9,1519929063675000,53.0
3,9,1519929064499000,52.0
3,9,1519929068680000,53.0
3,9,1519929069550000,52.0
3,9,1519929071211000,48.0
3,9,1519929072036000,46.0
3,9,1519929072860000,45.0
3,9,1519929074511000,46.0
3,9,1519929075335000,47.0
3,9,1519929076160000,46.0
3,9,1519929077012000,43.0
3,9,1519929077919000,40.0
3,9,1519929078744000,39.0
3,9,1519929079569999,37.0
3,9,1519929080393999,33.0
3,9,1519929081248000,30.0
3,9,1519929082072000,28.0
3,9,1519929083723000,27.0
3,9,1519929084575000,26.0
3,9,1519929085400000,27.0
3,9,1519929086225000,28.0
3,9,1519929087873999,29.0
3,9,1519929089524000,30.0
3,9,1519929090350000,31.0
3,9,1519929091175000,32.0
3,9,1519929092000000,37.0
3,9,1519929092825999,39.0
3,9,1519929094476000,38.0
3,9,1519929096977999,37.0
3,9,1519929097830000,36.0
3,9,1519929098655000,35.0
3,9,1519929099480000,34.0
3,9,1519929100305000,29.0
3,9,1519929101129000,23.0
3,9,1519929101956000,22.0
3,9,1519929102807000,21.0
3,9,1519929103632000,22.0
3,9,1519929104485000,25.0
3,9,1519929105340000,27.0
3,9,1519929106190000,29.0
3,9,1519929107015000,30.0
3,9,1519929109572000,29.0
3,9,1519929110343000,28.0
3,9,1519929111140000,27.0
3,9,1519929111965000,25.0
3,9,1519929112790000,24.0
3,9,1519929113641999,22.0
3,9,1519929114468000,20.0
3,9,1519929116116000,21.0
3,9,1519929116942000,22.0
3,9,1519929117795000,25.0
3,9,1519929118620000,30.0
3,9,1519929119472000,35.0
3,9,1519929120324000,40.0
3,9,1519929121149000,42.0
3,9,1519929122001999,45.0
3,9,1519929122855000,46.0
3,9,1519929123680000,48.0
3,9,1519929124505000,51.0
3,9,1519929125357000,50.0
3,9,1519929126237000,49.0
3,9,1519929127062000,46.0
3,9,1519929127916000,42.0
3,9,1519929128740000,40.0
3,9,1519929130417000,41.0
3,9,1519929131215000,44.0
3,9,1519929132040000,46.0
3,9,1519929132865999,48.0
3,9,1519929133689999,50.0
3,9,1519929134513999,52.0
3,9,1519929136164000,54.0
3,9,1519929136990000,58.0
3,9,1519929137815000,60.0
3,9,1519929138667000,59.0
3,9,1519929140317000,60.0
3,9,1519929141141000,59.0
3,9,1519929149587000,58.0
3,9,1519929150409000,59.0
3,9,1519929152113999,58.0
3,9,1519929152967000,59.0
3,9,1519929153792000,58.0
3,9,1519929154645000,59.0
3,9,1519929155497000,58.0
3,9,1519929158824000,59.0
3,9,1519929166332000,58.0
3,9,1519929167156000,54.0
3,9,1519929168009000,48.0
3,9,1519929168833999,42.0
3,9,1519929169659000,36.0
3,9,1519929170486000,29.0
3,9,1519929171309000,24.0
3,9,1519929172161999,20.0
3,9,1519929173014000,14.0
3,9,1519929173840000,9.0
3,9,1519929174693000,5.0
3,9,1519929175517000,2.0
3,9,1519929176342000,1.0
3,9,1519929177193999,0.0
3,9,1519929222844000,4.0
3,9,1519929223669000,11.0
3,9,1519929224521999,19.0
3,9,1519929225345999,21.0
3,9,1519929226171000,25.0
3,9,1519929227024000,33.0
3,9,1519929227904000,42.0
3,9,1519929229553999,44.0
3,9,1519929230379000,48.0
3,9,1519929231204000,49.0
3,9,1519929232029000,50.0
3,9,1519929232909000,49.0
3,9,1519929235412000,50.0
3,9,1519929238793999,49.0
3,9,1519929241269000,50.0
3,9,1519929250372000,48.0
3,9,1519929251196000,50.0
3,9,1519929252021000,49.0
3,9,1519929254497000,48.0
3,9,1519929255321000,47.0
3,9,1519929256145999,46.0
3,9,1519929257025999,44.0
3,9,1519929257878000,29.0
3,9,1519929258703000,13.0
3,9,1519929259529000,1.0
3,9,1519929260353000,0.0
3,9,1519929340763000,2.0
3,9,1519929341588000,9.0
3,9,1519929342413000,15.0
3,9,1519929343238000,20.0
3,9,1519929344860000,22.0
3,9,1519929347335000,24.0
3,9,1519929348187000,27.0
3,9,1519929349013000,30.0
3,9,1519929349838000,33.0
3,9,1519929351488000,32.0
3,9,1519929354072000,33.0
3,9,1519929362350000,34.0
3,9,1519929364000000,33.0
3,9,1519929369609999,34.0
3,9,1519929376265000,32.0
3,9,1519929377089000,31.0
3,9,1519929377969999,28.0
3,9,1519929378795000,24.0
3,9,1519929379620000,18.0
3,9,1519929380500000,12.0
3,9,1519929381325000,8.0
3,9,1519929382149000,7.0
3,9,1519929383030000,9.0
3,9,1519929383855000,11.0
3,9,1519929384707000,17.0
3,9,1519929385534000,21.0
3,9,1519929386385000,22.0
3,9,1519929388033999,21.0
3,9,1519929388860000,16.0
3,9,1519929389685000,10.0
3,9,1519929390510000,8.0
3,9,1519929391335000,6.0
3,9,1519929392161000,3.0
3,9,1519929395542000,2.0
3,9,1519929396367000,1.0
3,9,1519929397192000,2.0
3,9,1519929398870000,3.0
3,9,1519929399695000,6.0
3,9,1519929400520000,8.0
3,9,1519929401345000,10.0
3,9,1519929403022000,8.0
3,9,1519929403876000,6.0
3,9,1519929404702000,4.0
3,9,1519929405525000,2.0
3,9,1519929406350000,1.0
3,9,1519929408083000,0.0
3,9,1519929409732000,1.0
3,9,1519929411437000,0.0
3,9,1519929425572000,1.0
3,9,1519929426397000,2.0
3,9,1519929427222000,3.0
3,9,1519929428075000,5.0
3,9,1519929428899000,4.0
3,9,1519929429725000,2.0
3,9,1519929431375000,1.0
3,9,1519929432200000,0.0
3,9,1519929449662000,2.0
3,9,1519929451312000,4.0
3,9,1519929452135000,7.0
3,9,1519929452960000,9.0
3,9,1519929453787000,11.0
3,9,1519929454639000,14.0
3,9,1519929456289000,10.0
3,9,1519929457113999,6.0
3,9,1519929457940000,4.0
3,9,1519929458764000,3.0
3,9,1519929459617999,2.0
3,9,1519929461265999,0.0
3,9,1519929474663000,1.0
3,9,1519929475487000,2.0
3,9,1519929476312000,4.0
3,9,1519929477136000,7.0
3,9,1519929477988000,9.0
3,9,1519929478815000,10.0
3,9,1519929479640000,11.0
3,9,1519929480464000,12.0
3,9,1519929482115000,13.0
3,9,1519929488824000,12.0
3,9,1519929489649999,9.0
3,9,1519929490473999,6.0
3,9,1519929491329000,4.0
3,9,1519929492151000,2.0
3,9,1519929493032000,1.0
3,9,1519929495509000,0.0
3,9,1519929565303000,1.0
3,9,1519929569512000,0.0
3,9,1519929600942000,1.0
3,9,1519929601712000,2.0
3,9,1519929602483000,4.0
3,9,1519929603334000,3.0
3,9,1519929604985000,2.0
3,9,1519929605809000,1.0
3,9,1519929607487000,0.0
3,9,1519929610045000,1.0
3,9,1519929611694000,0.0
3,9,1519929648984000,1.0
3,9,1519929650633999,0.0
3,9,1519929678051000,1.0
3,9,1519929684683000,0.0
3,9,1519929810299000,1.0
3,9,1519929811920000,0.0
3,10,1519924978375000,-1.0
3,10,1519925132541000,-2.0
3,10,1519925682379000,-1.0
3,10,1519925821009000,-2.0
3,10,1519926258225999,-1.0
3,10,1519926419144000,-2.0
3,10,1519926636285000,-1.0
3,10,1519926757697999,-2.0
3,10,1519926794209000,-1.0
3,10,1519926826247000,-2.0
3,10,1519926921407000,-1.0
3,10,1519926938357000,-2.0
3,10,1519927068467000,-1.0
3,10,1519927122735000,-2.0
3,10,1519927229719000,-1.0
3,10,1519927255005000,0.0
3,10,1519927279185999,1.0
3,10,1519927300789000,2.0
3,10,1519927314617000,1.0
3,10,1519927324521000,0.0
3,10,1519927333607000,-1.0
3,10,1519927349056000,-2.0
3,10,1519927456545000,-3.0
3,10,1519929337737999,-2.0
3,10,1519929356877000,-3.0
3,10,1519929495012000,-2.0
3,10,1519929660121000,-1.0
3,10,1519929814833999,0.0
1,11,1519629356439000,0.0
1,11,1519629371108000,0.277778
1,11,1519629372008000,0.833334
1,11,1519629372908000,1.111112
1,11,1519629374678000,1.3888900000000002
1,11,1519629375577999,2.222224
1,11,1519629376478000,2.5000020000000003
1,11,1519629377377999,2.222224
1,11,1519629379208000,2.5000020000000003
1,11,1519629380108000,3.611114
1,11,1519629381008000,4.166670000000001
1,11,1519629381939000,3.8888920000000002
1,11,1519629382838000,3.0555580000000004
1,11,1519629383737999,2.7777800000000004
1,11,1519629384638000,3.8888920000000002
1,11,1519629385537999,5.000004000000001
1,11,1519629386439000,5.833338
1,11,1519629387337999,7.7777840000000005
1,11,1519629388237000,9.722230000000001
1,11,1519629390937999,10.000008000000001
1,11,1519629391838000,11.388898000000001
1,11,1519629392737999,12.222232000000002
1,11,1519629393638000,11.944454
1,11,1519629394537999,11.111120000000001
1,11,1519629395497999,10.277786
1,11,1519629396398000,9.166674
1,11,1519629397299000,8.333340000000002
1,11,1519629398198000,7.500006000000001
1,11,1519629399097000,6.666672
1,11,1519629399998000,6.111116000000001
1,11,1519629400897999,5.277782
1,11,1519629401828000,3.611114
1,11,1519629402729000,1.666668
1,11,1519629404558000,2.7777800000000004
1,11,1519629405457999,4.166670000000001
1,11,1519629406358000,5.277782
1,11,1519629408158000,5.000004000000001
1,11,1519629409057999,4.444448
1,11,1519629409958000,3.333336
1,11,1519629410859000,1.9444460000000001
1,11,1519629411758000,0.833334
1,11,1519629412688000,0.277778
1,11,1519629413588000,0.0
1,11,1519629428798000,0.277778
1,11,1519629429697999,1.3888900000000002
1,11,1519629430598000,3.0555580000000004
1,11,1519629431468000,4.722226
1,11,1519629432368000,6.111116000000001
1,11,1519629433267000,6.666672
1,11,1519629434137000,8.888896
1,11,1519629435008000,12.222232000000002
1,11,1519629435878000,13.055566
1,11,1519629436749000,13.888900000000001
1,11,1519629437648000,15.277790000000001
1,11,1519629439358000,15.555568000000001
1,11,1519629440169000,15.833346
1,11,1519629441969000,15.555568000000001
1,11,1519629443680000,15.000012000000002
1,11,1519629444473000,14.444456
1,11,1519629445268000,13.888900000000001
1,11,1519629446168000,13.333344
1,11,1519629446921000,12.222232000000002
1,11,1519629447669000,11.111120000000001
1,11,1519629448420000,10.555564
1,11,1519629449168000,9.722230000000001
1,11,1519629449920000,8.888896
1,11,1519629450758000,8.055562
1,11,1519629452409999,8.611118000000001
1,11,1519629453249000,9.722230000000001
1,11,1519629454147000,10.555564
1,11,1519629455077000,10.833342000000002
1,11,1519629455947000,10.277786
1,11,1519629456758000,9.722230000000001
1,11,1519629457598000,9.166674
1,11,1519629458497999,8.055562
1,11,1519629459309000,6.111116000000001
1,11,1519629460087000,3.8888920000000002
1,11,1519629460961000,1.9444460000000001
1,11,1519629461798000,1.111112
1,11,1519629462548000,1.3888900000000002
1,11,1519629463297999,3.0555580000000004
1,11,1519629464048000,4.444448
1,11,1519629464798000,4.166670000000001
1,11,1519629465577999,3.333336
1,11,1519629466448000,2.222224
1,11,1519629467198000,2.5000020000000003
1,11,1519629467948000,3.333336
1,11,1519629468697999,4.722226
1,11,1519629469508000,6.3888940000000005
1,11,1519629470348000,6.666672
1,11,1519629471158000,8.333340000000002
1,11,1519629471909000,11.111120000000001
1,11,1519629472659000,13.055566
1,11,1519629473409000,13.333344
1,11,1519629474158000,14.166678000000001
1,11,1519629474909000,15.000012000000002
1,11,1519629477909000,15.277790000000001
1,11,1519629478659000,15.000012000000002
1,11,1519629480158000,14.722234000000002
1,11,1519629481807000,14.444456
1,11,1519629484358000,14.722234000000002
1,11,1519629485137000,15.000012000000002
1,11,1519629485887000,15.555568000000001
1,11,1519629486638000,16.111124
1,11,1519629487389000,16.666680000000003
1,11,1519629488137000,17.222236000000002
1,11,1519629488888000,17.500014
1,11,1519629490387000,17.777792
1,11,1519629492187000,18.055570000000003
1,11,1519629494017999,18.333348
1,11,1519629494918000,18.888904
1,11,1519629495817999,19.444460000000003
1,11,1519629498548000,19.722238
1,11,1519629499448000,20.000016000000002
1,11,1519629500348000,20.555572
1,11,1519629501307000,20.833350000000003
1,11,1519629503107000,21.111128
1,11,1519629506768000,21.388906000000002
1,11,1519629508568000,21.944462
1,11,1519629509467000,21.388906000000002
1,11,1519629512168000,21.944462
1,11,1519629513067000,22.500018
1,11,1519629514057000,23.055574000000004
1,11,1519629514957000,23.611130000000003
1,11,1519629515857000,23.888908
1,11,1519629517717000,24.444464000000004
1,11,1519629519517000,24.722242
1,11,1519629521317000,24.444464000000004
1,11,1519629522217000,23.888908
1,11,1519629523117000,23.333352
1,11,1519629524017000,22.777796000000002
1,11,1519629524947000,22.222240000000003
1,11,1519629525848000,21.944462
1,11,1519629526747000,21.388906000000002
1,11,1519629527677000,21.111128
1,11,1519629528577000,20.555572
1,11,1519629529477000,20.277794
1,11,1519629530377000,20.000016000000002
1,11,1519629531277000,19.722238
1,11,1519629532177000,19.444460000000003
1,11,1519629533077000,19.722238
1,11,1519629533977000,20.277794
1,11,1519629534877000,20.555572
1,11,1519629535777000,20.833350000000003
1,11,1519629536677000,20.555572
1,11,1519629542137000,20.833350000000003
1,11,1519629544837000,21.111128
1,11,1519629545737000,21.388906000000002
1,11,1519629547598000,21.666684000000004
1,11,1519629550328000,21.388906000000002
1,11,1519629553057000,21.111128
1,11,1519629557617000,21.388906000000002
1,11,1519629560167000,21.666684000000004
1,11,1519629562567000,21.944462
1,11,1519629564067000,22.222240000000003
1,11,1519629566379000,22.500018
1,11,1519629567878000,22.777796000000002
1,11,1519629570307000,23.055574000000004
1,11,1519629571237000,22.777796000000002
1,11,1519629574657000,22.500018
1,11,1519629575407000,22.777796000000002
1,11,1519629578557000,23.055574000000004
1,11,1519629580057000,22.777796000000002
1,11,1519629583057000,22.500018
1,11,1519629584557000,22.222240000000003
1,11,1519629586117000,21.666684000000004
1,11,1519629586868000,21.388906000000002
1,11,1519629587619000,21.111128
1,11,1519629588369000,20.833350000000003
1,11,1519629589117000,20.555572
1,11,1519629591457000,20.833350000000003
1,11,1519629592957000,21.111128
1,11,1519629593707000,21.388906000000002
1,11,1519629594457000,21.666684000000004
1,11,1519629600457999,21.388906000000002
1,11,1519629601957000,21.111128
1,11,1519629603459000,20.833350000000003
1,11,1519629604209000,20.555572
1,11,1519629604987000,20.277794
1,11,1519629605916000,19.722238
1,11,1519629607747000,19.444460000000003
1,11,1519629608649000,19.722238
1,11,1519629610447000,19.444460000000003
1,11,1519629611377000,18.888904
1,11,1519629612277000,18.611126000000002
1,11,1519629613177000,18.333348
1,11,1519629614977000,18.055570000000003
1,11,1519629615907000,17.777792
1,11,1519629616837000,18.055570000000003
1,11,1519629619566000,17.777792
1,11,1519629623167000,17.500014
1,11,1519629624096000,17.222236000000002
1,11,1519629625928000,16.944458
1,11,1519629628657000,16.666680000000003
1,11,1519629631357000,16.388902
1,11,1519629635916000,16.111124
1,11,1519629638646000,16.388902
1,11,1519629641345999,16.666680000000003
1,11,1519629642246000,16.944458
1,11,1519629644017000,17.222236000000002
1,11,1519629646687000,17.500014
1,11,1519629648456000,17.777792
1,11,1519629649356000,18.055570000000003
1,11,1519629651126000,18.333348
1,11,1519629652896000,18.611126000000002
1,11,1519629656316000,18.888904
1,11,1519629660876000,19.166682
1,11,1519629662676000,19.444460000000003
1,11,1519629666276000,19.722238
1,11,1519629667176000,19.444460000000003
1,11,1519629669846000,19.722238
1,11,1519629673296000,20.000016000000002
1,11,1519629675727000,19.722238
1,11,1519629677976000,19.444460000000003
1,11,1519629679505999,19.166682
1,11,1519629680288000,18.888904
1,11,1519629683438000,19.166682
1,11,1519629684188000,19.444460000000003
1,11,1519629685028000,19.722238
1,11,1519629689225999,19.444460000000003
1,11,1519629690815000,19.166682
1,11,1519629692465999,18.888904
1,11,1519629693966000,19.166682
1,11,1519629697117000,19.444460000000003
1,11,1519629699428000,19.722238
1,11,1519629703176000,20.000016000000002
1,11,1519629706928000,20.277794
1,11,1519629707677000,20.000016000000002
1,11,1519629708425999,19.722238
1,11,1519629709928000,19.444460000000003
1,11,1519629710736000,19.166682
1,11,1519629716017999,19.444460000000003
1,11,1519629717517000,19.722238
1,11,1519629718267000,20.000016000000002
1,11,1519629719766000,20.277794
1,11,1519629720696000,20.833350000000003
1,11,1519629721609999,21.111128
1,11,1519629722496000,21.388906000000002
1,11,1519629724296000,21.666684000000004
1,11,1519629727958000,21.388906000000002
1,11,1519629729756000,21.111128
1,11,1519629731585999,20.833350000000003
1,11,1519629733385999,21.111128
1,11,1519629736115000,21.388906000000002
1,11,1519629737017000,21.666684000000004
1,11,1519629737916000,21.944462
1,11,1519629739716000,21.666684000000004
1,11,1519629740616000,21.944462
1,11,1519629741545999,22.222240000000003
1,11,1519629742446000,22.500018
1,11,1519629743345999,22.777796000000002
1,11,1519629745145999,23.055574000000004
1,11,1519629746947000,23.333352
1,11,1519629749646000,23.611130000000003
1,11,1519629755046000,23.333352
1,11,1519629756905999,23.055574000000004
1,11,1519629762305999,23.333352
1,11,1519629764105999,23.055574000000004
1,11,1519629766806000,22.777796000000002
1,11,1519629768575000,22.500018
1,11,1519629770345999,22.222240000000003
1,11,1519629771276000,21.944462
1,11,1519629776495000,21.666684000000004
1,11,1519629779196000,21.388906000000002
1,11,1519629780125000,21.111128
1,11,1519629781926000,20.833350000000003
1,11,1519629782797000,20.555572
1,11,1519629783695000,20.277794
1,11,1519629786305000,20.555572
1,11,1519629793236000,20.277794
1,11,1519629794797000,20.000016000000002
1,11,1519629795547000,19.722238
1,11,1519629796385000,19.166682
1,11,1519629797135000,18.888904
1,11,1519629797885000,18.611126000000002
1,11,1519629798635000,18.333348
1,11,1519629799385000,18.055570000000003
1,11,1519629800135000,17.777792
1,11,1519629800945000,17.500014
1,11,1519629802447000,17.777792
1,11,1519629804095000,18.055570000000003
1,11,1519629804876000,18.333348
1,11,1519629805745000,18.611126000000002
1,11,1519629807425999,18.055570000000003
1,11,1519629808206000,17.500014
1,11,1519629809075000,16.944458
1,11,1519629809887000,16.388902
1,11,1519629810636000,16.111124
1,11,1519629811473999,15.833346
1,11,1519629812225000,16.388902
1,11,1519629812975000,17.500014
1,11,1519629813725000,18.333348
1,11,1519629814475000,19.444460000000003
1,11,1519629815287000,20.555572
1,11,1519629816036000,21.388906000000002
1,11,1519629816787000,22.500018
1,11,1519629817537000,23.611130000000003
1,11,1519629818375000,25.000020000000003
1,11,1519629819125000,25.555576000000002
1,11,1519629819875000,25.277798
1,11,1519629820625000,25.833354000000003
1,11,1519629821376000,26.944466000000002
1,11,1519629822125000,27.222244000000003
1,11,1519629822875000,26.944466000000002
1,11,1519629823625000,27.222244000000003
1,11,1519629824375000,28.055578000000004
1,11,1519629825125000,28.611134000000003
1,11,1519629825875000,29.166690000000003
1,11,1519629826625000,29.722246000000002
1,11,1519629827375000,30.555580000000003
1,11,1519629828125000,30.277802
1,11,1519629840215000,30.555580000000003
1,11,1519629844805000,30.277802
1,11,1519629845705000,29.444468000000004
1,11,1519629846635000,28.333356000000002
1,11,1519629847535000,27.500022
1,11,1519629848435000,26.666688
1,11,1519629849365000,26.111132
1,11,1519629850265000,25.833354000000003
1,11,1519629851193999,25.277798
1,11,1519629852094000,24.722242
1,11,1519629852998000,23.888908
1,11,1519629853895000,23.611130000000003
1,11,1519629859355000,23.333352
1,11,1519629862987000,22.777796000000002
1,11,1519629863885000,22.500018
1,11,1519629864815000,21.666684000000004
1,11,1519629865716000,20.833350000000003
1,11,1519629866646000,20.000016000000002
1,11,1519629867545999,19.444460000000003
1,11,1519629868446000,18.888904
1,11,1519629869345999,18.611126000000002
1,11,1519629872105000,19.166682
1,11,1519629873006000,19.722238
1,11,1519629873905999,20.277794
1,11,1519629874806000,21.111128
1,11,1519629875705999,21.666684000000004
1,11,1519629877507000,22.222240000000003
1,11,1519629878376000,23.055574000000004
1,11,1519629879276000,23.888908
1,11,1519629880145000,24.444464000000004
1,11,1519629881046000,24.722242
1,11,1519629881945999,24.166686000000002
1,11,1519629882817999,23.611130000000003
1,11,1519629883716000,23.333352
1,11,1519629884646000,22.777796000000002
1,11,1519629885518000,22.500018
1,11,1519629887225999,22.222240000000003
1,11,1519629889745999,22.500018
1,11,1519629890616000,22.777796000000002
1,11,1519629891517000,23.055574000000004
1,11,1519629895956000,23.333352
1,11,1519629897726000,23.611130000000003
1,11,1519629898625999,23.888908
1,11,1519629900396000,23.611130000000003
1,11,1519629901235000,23.333352
1,11,1519629906336000,23.611130000000003
1,11,1519629908859000,24.166686000000002
1,11,1519629909608000,24.722242
1,11,1519629910358000,25.277798
1,11,1519629911196000,26.388910000000003
1,11,1519629911947000,27.222244000000003
1,11,1519629912696000,26.944466000000002
1,11,1519629913446000,27.500022
1,11,1519629914196000,28.055578000000004
1,11,1519629915009000,28.333356000000002
1,11,1519629915816000,28.611134000000003
1,11,1519629923945999,28.333356000000002
1,11,1519629930096000,28.055578000000004
1,11,1519629940895000,27.777800000000003
1,11,1519629941647000,27.500022
1,11,1519629943145999,27.222244000000003
1,11,1519629943897000,26.944466000000002
1,11,1519629945396000,26.666688
1,11,1519629946897999,26.388910000000003
1,11,1519629949566000,26.111132
1,11,1519629950496000,25.833354000000003
1,11,1519629951425999,25.555576000000002
1,11,1519629952325000,25.000020000000003
1,11,1519629954126000,24.722242
1,11,1519629955025999,24.444464000000004
1,11,1519629955956000,23.611130000000003
1,11,1519629956886000,23.055574000000004
1,11,1519629957785999,22.222240000000003
1,11,1519629958687000,21.666684000000004
1,11,1519629959587000,21.388906000000002
1,11,1519629960486000,21.111128
1,11,1519629961416000,19.444460000000003
1,11,1519629962316000,18.055570000000003
1,11,1519629963246000,16.944458
1,11,1519629964145000,16.111124
1,11,1519629965046000,15.000012000000002
1,11,1519629965975000,14.166678000000001
1,11,1519629966875000,13.333344
1,11,1519629967775000,12.222232000000002
1,11,1519629968679000,10.833342000000002
1,11,1519629969576000,10.000008000000001
1,11,1519629970476000,9.444452
1,11,1519629971436000,8.611118000000001
1,11,1519629972380000,8.055562
1,11,1519629973265000,7.7777840000000005
1,11,1519629975065000,7.222228
1,11,1519629976025999,6.944450000000001
1,11,1519629976925000,6.3888940000000005
1,11,1519629977825000,5.833338
1,11,1519629978725000,5.277782
1,11,1519629979656000,5.000004000000001
1,11,1519629980555000,4.722226
1,11,1519629983256000,5.000004000000001
1,11,1519629985055000,5.277782
1,11,1519629986855000,5.555560000000001
1,11,1519629987755000,6.111116000000001
1,11,1519629991476000,5.833338
1,11,1519629992375000,5.555560000000001
1,11,1519629993275000,5.277782
1,11,1519629994145000,4.722226
1,11,1519629995073999,4.444448
1,11,1519629996905999,4.722226
1,11,1519629997837000,4.166670000000001
1,11,1519629998705999,4.444448
1,11,1519630002277000,4.166670000000001
1,11,1519630003117000,4.444448
1,11,1519630003958000,4.722226
1,11,1519630004796000,5.000004000000001
1,11,1519630005665000,5.555560000000001
1,11,1519630006535000,5.833338
1,11,1519630007375000,6.111116000000001
1,11,1519630008244000,5.833338
1,11,1519630009145000,5.555560000000001
1,11,1519630010017000,5.833338
1,11,1519630010915000,6.111116000000001
1,11,1519630012685000,5.833338
1,11,1519630013585000,5.555560000000001
1,11,1519630014455000,5.833338
1,11,1519630015355000,6.111116000000001
1,11,1519630016285000,6.3888940000000005
1,11,1519630017968000,6.111116000000001
1,11,1519630020545000,6.3888940000000005
1,11,1519630021476000,6.111116000000001
1,11,1519630022254000,5.833338
1,11,1519630024656000,6.111116000000001
1,11,1519630025405000,6.3888940000000005
1,11,1519630026217000,6.111116000000001
1,11,1519630026968000,5.833338
1,11,1519630027717000,6.111116000000001
1,11,1519630029217000,6.3888940000000005
1,11,1519630031555000,6.666672
1,11,1519630032305999,6.944450000000001
1,11,1519630035305999,6.666672
1,11,1519630036955000,6.3888940000000005
1,11,1519630037707000,6.111116000000001
1,11,1519630040105000,6.3888940000000005
1,11,1519630040915000,6.666672
1,11,1519630046256000,6.944450000000001
1,11,1519630047758000,6.666672
1,11,1519630048509000,6.111116000000001
1,11,1519630051595000,6.3888940000000005
1,11,1519630053095000,6.666672
1,11,1519630053845000,6.944450000000001
1,11,1519630054595000,7.222228
1,11,1519630055345000,7.500006000000001
1,11,1519630056185000,7.7777840000000005
1,11,1519630057657999,7.500006000000001
1,11,1519630058407000,7.222228
1,11,1519630059155000,6.944450000000001
1,11,1519630059907000,6.666672
1,11,1519630061405000,6.3888940000000005
1,11,1519630064045000,6.111116000000001
1,11,1519630064945999,5.833338
1,11,1519630068576000,5.555560000000001
1,11,1519630070375000,5.277782
1,11,1519630071276000,5.000004000000001
1,11,1519630072175000,5.277782
1,11,1519630073073999,5.555560000000001
1,11,1519630073975000,6.111116000000001
1,11,1519630074875000,6.666672
1,11,1519630075776000,6.944450000000001
1,11,1519630076705000,7.500006000000001
1,11,1519630077605000,8.055562
1,11,1519630078505000,8.611118000000001
1,11,1519630079405000,9.166674
1,11,1519630080334000,9.722230000000001
1,11,1519630081295000,10.000008000000001
1,11,1519630083101000,10.277786
1,11,1519630083995000,10.555564
1,11,1519630084895000,10.833342000000002
1,11,1519630085793999,10.555564
1,11,1519630086695000,10.000008000000001
1,11,1519630088526000,9.444452
1,11,1519630090324000,9.166674
1,11,1519630092124000,9.444452
1,11,1519630093055000,10.000008000000001
1,11,1519630093955000,10.555564
1,11,1519630094885000,11.111120000000001
1,11,1519630095785999,11.944454
1,11,1519630096686000,12.500010000000001
1,11,1519630097615000,13.333344
1,11,1519630098515000,13.888900000000001
1,11,1519630099415000,14.166678000000001
1,11,1519630100313999,13.888900000000001
1,11,1519630101214000,13.611122000000002
1,11,1519630102113999,13.333344
1,11,1519630103014000,12.777788000000001
1,11,1519630103944000,12.500010000000001
1,11,1519630104844000,12.222232000000002
1,11,1519630106673999,11.944454
1,11,1519630108504000,12.222232000000002
1,11,1519630113124000,12.500010000000001
1,11,1519630114024000,12.777788000000001
1,11,1519630114924000,13.333344
1,11,1519630115853000,13.888900000000001
1,11,1519630116725000,14.166678000000001
1,11,1519630117625000,14.444456
1,11,1519630120324000,14.166678000000001
1,11,1519630121135000,13.611122000000002
1,11,1519630122033999,13.333344
1,11,1519630125487000,13.611122000000002
1,11,1519630129084000,13.333344
1,11,1519630130884000,13.055566
1,11,1519630131784000,12.500010000000001
1,11,1519630132715000,11.666676
1,11,1519630133613000,10.555564
1,11,1519630134454000,9.444452
1,11,1519630135264000,8.333340000000002
1,11,1519630136134000,7.500006000000001
1,11,1519630136974000,6.944450000000001
1,11,1519630137905000,6.3888940000000005
1,11,1519630138775000,5.833338
1,11,1519630139615000,5.277782
1,11,1519630140425000,4.722226
1,11,1519630141264000,3.8888920000000002
1,11,1519630142014000,3.333336
1,11,1519630142827000,2.7777800000000004
1,11,1519630143664000,2.5000020000000003
1,11,1519630144414000,2.222224
1,11,1519630146064000,2.7777800000000004
1,11,1519630146814000,3.0555580000000004
1,11,1519630147564000,2.7777800000000004
1,11,1519630148313999,2.5000020000000003
1,11,1519630149814000,2.7777800000000004
1,11,1519630151376000,3.0555580000000004
1,11,1519630153833999,3.611114
1,11,1519630154673999,4.444448
1,11,1519630155513999,4.722226
1,11,1519630157104000,5.000004000000001
1,11,1519630158667000,4.722226
1,11,1519630160254000,4.166670000000001
1,11,1519630161065000,3.333336
1,11,1519630161816000,3.0555580000000004
1,11,1519630162568000,2.7777800000000004
1,11,1519630164068000,2.5000020000000003
1,11,1519630165713999,2.222224
1,11,1519630166553999,1.9444460000000001
1,11,1519630167304000,1.666668
1,11,1519630168054000,1.111112
1,11,1519630168804000,0.833334
1,11,1519630170303000,0.555556
1,11,1519630171054000,1.111112
1,11,1519630171804000,1.3888900000000002
1,11,1519630172553999,1.111112
1,11,1519630175615000,1.3888900000000002
1,11,1519630176368000,1.9444460000000001
1,11,1519630177113999,2.222224
1,11,1519630181673999,2.7777800000000004
1,11,1519630184375000,2.222224
1,11,1519630186174000,2.5000020000000003
1,11,1519630187073999,2.222224
1,11,1519630187982000,1.9444460000000001
1,11,1519630189776000,1.666668
1,11,1519630190675000,1.111112
1,11,1519630191604000,0.833334
1,11,1519630193435000,1.111112
1,11,1519630194334000,1.3888900000000002
1,11,1519630196135000,1.111112
1,11,1519630197964000,1.3888900000000002
1,11,1519630198864000,1.9444460000000001
1,11,1519630200663000,1.666668
1,11,1519630202494000,1.3888900000000002
1,11,1519630203424000,1.111112
1,11,1519630204353000,0.833334
1,11,1519630205254000,0.277778
1,11,1519630208014000,0.555556
1,11,1519630209815000,0.277778
1,11,1519630210713999,0.833334
1,11,1519630211644000,1.9444460000000001
1,11,1519630212543000,2.222224
1,11,1519630213443000,1.9444460000000001
1,11,1519630214343000,1.666668
1,11,1519630215243000,1.111112
1,11,1519630216143000,0.833334
1,11,1519630217044000,0.555556
1,11,1519630217943000,0.277778
1,11,1519630219774000,0.833334
1,11,1519630220673999,1.9444460000000001
1,11,1519630222533000,1.666668
1,11,1519630223433000,1.3888900000000002
1,11,1519630225233000,1.111112
1,11,1519630226133000,1.3888900000000002
1,11,1519630227005000,2.222224
1,11,1519630229705000,1.9444460000000001
1,11,1519630230601999,2.222224
1,11,1519630231532000,3.333336
1,11,1519630232373000,4.166670000000001
1,11,1519630234083000,4.444448
1,11,1519630234953000,5.000004000000001
1,11,1519630235793000,5.555560000000001
1,11,1519630236633000,5.833338
1,11,1519630239093000,6.111116000000001
1,11,1519630239873000,6.3888940000000005
1,11,1519630240743000,6.666672
1,11,1519630241643000,6.944450000000001
1,11,1519630242513999,7.500006000000001
1,11,1519630244285000,7.7777840000000005
1,11,1519630247763000,7.500006000000001
1,11,1519630248603000,7.222228
1,11,1519630250345000,6.944450000000001
1,11,1519630252023000,6.666672
1,11,1519630254486000,6.944450000000001
1,11,1519630256132000,7.222228
1,11,1519630257637000,7.500006000000001
1,11,1519630259885000,7.222228
1,11,1519630263724000,6.944450000000001
1,11,1519630264533000,6.666672
1,11,1519630265342000,6.111116000000001
1,11,1519630266182000,5.555560000000001
1,11,1519630266934000,5.000004000000001
1,11,1519630267686000,4.444448
1,11,1519630268433999,4.166670000000001
1,11,1519630269214000,3.8888920000000002
1,11,1519630270775000,4.444448
1,11,1519630271613000,4.722226
1,11,1519630272363000,5.277782
1,11,1519630273113000,5.555560000000001
1,11,1519630273863000,5.833338
1,11,1519630275363000,6.111116000000001
1,11,1519630276925000,5.833338
1,11,1519630278425000,5.555560000000001
1,11,1519630279982000,5.277782
1,11,1519630282325000,5.555560000000001
1,11,1519630285325000,5.277782
1,11,1519630286097000,5.000004000000001
1,11,1519630286824000,4.444448
1,11,1519630287580000,4.166670000000001
1,11,1519630288324000,3.8888920000000002
1,11,1519630289913000,4.166670000000001
1,11,1519630291473999,3.8888920000000002
1,11,1519630293244000,3.611114
1,11,1519630294143000,3.333336
1,11,1519630295943000,3.0555580000000004
1,11,1519630296875000,2.7777800000000004
1,11,1519630298675000,3.333336
1,11,1519630299575000,3.8888920000000002
1,11,1519630300504000,4.444448
1,11,1519630303264000,4.166670000000001
1,11,1519630305964000,4.444448
1,11,1519630307824000,4.722226
1,11,1519630308725000,5.277782
1,11,1519630309654000,5.555560000000001
1,11,1519630310555000,5.833338
1,11,1519630313344000,5.555560000000001
1,11,1519630314244000,5.000004000000001
1,11,1519630315145000,4.444448
1,11,1519630316073000,3.8888920000000002
1,11,1519630317873999,4.444448
1,11,1519630321504000,4.166670000000001
1,11,1519630324203000,4.444448
1,11,1519630325108000,4.722226
1,11,1519630326033000,5.000004000000001
1,11,1519630326936000,5.555560000000001
1,11,1519630327833999,5.833338
1,11,1519630328734000,6.111116000000001
1,11,1519630330536000,6.3888940000000005
1,11,1519630331433999,6.666672
1,11,1519630332335000,6.944450000000001
1,11,1519630334164000,7.222228
1,11,1519630336865000,6.944450000000001
1,11,1519630337766000,6.3888940000000005
1,11,1519630338633999,6.111116000000001
1,11,1519630339534000,5.555560000000001
1,11,1519630341304000,5.277782
1,11,1519630342203000,5.555560000000001
1,11,1519630343974000,6.111116000000001
1,11,1519630344844000,6.666672
1,11,1519630345744000,7.7777840000000005
1,11,1519630346644000,9.166674
1,11,1519630350094000,9.444452
1,11,1519630350934000,9.722230000000001
1,11,1519630351774000,10.000008000000001
1,11,1519630352644000,10.555564
1,11,1519630354263000,10.833342000000002
1,11,1519630355105999,11.111120000000001
1,11,1519630355944000,11.388898000000001
1,11,1519630356785000,11.666676
1,11,1519630357684000,11.388898000000001
1,11,1519630358584000,11.111120000000001
1,11,1519630360384000,10.833342000000002
1,11,1519630361224000,11.111120000000001
1,11,1519630362063000,11.388898000000001
1,11,1519630362935000,11.666676
1,11,1519630363747000,11.944454
1,11,1519630364644000,12.500010000000001
1,11,1519630365484000,12.777788000000001
1,11,1519630369596000,13.055566
1,11,1519630371094000,13.333344
1,11,1519630371935000,13.611122000000002
1,11,1519630372684000,13.888900000000001
1,11,1519630373433999,14.444456
1,11,1519630374183000,15.000012000000002
1,11,1519630374934000,15.555568000000001
1,11,1519630375684000,15.277790000000001
1,11,1519630376494000,15.833346
1,11,1519630377244000,16.111124
1,11,1519630377996000,16.388902
1,11,1519630378745999,16.666680000000003
1,11,1519630380244000,16.944458
1,11,1519630380996000,17.500014
1,11,1519630381894000,18.333348
1,11,1519630382645000,18.888904
1,11,1519630383393999,19.166682
1,11,1519630384144000,19.444460000000003
1,11,1519630386486000,19.722238
1,11,1519630389636000,20.000016000000002
1,11,1519630393473999,19.722238
1,11,1519630394283000,19.166682
1,11,1519630395035000,18.888904
1,11,1519630395784000,18.611126000000002
1,11,1519630396624000,18.055570000000003
1,11,1519630397373000,17.777792
1,11,1519630398123000,17.500014
1,11,1519630398873000,17.222236000000002
1,11,1519630399624000,16.944458
1,11,1519630401275000,16.111124
1,11,1519630402024000,15.555568000000001
1,11,1519630402773000,15.277790000000001
1,11,1519630403525000,14.444456
1,11,1519630404273000,13.888900000000001
1,11,1519630405023000,13.333344
1,11,1519630405774000,13.055566
1,11,1519630406553000,12.500010000000001
1,11,1519630407454000,11.944454
1,11,1519630408353000,11.388898000000001
1,11,1519630409313000,10.833342000000002
1,11,1519630410213000,10.555564
1,11,1519630411113000,9.722230000000001
1,11,1519630412013000,8.888896
1,11,1519630412913000,8.333340000000002
1,11,1519630413844000,7.7777840000000005
1,11,1519630414743000,7.222228
1,11,1519630415643000,6.666672
1,11,1519630416604000,6.111116000000001
1,11,1519630417564000,5.833338
1,11,1519630420323000,6.111116000000001
1,11,1519630421253000,6.666672
1,11,1519630422153000,6.944450000000001
1,11,1519630423953999,7.222228
1,11,1519630424853000,7.7777840000000005
1,11,1519630425757000,8.611118000000001
1,11,1519630427612000,8.333340000000002
1,11,1519630428513000,8.055562
1,11,1519630431303000,8.611118000000001
1,11,1519630433103000,8.888896
1,11,1519630434967000,9.166674
1,11,1519630436795000,9.444452
1,11,1519630438623000,9.722230000000001
1,11,1519630439523000,10.000008000000001
1,11,1519630440423000,10.277786
1,11,1519630441383000,10.833342000000002
1,11,1519630442283000,11.111120000000001
1,11,1519630443183000,11.388898000000001
1,11,1519630444084000,11.666676
1,11,1519630444983000,11.944454
1,11,1519630445881999,11.666676
1,11,1519630446813000,11.111120000000001
1,11,1519630449513000,11.388898000000001
1,11,1519630452243000,10.833342000000002
1,11,1519630453142000,10.277786
1,11,1519630454043000,9.722230000000001
1,11,1519630454943000,8.888896
1,11,1519630455843000,8.055562
1,11,1519630456774000,7.7777840000000005
1,11,1519630457703000,8.055562
1,11,1519630458603000,8.611118000000001
1,11,1519630459563000,9.166674
1,11,1519630460464000,9.722230000000001
1,11,1519630462262000,9.166674
1,11,1519630463163000,8.611118000000001
1,11,1519630464063000,8.055562
1,11,1519630464965000,7.7777840000000005
1,11,1519630465865000,8.055562
1,11,1519630467543000,8.888896
1,11,1519630468384000,9.722230000000001
1,11,1519630469252000,10.277786
1,11,1519630471715000,10.555564
1,11,1519630472467000,10.833342000000002
1,11,1519630473966000,11.111120000000001
1,11,1519630475702000,11.666676
1,11,1519630476573000,12.222232000000002
1,11,1519630477473000,13.055566
1,11,1519630478313000,12.777788000000001
1,11,1519630479153000,12.222232000000002
1,11,1519630480053000,11.944454
1,11,1519630480923000,11.388898000000001
1,11,1519630481793000,10.833342000000002
1,11,1519630482693000,10.555564
1,11,1519630483503000,10.000008000000001
1,11,1519630484344000,9.722230000000001
1,11,1519630485153000,9.444452
1,11,1519630485905999,8.888896
1,11,1519630486655000,8.611118000000001
1,11,1519630488153000,8.333340000000002
1,11,1519630488904000,7.7777840000000005
1,11,1519630489655000,6.944450000000001
1,11,1519630490407000,6.666672
1,11,1519630491992000,6.944450000000001
1,11,1519630492743000,7.222228
1,11,1519630493493000,8.055562
1,11,1519630494304000,8.611118000000001
1,11,1519630497456000,8.888896
1,11,1519630500542000,9.166674
1,11,1519630502793999,9.722230000000001
1,11,1519630503545999,10.277786
1,11,1519630505793000,11.388898000000001
1,11,1519630506632000,11.666676
1,11,1519630507382000,11.388898000000001
1,11,1519630508883000,10.833342000000002
1,11,1519630511132000,11.111120000000001
1,11,1519630511944000,11.666676
1,11,1519630512752000,12.222232000000002
1,11,1519630513533000,12.777788000000001
1,11,1519630514281000,13.611122000000002
1,11,1519630515032000,13.888900000000001
1,11,1519630515783000,14.166678000000001
1,11,1519630517343000,14.444456
1,11,1519630518844000,14.722234000000002
1,11,1519630520343000,15.000012000000002
1,11,1519630523792000,14.722234000000002
1,11,1519630526492000,15.000012000000002
1,11,1519630528292000,15.277790000000001
1,11,1519630529252000,15.555568000000001
1,11,1519630531057000,15.833346
1,11,1519630531952000,16.388902
1,11,1519630532852000,16.666680000000003
1,11,1519630536512000,16.388902
1,11,1519630540112000,16.666680000000003
1,11,1519630541012000,16.944458
1,11,1519630541943000,17.500014
1,11,1519630542844000,18.055570000000003
1,11,1519630543772000,18.333348
1,11,1519630547432000,18.055570000000003
1,11,1519630550161000,18.333348
1,11,1519630551061000,18.611126000000002
1,11,1519630551992000,18.888904
1,11,1519630552892000,19.166682
1,11,1519630553792000,19.444460000000003
1,11,1519630554692000,19.722238
1,11,1519630559223000,19.444460000000003
1,11,1519630561052000,19.722238
1,11,1519630562883000,20.000016000000002
1,11,1519630563782000,20.277794
1,11,1519630564713000,21.111128
1,11,1519630567420000,21.944462
1,11,1519630568312000,22.222240000000003
1,11,1519630571012000,22.500018
1,11,1519630571912000,22.777796000000002
1,11,1519630572812000,23.055574000000004
1,11,1519630573712000,23.611130000000003
1,11,1519630574612000,24.166686000000002
1,11,1519630575512000,24.444464000000004
1,11,1519630578062000,24.166686000000002
1,11,1519630579774000,24.444464000000004
1,11,1519630582321999,24.722242
1,11,1519630590421000,25.000020000000003
1,11,1519630595671000,24.722242
1,11,1519630596512000,25.000020000000003
1,11,1519630598161999,24.722242
1,11,1519630599001999,24.444464000000004
1,11,1519630601552000,24.166686000000002
1,11,1519630602364000,24.444464000000004
1,11,1519630605363000,24.722242
1,11,1519630606864000,25.000020000000003
1,11,1519630607613000,25.555576000000002
1,11,1519630608365000,25.833354000000003
1,11,1519630609112000,26.388910000000003
1,11,1519630609864000,26.666688
1,11,1519630610611000,26.944466000000002
1,11,1519630611452000,27.222244000000003
1,11,1519630613702000,26.944466000000002
1,11,1519630619792000,27.222244000000003
1,11,1519630621351000,27.500022
1,11,1519630623605000,27.777800000000003
1,11,1519630624353999,28.055578000000004
1,11,1519630625940000,28.333356000000002
1,11,1519630627591000,28.611134000000003
1,11,1519630633653000,28.333356000000002
1,11,1519630636261000,28.055578000000004
1,11,1519630637161000,27.777800000000003
1,11,1519630638061000,27.500022
1,11,1519630638961000,27.222244000000003
1,11,1519630639861000,26.944466000000002
1,11,1519630640763000,26.666688
1,11,1519630641691000,26.388910000000003
1,11,1519630642592000,26.111132
1,11,1519630643491000,25.833354000000003
1,11,1519630645291000,25.277798
1,11,1519630647091000,25.000020000000003
1,11,1519630647991000,24.722242
1,11,1519630648891000,24.166686000000002
1,11,1519630649791000,23.888908
1,11,1519630650692000,23.333352
1,11,1519630651591000,23.055574000000004
1,11,1519630652491000,22.777796000000002
1,11,1519630653392000,22.222240000000003
1,11,1519630654289999,21.944462
1,11,1519630655191000,21.666684000000004
1,11,1519630657052000,21.388906000000002
1,11,1519630657951000,21.111128
1,11,1519630658851000,20.833350000000003
1,11,1519630665181000,20.555572
1,11,1519630666081000,20.277794
1,11,1519630667913999,20.000016000000002
1,11,1519630668812000,19.722238
1,11,1519630672471000,19.444460000000003
1,11,1519630673371000,18.888904
1,11,1519630674271000,18.611126000000002
1,11,1519630675171000,18.333348
1,11,1519630676072000,18.055570000000003
1,11,1519630678771000,17.777792
1,11,1519630681502000,18.055570000000003
1,11,1519630682401999,18.333348
1,11,1519630684200000,18.611126000000002
1,11,1519630685072000,18.888904
1,11,1519630687830000,18.611126000000002
1,11,1519630688731000,18.333348
1,11,1519630691372000,18.611126000000002
1,11,1519630693985000,18.333348
1,11,1519630694851000,18.055570000000003
1,11,1519630695691000,17.500014
1,11,1519630696532000,16.944458
1,11,1519630697371000,16.666680000000003
1,11,1519630698241000,16.388902
1,11,1519630699083000,16.111124
1,11,1519630699953000,15.833346
1,11,1519630700791000,15.555568000000001
1,11,1519630702384000,15.833346
1,11,1519630703191000,16.388902
1,11,1519630703969999,16.944458
1,11,1519630704721000,17.222236000000002
1,11,1519630705471000,17.500014
1,11,1519630707120000,17.777792
1,11,1519630708024000,18.055570000000003
1,11,1519630708891000,18.888904
1,11,1519630709791000,19.444460000000003
1,11,1519630710661000,20.555572
1,11,1519630711561000,21.944462
1,11,1519630712401000,23.055574000000004
1,11,1519630713272000,24.444464000000004
1,11,1519630714140000,25.555576000000002
1,11,1519630714981000,25.277798
1,11,1519630715760000,25.555576000000002
1,11,1519630716573000,26.111132
1,11,1519630717381000,26.666688
1,11,1519630718160000,26.944466000000002
1,11,1519630718911000,27.500022
1,11,1519630719661000,28.333356000000002
1,11,1519630720411000,29.166690000000003
1,11,1519630721160000,30.000024000000003
1,11,1519630721911000,30.833358000000004
1,11,1519630722660000,30.555580000000003
1,11,1519630723411000,30.833358000000004
1,11,1519630724161000,30.277802
1,11,1519630724911000,30.000024000000003
1,11,1519630725660000,29.722246000000002
1,11,1519630728060000,30.000024000000003
1,11,1519630728811000,30.277802
1,11,1519630729681000,30.555580000000003
1,11,1519630730461000,30.833358000000004
1,11,1519630732023000,31.111136000000002
1,11,1519630735021000,31.388914000000003
1,11,1519630736551000,31.666692
1,11,1519630738049999,31.944470000000003
1,11,1519630739550000,32.222248
1,11,1519630741111000,32.500026000000005
1,11,1519630743449999,32.777804
1,11,1519630745700000,33.055582
1,11,1519630746511000,33.333360000000006
1,11,1519630748012000,33.611138000000004
1,11,1519630748881000,33.888916
1,11,1519630750680000,34.166694
1,11,1519630752510000,34.444472000000005
1,11,1519630759710000,34.72225
1,11,1519630760639000,34.444472000000005
1,11,1519630761569999,33.888916
1,11,1519630762470000,33.611138000000004
1,11,1519630763369999,33.055582
1,11,1519630764270000,32.500026000000005
1,11,1519630765169999,32.222248
1,11,1519630766969999,31.944470000000003
1,11,1519630789620000,31.666692
1,11,1519630792289999,31.944470000000003
1,11,1519630796849999,32.222248
1,11,1519630800480000,31.944470000000003
1,11,1519630801411000,31.666692
1,11,1519630802310000,31.388914000000003
1,11,1519630804079000,31.111136000000002
1,11,1519630804980000,30.833358000000004
1,11,1519630805879000,30.555580000000003
1,11,1519630806780000,30.277802
1,11,1519630807680000,30.000024000000003
1,11,1519630809449999,29.444468000000004
1,11,1519630812089999,29.166690000000003
1,11,1519630815480000,28.888912
1,11,1519630816350000,28.611134000000003
1,11,1519630817969999,28.333356000000002
1,11,1519630821780000,28.611134000000003
1,11,1519630822531000,28.888912
1,11,1519630823460000,29.166690000000003
1,11,1519630825200000,29.444468000000004
1,11,1519630827720000,29.166690000000003
1,11,1519630828560000,28.888912
1,11,1519630829431000,28.611134000000003
1,11,1519630831049999,28.333356000000002
1,11,1519630832731000,28.055578000000004
1,11,1519630839029000,28.333356000000002
1,11,1519630840529999,28.611134000000003
1,11,1519630841280000,29.166690000000003
1,11,1519630842032000,29.444468000000004
1,11,1519630842781000,29.722246000000002
1,11,1519630843532000,30.000024000000003
1,11,1519630844281000,30.277802
1,11,1519630845032000,30.555580000000003
1,11,1519630846529999,30.833358000000004
1,11,1519630849531000,30.555580000000003
1,11,1519630852621000,30.277802
1,11,1519630854120000,30.000024000000003
1,11,1519630854871000,29.722246000000002
1,11,1519630856371000,29.444468000000004
1,11,1519630857120000,29.166690000000003
1,11,1519630858622000,28.888912
1,11,1519630860120000,28.611134000000003
1,11,1519630860871000,28.333356000000002
1,11,1519630861709000,28.055578000000004
1,11,1519630864139000,27.777800000000003
1,11,1519630866869000,28.055578000000004
1,11,1519630868669000,28.333356000000002
1,11,1519630869599000,28.611134000000003
1,11,1519630871429000,28.888912
1,11,1519630873228000,29.166690000000003
1,11,1519630874129000,29.444468000000004
1,11,1519630875030000,29.722246000000002
1,11,1519630876867000,30.000024000000003
1,11,1519630879589000,30.277802
1,11,1519630882289000,30.555580000000003
1,11,1519630885020000,30.833358000000004
1,11,1519630887750000,31.111136000000002
1,11,1519630891349000,30.833358000000004
1,11,1519630893179000,30.555580000000003
1,11,1519630894979000,30.277802
1,11,1519630896809000,30.000024000000003
1,11,1519630898639000,29.722246000000002
1,11,1519630905869000,30.000024000000003
1,11,1519630907729000,30.277802
1,11,1519630908629000,30.555580000000003
1,11,1519630909469000,30.833358000000004
1,11,1519630910369000,31.111136000000002
1,11,1519630911269000,31.388914000000003
1,11,1519630913039000,31.666692
1,11,1519630918469000,31.944470000000003
1,11,1519630949879000,32.222248
1,11,1519630953089000,31.944470000000003
1,11,1519630953899000,32.222248
1,11,1519630958579000,31.944470000000003
1,11,1519630976968000,32.222248
1,11,1519630977718000,31.944470000000003
1,11,1519630979488000,32.222248
1,11,1519630981319000,31.944470000000003
1,11,1519630983118000,32.222248
1,11,1519630993977999,31.944470000000003
1,11,1519631002137999,31.666692
1,11,1519631003038000,31.944470000000003
1,11,1519631003937999,31.666692
1,11,1519631008468000,31.944470000000003
1,11,1519631009398000,31.666692
1,11,1519631010297999,31.944470000000003
1,11,1519631026558000,32.222248
1,11,1519631031117000,32.500026000000005
1,11,1519631032977999,32.222248
1,11,1519631042697999,31.944470000000003
1,11,1519631046117000,31.666692
1,11,1519631057608000,31.944470000000003
1,11,1519631069337000,32.222248
1,11,1519631086919000,31.944470000000003
1,11,1519631107558000,31.666692
1,11,1519631109357000,31.944470000000003
1,11,1519631113948000,32.222248
1,11,1519631114848000,31.944470000000003
1,11,1519631122107000,31.666692
1,11,1519631123007000,31.944470000000003
1,11,1519631123908000,31.666692
1,11,1519631124807000,31.944470000000003
1,11,1519631126637000,31.666692
1,11,1519631127537000,31.944470000000003
1,11,1519631128437000,31.666692
1,11,1519631130237000,31.944470000000003
1,11,1519631131136000,31.666692
1,11,1519631132037000,31.944470000000003
1,11,1519631133867000,31.666692
1,11,1519631134767000,31.944470000000003
1,11,1519631136537000,31.666692
1,11,1519631137437000,31.944470000000003
1,11,1519631140016000,31.666692
1,11,1519631160327000,31.944470000000003
1,11,1519631165817000,32.222248
1,11,1519631166627000,32.500026000000005
1,11,1519631167408000,32.777804
1,11,1519631168159000,33.055582
1,11,1519631168968000,33.333360000000006
1,11,1519631169897999,33.611138000000004
1,11,1519631171669000,33.888916
1,11,1519631172511000,33.611138000000004
1,11,1519631174249000,33.888916
1,11,1519631174999000,34.166694
1,11,1519631177461000,34.444472000000005
1,11,1519631182051000,34.72225
1,11,1519631182800000,34.444472000000005
1,11,1519631184300000,34.72225
1,11,1519631201763000,34.444472000000005
1,11,1519631203289999,34.72225
1,11,1519631204790000,34.444472000000005
1,11,1519631212889999,34.72225
1,11,1519631239260000,34.444472000000005
1,11,1519631240190000,34.166694
1,11,1519631241089999,34.444472000000005
1,11,1519631242020000,34.72225
1,11,1519631244720000,34.444472000000005
1,11,1519631245622000,34.166694
1,11,1519631246489999,33.888916
1,11,1519631258040000,34.166694
1,11,1519631260769999,34.444472000000005
1,11,1519631263470000,34.72225
1,11,1519631267071000,34.444472000000005
1,11,1519631270489999,34.72225
1,11,1519631277120000,34.444472000000005
1,11,1519631277870000,34.72225
1,11,1519631282432000,35.000028
1,11,1519631283180000,35.277806000000005
1,11,1519631284020000,35.555584
1,11,1519631284860000,36.111140000000006
1,11,1519631285699000,36.666696
1,11,1519631286630000,37.50003
1,11,1519631287471000,38.055586000000005
1,11,1519631288369999,38.611142
1,11,1519631289209000,39.166698000000004
1,11,1519631289960000,39.72225400000001
1,11,1519631290772000,40.000032000000004
1,11,1519631291640000,40.555588
1,11,1519631292421000,40.833366000000005
1,11,1519631293171000,41.111144
1,11,1519631293921000,41.388922
1,11,1519631294672000,41.666700000000006
1,11,1519631295421000,41.944478000000004
1,11,1519631296921000,42.222256
1,11,1519631299169999,42.50003400000001
1,11,1519631305321000,42.777812000000004
1,11,1519631306821000,42.50003400000001
1,11,1519631307571000,42.777812000000004
1,11,1519631313663000,42.50003400000001
1,11,1519631314412000,41.666700000000006
1,11,1519631315160000,40.833366000000005
1,11,1519631315909000,39.72225400000001
1,11,1519631316809000,38.888920000000006
1,11,1519631317709000,38.333364
1,11,1519631318609000,37.777808
1,11,1519631319509000,37.222252000000005
1,11,1519631320409000,36.111140000000006
1,11,1519631321309000,35.277806000000005
1,11,1519631322209000,34.444472000000005
1,11,1519631323109000,33.611138000000004
1,11,1519631324009000,33.055582
1,11,1519631324909000,32.500026000000005
1,11,1519631325809000,32.222248
1,11,1519631330309000,31.944470000000003
1,11,1519631331209000,32.222248
1,11,1519631333039000,32.500026000000005
1,11,1519631335739000,32.222248
1,11,1519631336640000,31.944470000000003
1,11,1519631338439000,31.666692
1,11,1519631340239000,31.388914000000003
1,11,1519631342039000,31.111136000000002
1,11,1519631342939000,30.833358000000004
1,11,1519631343839000,30.555580000000003
1,11,1519631344739000,30.277802
1,11,1519631347499000,30.000024000000003
1,11,1519631348399000,29.444468000000004
1,11,1519631350199000,29.166690000000003
1,11,1519631351101000,28.888912
1,11,1519631352929000,29.166690000000003
1,11,1519631353829000,29.444468000000004
1,11,1519631354729000,30.000024000000003
1,11,1519631355629000,30.555580000000003
1,11,1519631356529000,31.111136000000002
1,11,1519631357459000,31.666692
1,11,1519631358359000,32.222248
1,11,1519631359289000,32.777804
1,11,1519631360189000,33.333360000000006
1,11,1519631361089000,33.888916
1,11,1519631362019000,34.166694
1,11,1519631362919000,34.444472000000005
1,11,1519631363819000,35.000028
1,11,1519631364719000,35.277806000000005
1,11,1519631365619000,35.833362
1,11,1519631366520000,36.111140000000006
1,11,1519631368349000,35.833362
1,11,1519631369248000,35.555584
1,11,1519631370148000,35.277806000000005
1,11,1519631371049000,34.72225
1,11,1519631372849000,34.444472000000005
1,11,1519631374649000,34.166694
1,11,1519631377319000,33.888916
1,11,1519631380919000,34.166694
1,11,1519631381849000,34.72225
1,11,1519631382751000,35.277806000000005
1,11,1519631383589000,35.833362
1,11,1519631384429000,36.111140000000006
1,11,1519631385299000,36.666696
1,11,1519631386139000,37.222252000000005
1,11,1519631387039000,37.50003
1,11,1519631387849000,37.777808
1,11,1519631388629000,37.50003
1,11,1519631390128000,37.222252000000005
1,11,1519631392529000,37.50003
1,11,1519631394029000,37.777808
1,11,1519631394779000,38.055586000000005
1,11,1519631395529000,38.333364
1,11,1519631400509000,37.777808
1,11,1519631401319000,37.222252000000005
1,11,1519631402129000,36.94447400000001
1,11,1519631402880000,36.388918000000004
1,11,1519631403719000,35.833362
1,11,1519631404619000,35.277806000000005
1,11,1519631405430000,35.000028
1,11,1519631406209000,34.72225
1,11,1519631407019000,34.444472000000005
1,11,1519631407769000,34.166694
1,11,1519631408519000,33.888916
1,11,1519631410080000,33.611138000000004
1,11,1519631413168000,33.888916
1,11,1519631413919000,34.166694
1,11,1519631415419000,34.444472000000005
1,11,1519631416169000,34.166694
1,11,1519631416981000,33.888916
1,11,1519631418481000,33.611138000000004
1,11,1519631419981000,33.888916
1,11,1519631422319000,34.166694
1,11,1519631432158000,33.888916
1,11,1519631432908000,33.611138000000004
1,11,1519631433660000,33.055582
1,11,1519631434499000,32.777804
1,11,1519631435399000,32.500026000000005
1,11,1519631436299000,32.222248
1,11,1519631437198000,31.666692
1,11,1519631438097999,31.111136000000002
1,11,1519631438998000,30.555580000000003
1,11,1519631439897999,30.277802
1,11,1519631445297999,30.000024000000003
1,11,1519631446198000,29.722246000000002
1,11,1519631447158000,29.444468000000004
1,11,1519631448057999,29.166690000000003
1,11,1519631448958000,28.888912
1,11,1519631452558000,29.166690000000003
1,11,1519631453457999,28.888912
1,11,1519631456157000,29.166690000000003
1,11,1519631457088000,29.444468000000004
1,11,1519631458888000,29.722246000000002
1,11,1519631462518000,30.000024000000003
1,11,1519631464317000,30.555580000000003
1,11,1519631466118000,30.833358000000004
1,11,1519631467048000,31.111136000000002
1,11,1519631467948000,31.388914000000003
1,11,1519631468848000,31.944470000000003
1,11,1519631469748000,32.500026000000005
1,11,1519631470648000,33.055582
1,11,1519631472598000,33.333360000000006
1,11,1519631474398000,33.611138000000004
1,11,1519631475299000,33.888916
1,11,1519631476198000,33.611138000000004
1,11,1519631477097000,33.333360000000006
1,11,1519631477998000,33.055582
1,11,1519631478897999,33.333360000000006
1,11,1519631482497999,32.777804
1,11,1519631483398000,32.500026000000005
1,11,1519631484268000,32.222248
1,11,1519631485168000,31.944470000000003
1,11,1519631487868000,32.222248
1,11,1519631493208000,32.500026000000005
1,11,1519631494108000,32.777804
1,11,1519631494948000,33.055582
1,11,1519631495847000,32.777804
1,11,1519631496688000,32.500026000000005
1,11,1519631497617999,32.222248
1,11,1519631504249999,32.500026000000005
1,11,1519631505777000,32.777804
1,11,1519631506588000,33.055582
1,11,1519631507398000,33.333360000000006
1,11,1519631508148000,33.611138000000004
1,11,1519631508897999,33.333360000000006
1,11,1519631510488000,33.055582
1,11,1519631511987000,32.777804
1,11,1519631514508000,33.055582
1,11,1519631515377999,33.333360000000006
1,11,1519631516188000,33.611138000000004
1,11,1519631517028000,33.888916
1,11,1519631517777999,34.166694
1,11,1519631518528000,34.444472000000005
1,11,1519631520147000,34.166694
1,11,1519631520989000,33.611138000000004
1,11,1519631521797000,33.333360000000006
1,11,1519631523328000,33.055582
1,11,1519631527289000,33.333360000000006
1,11,1519631528039000,33.611138000000004
1,11,1519631530377000,33.333360000000006
1,11,1519631531128000,33.055582
1,11,1519631531937000,32.777804
1,11,1519631532689000,32.500026000000005
1,11,1519631535689000,33.055582
1,11,1519631537277000,33.333360000000006
1,11,1519631538027000,33.611138000000004
1,11,1519631538779000,33.888916
1,11,1519631539527000,34.166694
1,11,1519631543427000,34.444472000000005
1,11,1519631545227000,34.72225
1,11,1519631546067000,35.000028
1,11,1519631547807000,34.72225
1,11,1519631548708000,34.166694
1,11,1519631549637000,33.888916
1,11,1519631550537000,33.333360000000006
1,11,1519631551437000,33.055582
1,11,1519631552367000,32.777804
1,11,1519631553267000,32.500026000000005
1,11,1519631554167000,32.777804
1,11,1519631555068000,33.055582
1,11,1519631555997000,33.333360000000006
1,11,1519631556897000,33.611138000000004
1,11,1519631557797000,33.888916
1,11,1519631558697000,34.444472000000005
1,11,1519631559597000,34.72225
1,11,1519631560497000,35.000028
1,11,1519631561397000,35.555584
1,11,1519631562327000,35.833362
1,11,1519631563287000,36.388918000000004
1,11,1519631564185999,36.666696
1,11,1519631565086000,36.94447400000001
1,11,1519631566017999,36.666696
1,11,1519631566947000,36.388918000000004
1,11,1519631567847000,36.111140000000006
1,11,1519631569647000,35.833362
1,11,1519631572407000,36.111140000000006
1,11,1519631573307000,36.388918000000004
1,11,1519631574207000,36.666696
1,11,1519631575107000,36.94447400000001
1,11,1519631583237000,37.222252000000005
1,11,1519631584136000,36.94447400000001
1,11,1519631585068000,37.222252000000005
1,11,1519631585966000,37.50003
1,11,1519631588727000,37.222252000000005
1,11,1519631589627000,36.94447400000001
1,11,1519631591427000,36.666696
1,11,1519631595807000,36.94447400000001
1,11,1519631598447000,36.666696
1,11,1519631599347000,36.388918000000004
1,11,1519631601207000,36.111140000000006
1,11,1519631604807000,36.388918000000004
1,11,1519631606577000,36.666696
1,11,1519631609277000,36.388918000000004
1,11,1519631611047000,36.666696
1,11,1519631611977000,37.50003
1,11,1519631612877000,38.333364
1,11,1519631613748000,38.888920000000006
1,11,1519631614617000,39.72225400000001
1,11,1519631615457000,40.27781
1,11,1519631616207000,40.833366000000005
1,11,1519631617167000,41.388922
1,11,1519631617945999,42.222256
1,11,1519631618696000,42.777812000000004
1,11,1519631619477000,43.05559
1,11,1519631620257000,43.888924
1,11,1519631621008000,44.166702
1,11,1519631621758000,44.722258000000004
1,11,1519631622598000,45.277814000000006
1,11,1519631623347000,45.83337
1,11,1519631624096000,46.11114800000001
1,11,1519631624847000,46.666704
1,11,1519631625597000,46.944482
1,11,1519631626406000,47.500038
1,11,1519631627246000,48.055594000000006
1,11,1519631628086000,48.333372000000004
1,11,1519631628988000,49.166706000000005
1,11,1519631629825999,49.444484
1,11,1519631630576000,49.72226200000001
1,11,1519631631385999,49.166706000000005
1,11,1519631632197000,48.333372000000004
1,11,1519631632948000,47.777816
1,11,1519631633697000,47.500038
1,11,1519631634447000,48.055594000000006
1,11,1519631635197000,48.61115
1,11,1519631636036000,49.166706000000005
1,11,1519631636787000,49.444484
1,11,1519631637536000,49.72226200000001
1,11,1519631638286000,50.277818
1,11,1519631639038000,50.555596
1,11,1519631640536000,50.277818
1,11,1519631641286000,50.000040000000006
1,11,1519631642848000,49.72226200000001
1,11,1519631643598000,49.444484
1,11,1519631644348000,48.88892800000001
1,11,1519631645097000,48.333372000000004
1,11,1519631645846000,47.222260000000006
1,11,1519631646598000,46.388926000000005
1,11,1519631647436000,45.277814000000006
1,11,1519631648185999,43.611146000000005
1,11,1519631648937000,41.666700000000006
1,11,1519631649747000,39.444476
1,11,1519631650497999,38.888920000000006
1,11,1519631652176000,38.611142
1,11,1519631653105999,37.222252000000005
1,11,1519631654006000,35.555584
1,11,1519631654905000,34.444472000000005
1,11,1519631655776000,34.166694
1,11,1519631658477000,34.444472000000005
1,11,1519631660336000,34.166694
1,11,1519631661237000,33.611138000000004
1,11,1519631662136000,33.333360000000006
1,11,1519631663036000,33.055582
1,11,1519631663936000,33.611138000000004
1,11,1519631664836000,34.444472000000005
1,11,1519631665736000,34.72225
1,11,1519631666636000,34.444472000000005
1,11,1519631667566000,33.888916
1,11,1519631669366000,33.333360000000006
1,11,1519631672126000,33.611138000000004
1,11,1519631673025999,33.888916
1,11,1519631673926000,34.166694
1,11,1519631674825999,35.000028
1,11,1519631675726000,35.555584
1,11,1519631676656000,36.388918000000004
1,11,1519631677585999,36.94447400000001
1,11,1519631678486000,37.777808
1,11,1519631679385999,38.333364
1,11,1519631680286000,38.888920000000006
1,11,1519631681185999,39.72225400000001
1,11,1519631682086000,40.27781
1,11,1519631682985999,40.833366000000005
1,11,1519631683886000,41.388922
1,11,1519631684785999,41.944478000000004
1,11,1519631685686000,42.50003400000001
1,11,1519631686585999,42.777812000000004
1,11,1519631687486000,43.33336800000001
1,11,1519631688385999,43.611146000000005
1,11,1519631689316000,44.166702
1,11,1519631690216000,44.722258000000004
1,11,1519631691116000,45.277814000000006
1,11,1519631692047000,45.555592000000004
1,11,1519631692945999,46.11114800000001
1,11,1519631693846000,46.388926000000005
1,11,1519631694745999,46.666704
1,11,1519631695646000,47.222260000000006
1,11,1519631696545999,47.777816
1,11,1519631697446000,48.055594000000006
1,11,1519631698345999,48.61115
1,11,1519631699246000,48.88892800000001
1,11,1519631700145000,49.444484
1,11,1519631701048000,50.000040000000006
1,11,1519631701976000,50.277818
1,11,1519631702876000,50.833374000000006
1,11,1519631703745999,51.111152000000004
1,11,1519631704646000,51.66670800000001
1,11,1519631705576000,52.222264
1,11,1519631706445000,52.50004200000001
1,11,1519631707345000,53.055598
1,11,1519631708246000,53.333376
1,11,1519631710016000,53.055598
1,11,1519631710856000,52.777820000000006
1,11,1519631712595000,53.055598
1,11,1519631713496000,53.333376
1,11,1519631714396000,53.611154000000006
1,11,1519631717125000,53.888932000000004
1,11,1519631718025999,54.16671
1,11,1519631719856000,54.44448800000001
1,11,1519631720725000,54.722266000000005
1,11,1519631721627000,55.000044
1,11,1519631724296000,55.27782200000001
1,11,1519631725136000,55.555600000000005
1,11,1519631726817000,55.833378
1,11,1519631727716000,55.27782200000001
1,11,1519631728556000,54.722266000000005
1,11,1519631729396000,54.16671
1,11,1519631730236000,53.611154000000006
1,11,1519631731017000,52.50004200000001
1,11,1519631731886000,50.833374000000006
1,11,1519631732667000,49.166706000000005
1,11,1519631733417000,47.777816
1,11,1519631734166000,45.83337
1,11,1519631734917000,43.888924
1,11,1519631735725000,41.666700000000006
1,11,1519631736505000,39.72225400000001
1,11,1519631737318000,38.055586000000005
1,11,1519631738068000,36.666696
1,11,1519631739567000,36.111140000000006
1,11,1519631740317000,35.833362
1,11,1519631742055000,35.277806000000005
1,11,1519631742896000,35.000028
1,11,1519631743707000,33.888916
1,11,1519631744515000,33.333360000000006
1,11,1519631745366000,33.055582
1,11,1519631746195000,32.777804
1,11,1519631747065999,32.500026000000005
1,11,1519631747845000,32.222248
1,11,1519631748596000,31.944470000000003
1,11,1519631749345000,31.666692
1,11,1519631750095000,31.388914000000003
1,11,1519631751656000,30.277802
1,11,1519631752495000,29.166690000000003
1,11,1519631753245000,28.611134000000003
1,11,1519631753995000,28.333356000000002
1,11,1519631756245000,28.055578000000004
1,11,1519631763057999,28.333356000000002
1,11,1519631764557000,28.611134000000003
1,11,1519631765307000,29.444468000000004
1,11,1519631766056000,30.277802
1,11,1519631766807000,30.833358000000004
1,11,1519631767675000,31.944470000000003
1,11,1519631768575000,32.777804
1,11,1519631769475000,33.611138000000004
1,11,1519631770375000,34.72225
1,11,1519631771275000,35.555584
1,11,1519631772205000,36.388918000000004
1,11,1519631773105000,37.222252000000005
1,11,1519631774005000,38.055586000000005
1,11,1519631774905000,38.611142
1,11,1519631775804000,39.444476
1,11,1519631776705000,40.27781
1,11,1519631777635000,40.833366000000005
1,11,1519631778535000,41.666700000000006
1,11,1519631779465000,42.50003400000001
1,11,1519631780395000,43.05559
1,11,1519631781325000,43.611146000000005
1,11,1519631782255000,44.444480000000006
1,11,1519631783185000,45.000036
1,11,1519631784085000,45.555592000000004
1,11,1519631784985000,46.388926000000005
1,11,1519631785915000,45.83337
1,11,1519631786815000,45.277814000000006
1,11,1519631787745000,44.444480000000006
1,11,1519631788648000,44.722258000000004
1,11,1519631789545000,44.444480000000006
1,11,1519631790445000,44.166702
1,11,1519631791375000,43.611146000000005
1,11,1519631792275000,43.05559
1,11,1519631793175000,42.50003400000001
1,11,1519631794075000,41.666700000000006
1,11,1519631794976000,41.111144
1,11,1519631795875000,40.555588
1,11,1519631796775000,40.000032000000004
1,11,1519631797705000,39.444476
1,11,1519631798605000,39.166698000000004
1,11,1519631799505000,38.611142
1,11,1519631800405000,38.055586000000005
1,11,1519631801305000,37.50003
1,11,1519631802205000,36.94447400000001
1,11,1519631804005000,36.666696
1,11,1519631804934000,36.388918000000004
1,11,1519631806735000,36.111140000000006
1,11,1519631808565000,35.833362
1,11,1519631809465000,35.555584
1,11,1519631811265000,35.277806000000005
1,11,1519631812225000,35.000028
1,11,1519631813153999,34.72225
1,11,1519631814055000,34.444472000000005
1,11,1519631814925000,34.166694
1,11,1519631815825000,33.888916
1,11,1519631816725000,33.611138000000004
1,11,1519631817685000,33.333360000000006
1,11,1519631818585000,33.055582
1,11,1519631819455000,32.500026000000005
1,11,1519631820355000,32.222248
1,11,1519631821225000,31.666692
1,11,1519631822094000,31.388914000000003
1,11,1519631822965000,31.111136000000002
1,11,1519631823865000,30.833358000000004
1,11,1519631824705000,30.277802
1,11,1519631825545000,30.000024000000003
1,11,1519631826385000,29.722246000000002
1,11,1519631828215000,29.444468000000004
1,11,1519631829984000,29.166690000000003
1,11,1519631830855000,28.888912
1,11,1519631832715000,28.333356000000002
1,11,1519631833615000,27.777800000000003
1,11,1519631834485000,27.222244000000003
1,11,1519631835385000,26.666688
1,11,1519631836313999,26.111132
1,11,1519631837245000,25.555576000000002
1,11,1519631838175000,25.277798
1,11,1519631842585000,24.444464000000004
1,11,1519631843425000,23.333352
1,11,1519631844264000,22.222240000000003
1,11,1519631845014000,21.388906000000002
1,11,1519631845825999,20.277794
1,11,1519631846576000,18.611126000000002
1,11,1519631847325000,16.944458
1,11,1519631848078000,16.111124
1,11,1519631848825999,15.555568000000001
1,11,1519631849576000,15.000012000000002
1,11,1519631850325000,14.722234000000002
1,11,1519631851077000,14.444456
1,11,1519631851825999,14.166678000000001
1,11,1519631853414000,13.888900000000001
1,11,1519631854164000,13.611122000000002
1,11,1519631854913999,12.777788000000001
1,11,1519631855664000,11.111120000000001
1,11,1519631856504000,9.722230000000001
1,11,1519631857344000,8.055562
1,11,1519631858183000,6.944450000000001
1,11,1519631858966000,5.833338
1,11,1519631859804000,4.722226
1,11,1519631860614000,3.8888920000000002
1,11,1519631862264000,4.166670000000001
1,11,1519631863016000,4.444448
1,11,1519631863766000,4.722226
1,11,1519631865265000,5.277782
1,11,1519631866104000,6.111116000000001
1,11,1519631866854000,6.666672
1,11,1519631869916000,6.3888940000000005
1,11,1519631873003000,6.666672
1,11,1519631873753000,7.222228
1,11,1519631874505000,7.500006000000001
1,11,1519631875254000,7.222228
1,11,1519631876753000,7.500006000000001
1,11,1519631877566000,7.7777840000000005
1,11,1519631878316000,8.333340000000002
1,11,1519631879065999,8.611118000000001
1,11,1519631879816000,8.888896
1,11,1519631881316000,9.166674
1,11,1519631882816000,9.444452
1,11,1519631884344000,9.722230000000001
1,11,1519631885815000,10.000008000000001
1,11,1519631887464000,10.277786
1,11,1519631888364000,10.555564
1,11,1519631889264000,11.111120000000001
1,11,1519631890164000,11.666676
1,11,1519631891064000,11.944454
1,11,1519631891964000,12.222232000000002
1,11,1519631892894000,11.944454
1,11,1519631897423000,11.666676
1,11,1519631899253000,11.388898000000001
1,11,1519631900184000,11.111120000000001
1,11,1519631901984000,10.833342000000002
1,11,1519631902945000,10.277786
1,11,1519631903844000,9.722230000000001
1,11,1519631904745000,9.444452
1,11,1519631905645000,8.611118000000001
1,11,1519631906545999,8.333340000000002
1,11,1519631907476000,8.055562
1,11,1519631908376000,8.333340000000002
1,11,1519631909276000,8.888896
1,11,1519631910175000,9.166674
1,11,1519631911076000,9.444452
1,11,1519631911976000,10.000008000000001
1,11,1519631912905999,10.555564
1,11,1519631914705999,10.277786
1,11,1519631915607000,11.111120000000001
1,11,1519631916505999,11.666676
1,11,1519631917406000,12.222232000000002
1,11,1519631918307000,11.944454
1,11,1519631919207000,11.666676
1,11,1519631921907000,11.944454
1,11,1519631922837000,12.500010000000001
1,11,1519631923737000,13.055566
1,11,1519631924637000,13.333344
1,11,1519631925537000,14.166678000000001
1,11,1519631926438000,15.555568000000001
1,11,1519631927397000,17.500014
1,11,1519631928327000,19.166682
1,11,1519631929227000,18.888904
1,11,1519631930157000,20.000016000000002
1,11,1519631931086000,19.444460000000003
1,11,1519631931987000,19.166682
1,11,1519631932918000,18.888904
1,11,1519631933817000,18.333348
1,11,1519631937417000,18.055570000000003
1,11,1519631938317000,18.333348
1,11,1519631939216000,18.611126000000002
1,11,1519631940117000,19.444460000000003
1,11,1519631941017000,20.000016000000002
1,11,1519631941918000,20.277794
1,11,1519631946357000,20.000016000000002
1,11,1519631955057000,20.277794
1,11,1519631956737999,20.555572
1,11,1519631960039000,20.277794
1,11,1519631964627000,20.555572
1,11,1519631966127000,20.833350000000003
1,11,1519631967689999,21.111128
1,11,1519631969939000,21.388906000000002
1,11,1519631971617000,21.666684000000004
1,11,1519631973237000,21.944462
1,11,1519631974887000,22.222240000000003
1,11,1519631976417000,22.500018
1,11,1519631977167000,22.777796000000002
1,11,1519631977918000,23.055574000000004
1,11,1519631979417000,23.333352
1,11,1519631981667000,23.611130000000003
1,11,1519631983166000,23.333352
1,11,1519631983917000,22.777796000000002
1,11,1519631984667000,22.222240000000003
1,11,1519631986166000,21.944462
1,11,1519631987728000,22.222240000000003
1,11,1519631989979000,22.500018
1,11,1519631990729000,22.777796000000002
1,11,1519631992317000,23.055574000000004
1,11,1519631993067000,22.777796000000002
1,11,1519631994567000,22.500018
1,11,1519631996067000,22.222240000000003
1,11,1519631996817000,21.944462
1,11,1519631999157000,21.666684000000004
1,11,1519632000687000,21.388906000000002
1,11,1519632001587000,21.111128
1,11,1519632002517000,20.833350000000003
1,11,1519632003417999,20.277794
1,11,1519632004287000,20.000016000000002
1,11,1519632005185999,19.722238
1,11,1519632006086000,19.444460000000003
1,11,1519632008817000,19.166682
1,11,1519632009717000,18.888904
1,11,1519632010617999,18.611126000000002
1,11,1519632011547000,18.055570000000003
1,11,1519632013377000,18.888904
1,11,1519632014276000,19.722238
1,11,1519632015177000,20.555572
1,11,1519632016076000,20.277794
1,11,1519632016977000,20.000016000000002
1,11,1519632018777000,19.166682
1,11,1519632019707000,18.611126000000002
1,11,1519632020637000,18.055570000000003
1,11,1519632021537000,17.777792
1,11,1519632022467000,18.055570000000003
1,11,1519632026067000,18.333348
1,11,1519632026967000,18.611126000000002
1,11,1519632027897000,19.166682
1,11,1519632028797000,19.444460000000003
1,11,1519632029697000,20.000016000000002
1,11,1519632030597000,20.833350000000003
1,11,1519632031497000,21.944462
1,11,1519632032427000,23.333352
1,11,1519632033328000,24.444464000000004
1,11,1519632034227000,25.833354000000003
1,11,1519632035126000,26.944466000000002
1,11,1519632036057000,28.333356000000002
1,11,1519632036956000,29.444468000000004
1,11,1519632037887000,30.555580000000003
1,11,1519632038787000,30.277802
1,11,1519632039687000,30.000024000000003
1,11,1519632040587000,30.833358000000004
1,11,1519632041487000,30.277802
1,11,1519632042417000,29.722246000000002
1,11,1519632043317000,29.166690000000003
1,11,1519632044217000,28.611134000000003
1,11,1519632046016000,28.333356000000002
1,11,1519632046918000,28.055578000000004
1,11,1519632047846000,27.777800000000003
1,11,1519632051476000,27.500022
1,11,1519632052345000,26.388910000000003
1,11,1519632053246000,25.555576000000002
1,11,1519632054086000,24.722242
1,11,1519632054925000,24.166686000000002
1,11,1519632055796000,23.611130000000003
1,11,1519632056696000,23.333352
1,11,1519632058465000,23.055574000000004
1,11,1519632059366000,23.611130000000003
1,11,1519632060235000,24.444464000000004
1,11,1519632061136000,25.000020000000003
1,11,1519632061976000,25.555576000000002
1,11,1519632062846000,26.111132
1,11,1519632063745000,26.666688
1,11,1519632064646000,27.500022
1,11,1519632065486000,28.055578000000004
1,11,1519632066326000,28.611134000000003
1,11,1519632067166000,29.166690000000003
1,11,1519632068036000,30.000024000000003
1,11,1519632068849000,30.277802
1,11,1519632069745999,30.555580000000003
1,11,1519632072147000,30.277802
1,11,1519632073736000,30.555580000000003
1,11,1519632078236000,30.277802
1,11,1519632080486000,30.000024000000003
1,11,1519632082797000,29.722246000000002
1,11,1519632086726000,30.000024000000003
1,11,1519632087625999,30.555580000000003
1,11,1519632088377000,30.833358000000004
1,11,1519632089126000,31.388914000000003
1,11,1519632089876000,32.222248
1,11,1519632090625999,32.777804
1,11,1519632091376000,33.611138000000004
1,11,1519632092156000,34.166694
1,11,1519632093025999,35.000028
1,11,1519632093777000,35.833362
1,11,1519632094590000,36.388918000000004
1,11,1519632095337000,37.222252000000005
1,11,1519632096086000,37.50003
1,11,1519632096838000,38.333364
1,11,1519632097589000,38.888920000000006
1,11,1519632098337000,39.444476
1,11,1519632099087000,40.000032000000004
1,11,1519632099896000,40.555588
1,11,1519632100676000,41.388922
1,11,1519632101425999,41.944478000000004
1,11,1519632102176000,42.50003400000001
1,11,1519632102928000,42.777812000000004
1,11,1519632103676000,43.611146000000005
1,11,1519632104425999,43.888924
1,11,1519632105176000,44.444480000000006
1,11,1519632105926000,45.000036
1,11,1519632106676000,45.555592000000004
1,11,1519632107488000,46.11114800000001
1,11,1519632108236000,46.666704
1,11,1519632108988000,46.944482
1,11,1519632109737999,47.500038
1,11,1519632110488000,47.777816
1,11,1519632111237000,48.333372000000004
1,11,1519632111987000,48.61115
1,11,1519632112856000,49.166706000000005
1,11,1519632113756000,49.72226200000001
1,11,1519632114686000,48.88892800000001
1,11,1519632115585999,48.055594000000006
1,11,1519632116486000,47.222260000000006
1,11,1519632117446000,46.666704
1,11,1519632118345999,46.388926000000005
1,11,1519632119246000,45.555592000000004
1,11,1519632120145000,45.000036
1,11,1519632121045000,44.166702
1,11,1519632121945999,43.33336800000001
1,11,1519632122876000,42.777812000000004
1,11,1519632123776000,41.944478000000004
1,11,1519632124676000,41.111144
1,11,1519632125575000,40.555588
1,11,1519632126476000,40.000032000000004
1,11,1519632127436000,39.166698000000004
1,11,1519632128336000,38.611142
1,11,1519632129236000,37.777808
1,11,1519632130135000,37.50003
1,11,1519632131036000,36.666696
1,11,1519632131936000,35.000028
1,11,1519632132836000,33.611138000000004
1,11,1519632133736000,31.944470000000003
1,11,1519632134636000,30.555580000000003
1,11,1519632135535000,29.166690000000003
1,11,1519632136436000,27.777800000000003
1,11,1519632137366000,26.944466000000002
1,11,1519632138265000,26.388910000000003
1,11,1519632139165000,25.833354000000003
1,11,1519632140065999,25.555576000000002
1,11,1519632141865999,26.111132
1,11,1519632142766000,26.944466000000002
1,11,1519632143665999,28.611134000000003
1,11,1519632144565000,30.000024000000003
1,11,1519632145465999,30.277802
1,11,1519632146365000,30.555580000000003
1,11,1519632147295000,31.944470000000003
1,11,1519632148195000,33.055582
1,11,1519632149095000,33.611138000000004
1,11,1519632152726000,33.055582
1,11,1519632153656000,31.666692
1,11,1519632154555000,29.444468000000004
1,11,1519632155455000,28.888912
1,11,1519632156355000,27.500022
1,11,1519632157286000,26.388910000000003
1,11,1519632158185999,26.111132
1,11,1519632159115000,25.833354000000003
1,11,1519632159985000,26.111132
1,11,1519632160915000,26.388910000000003
1,11,1519632161815000,26.944466000000002
1,11,1519632162655000,27.777800000000003
1,11,1519632163555000,28.611134000000003
1,11,1519632164425000,29.166690000000003
1,11,1519632165325000,29.722246000000002
1,11,1519632166165000,30.277802
1,11,1519632167005000,30.555580000000003
1,11,1519632168775000,30.277802
1,11,1519632169617000,30.000024000000003
1,11,1519632171385000,30.555580000000003
1,11,1519632172285000,31.111136000000002
1,11,1519632173155000,31.388914000000003
1,11,1519632177595000,31.111136000000002
1,11,1519632178525000,30.833358000000004
1,11,1519632179425000,30.555580000000003
1,11,1519632180264000,30.277802
1,11,1519632181110000,30.000024000000003
1,11,1519632184526000,30.277802
1,11,1519632185395000,30.555580000000003
1,11,1519632186145000,30.833358000000004
1,11,1519632186958000,31.111136000000002
1,11,1519632187795000,31.666692
1,11,1519632188607000,31.944470000000003
1,11,1519632189357000,32.222248
1,11,1519632190105999,32.777804
1,11,1519632190856000,33.055582
1,11,1519632191607000,33.611138000000004
1,11,1519632192357000,34.166694
1,11,1519632193105000,34.72225
1,11,1519632193857000,35.277806000000005
1,11,1519632194607000,35.555584
1,11,1519632195357000,36.111140000000006
1,11,1519632196105000,36.666696
1,11,1519632196857000,36.94447400000001
1,11,1519632197607000,37.222252000000005
1,11,1519632199195000,37.50003
1,11,1519632200697000,37.222252000000005
1,11,1519632202345000,36.94447400000001
1,11,1519632203185000,36.666696
1,11,1519632203935000,35.833362
1,11,1519632204745000,35.000028
1,11,1519632205585000,34.72225
1,11,1519632206335000,34.166694
1,11,1519632207145000,33.888916
1,11,1519632207897000,33.333360000000006
1,11,1519632208651000,33.055582
1,11,1519632209395000,31.944470000000003
1,11,1519632210145000,30.833358000000004
1,11,1519632210896000,30.000024000000003
1,11,1519632211646000,29.444468000000004
1,11,1519632212485000,28.888912
1,11,1519632213235000,28.611134000000003
1,11,1519632213985000,28.333356000000002
1,11,1519632214735000,27.777800000000003
1,11,1519632215486000,27.500022
1,11,1519632216233999,26.944466000000002
1,11,1519632216985000,26.666688
1,11,1519632219297000,26.944466000000002
1,11,1519632220046000,27.500022
1,11,1519632220796000,27.777800000000003
1,11,1519632221545999,28.055578000000004
1,11,1519632222385000,28.333356000000002
1,11,1519632223134000,28.888912
1,11,1519632223915000,29.444468000000004
1,11,1519632224816000,30.000024000000003
1,11,1519632225715000,30.833358000000004
1,11,1519632226615000,31.666692
1,11,1519632227545999,32.222248
1,11,1519632228446000,32.777804
1,11,1519632229345000,33.333360000000006
1,11,1519632230245000,34.166694
1,11,1519632231144000,34.72225
1,11,1519632232045000,35.277806000000005
1,11,1519632233005000,35.555584
1,11,1519632233905000,36.111140000000006
1,11,1519632234805000,36.666696
1,11,1519632235705000,36.94447400000001
1,11,1519632236605000,37.50003
1,11,1519632237565000,38.055586000000005
1,11,1519632238465000,38.611142
1,11,1519632239365000,39.166698000000004
1,11,1519632240265999,39.444476
1,11,1519632241164000,40.000032000000004
1,11,1519632244795000,39.444476
1,11,1519632245695000,38.888920000000006
1,11,1519632246595000,38.611142
1,11,1519632247525000,38.333364
1,11,1519632248424000,38.055586000000005
1,11,1519632251124000,37.777808
1,11,1519632252024000,36.94447400000001
1,11,1519632252984000,36.666696
1,11,1519632253884000,36.388918000000004
1,11,1519632256585000,36.666696
1,11,1519632257544000,36.94447400000001
1,11,1519632258444000,37.222252000000005
1,11,1519632259344000,37.50003
1,11,1519632260244000,38.333364
1,11,1519632261144000,38.888920000000006
1,11,1519632262045000,39.166698000000004
1,11,1519632264774000,38.611142
1,11,1519632265673999,38.055586000000005
1,11,1519632266575000,37.777808
1,11,1519632270204000,38.055586000000005
1,11,1519632271077000,38.333364
1,11,1519632272873999,38.611142
1,11,1519632275513999,38.055586000000005
1,11,1519632276414000,37.777808
1,11,1519632277344000,37.50003
1,11,1519632279925000,37.777808
1,11,1519632281604000,38.333364
1,11,1519632282564000,38.888920000000006
1,11,1519632283392000,39.444476
1,11,1519632284273999,40.000032000000004
1,11,1519632285924000,39.444476
1,11,1519632288654000,39.72225400000001
1,11,1519632290424000,40.000032000000004
1,11,1519632293094000,40.27781
1,11,1519632294864000,40.555588
1,11,1519632297505000,40.833366000000005
1,11,1519632300113999,41.111144
1,11,1519632301616000,41.388922
1,11,1519632302454000,41.666700000000006
1,11,1519632303204000,41.944478000000004
1,11,1519632303953999,42.50003400000001
1,11,1519632305454000,41.944478000000004
1,11,1519632306204000,41.666700000000006
1,11,1519632306953999,41.388922
1,11,1519632311454000,40.833366000000005
1,11,1519632312953999,40.27781
1,11,1519632315294000,40.555588
1,11,1519632322104000,40.27781
1,11,1519632323607000,40.000032000000004
1,11,1519632324444000,39.72225400000001
1,11,1519632325193999,39.444476
1,11,1519632325944000,39.166698000000004
1,11,1519632326694000,38.888920000000006
1,11,1519632327505999,38.333364
1,11,1519632328254000,38.055586000000005
1,11,1519632329006000,37.777808
1,11,1519632329756000,37.50003
1,11,1519632330505000,36.94447400000001
1,11,1519632331254000,36.666696
1,11,1519632332006000,36.388918000000004
1,11,1519632332844000,35.833362
1,11,1519632333593999,35.555584
1,11,1519632334344000,35.277806000000005
1,11,1519632335094000,34.72225
1,11,1519632339083000,35.000028
1,11,1519632340884000,35.277806000000005
1,11,1519632341784000,35.555584
1,11,1519632343584000,35.833362
1,11,1519632347184000,36.111140000000006
1,11,1519632376193000,35.833362
1,11,1519632393985999,35.555584
1,11,1519632400673000,35.833362
1,11,1519632404213000,36.111140000000006
1,11,1519632408533000,36.388918000000004
1,11,1519632411953000,36.111140000000006
1,11,1519632415975000,35.833362
1,11,1519632416813000,36.111140000000006
1,11,1519632418313000,35.833362
1,11,1519632435113000,36.111140000000006
1,11,1519632435865000,35.833362
1,11,1519632437364000,36.111140000000006
1,11,1519632438113000,35.833362
1,11,1519632439616000,36.111140000000006
1,11,1519632440367000,35.833362
1,11,1519632441113000,36.111140000000006
1,11,1519632445703000,35.833362
1,11,1519632452513000,35.555584
1,11,1519632455183000,35.277806000000005
1,11,1519632456081999,35.000028
1,11,1519632457853000,34.72225
1,11,1519632460553000,35.000028
1,11,1519632461453000,35.277806000000005
1,11,1519632464183000,35.555584
1,11,1519632465983000,35.833362
1,11,1519632466883000,36.111140000000006
1,11,1519632467841999,36.388918000000004
1,11,1519632468744000,36.666696
1,11,1519632471503000,36.94447400000001
1,11,1519632474203000,37.222252000000005
1,11,1519632485991000,37.50003
1,11,1519632486894000,37.222252000000005
1,11,1519632491423000,36.666696
1,11,1519632492321999,36.388918000000004
1,11,1519632493252000,35.833362
1,11,1519632494152000,35.000028
1,11,1519632495052000,34.444472000000005
1,11,1519632495952000,33.888916
1,11,1519632496853000,33.611138000000004
1,11,1519632497782000,33.333360000000006
1,11,1519632498681999,33.055582
1,11,1519632499583000,33.333360000000006
1,11,1519632502312000,33.611138000000004
1,11,1519632504982000,33.888916
1,11,1519632505881999,34.166694
1,11,1519632506782000,34.72225
1,11,1519632507652000,35.000028
1,11,1519632509392000,35.277806000000005
1,11,1519632510232000,35.555584
1,11,1519632512902000,35.833362
1,11,1519632515243000,36.111140000000006
1,11,1519632525622000,35.277806000000005
1,11,1519632526462000,35.000028
1,11,1519632527272000,34.72225
1,11,1519632528084000,34.444472000000005
1,11,1519632528862000,34.166694
1,11,1519632529672000,33.888916
1,11,1519632530422000,33.611138000000004
1,11,1519632531921999,33.333360000000006
1,11,1519632534983000,33.611138000000004
1,11,1519632536484000,33.888916
1,11,1519632537233000,34.166694
1,11,1519632538073000,34.444472000000005
1,11,1519632538822000,34.72225
1,11,1519632540321999,35.000028
1,11,1519632541075000,35.277806000000005
1,11,1519632542572000,35.555584
1,11,1519632544912000,35.833362
1,11,1519632548121999,36.111140000000006
1,11,1519632548873000,35.833362
1,11,1519632550374000,36.111140000000006
1,11,1519632552712000,35.833362
1,11,1519632554212000,36.111140000000006
1,11,1519632557212000,35.833362
1,11,1519632562582000,35.555584
1,11,1519632563481999,35.833362
1,11,1519632574312000,36.111140000000006
1,11,1519632580641000,35.833362
1,11,1519632590631000,36.111140000000006
1,11,1519632639295000,35.833362
1,11,1519632648592000,36.111140000000006
1,11,1519632656301000,36.388918000000004
1,11,1519632657081000,36.111140000000006
1,11,1519632674963000,35.833362
1,11,1519632675863000,36.111140000000006
1,11,1519632676734000,35.833362
1,11,1519632677663000,36.111140000000006
1,11,1519632678564000,35.833362
1,11,1519632679464000,36.111140000000006
1,11,1519632681264000,35.833362
1,11,1519632682163000,36.111140000000006
1,11,1519632683093000,35.833362
1,11,1519632683993999,36.111140000000006
1,11,1519632689455000,35.833362
1,11,1519632690353999,36.111140000000006
1,11,1519632691254000,35.833362
1,11,1519632692153999,36.111140000000006
1,11,1519632693084000,35.833362
1,11,1519632704033999,36.111140000000006
1,11,1519632707694000,36.388918000000004
1,11,1519632708595000,36.111140000000006
1,11,1519632709495000,36.388918000000004
1,11,1519632711295000,36.111140000000006
1,11,1519632712195000,36.388918000000004
1,11,1519632714895000,36.111140000000006
1,11,1519632715795000,36.388918000000004
1,11,1519632716695000,36.111140000000006
1,11,1519632718525000,35.833362
1,11,1519632719425000,35.277806000000005
1,11,1519632720324000,34.72225
1,11,1519632721224000,33.888916
1,11,1519632722153999,33.333360000000006
1,11,1519632723054000,32.500026000000005
1,11,1519632723955000,32.222248
1,11,1519632724854000,31.944470000000003
1,11,1519632730165000,32.222248
1,11,1519632732865999,32.500026000000005
1,11,1519632735445000,32.222248
1,11,1519632737155000,31.944470000000003
1,11,1519632741355000,31.666692
1,11,1519632744445000,31.944470000000003
1,11,1519632745345000,31.666692
1,11,1519632747953999,31.388914000000003
1,11,1519632748793999,30.833358000000004
1,11,1519632749695000,30.555580000000003
1,11,1519632750535000,30.277802
1,11,1519632751345999,29.722246000000002
1,11,1519632752215000,29.444468000000004
1,11,1519632753055000,28.888912
1,11,1519632753895000,28.611134000000003
1,11,1519632754705999,28.333356000000002
1,11,1519632756294000,28.055578000000004
1,11,1519632758606000,28.333356000000002
1,11,1519632760105000,28.611134000000003
1,11,1519632761694000,28.888912
1,11,1519632765593999,29.166690000000003
1,11,1519632774684000,29.444468000000004
1,11,1519632776996000,29.166690000000003
1,11,1519632777745999,29.444468000000004
1,11,1519632780833999,29.166690000000003
1,11,1519632781584000,29.444468000000004
1,11,1519632783833999,29.166690000000003
1,11,1519632784585000,29.444468000000004
1,11,1519632785334000,29.166690000000003
1,11,1519632786984000,28.888912
1,11,1519632787735000,28.333356000000002
1,11,1519632789233999,27.777800000000003
1,11,1519632789984000,27.500022
1,11,1519632791664000,27.222244000000003
1,11,1519632794393999,27.500022
1,11,1519632796193000,27.777800000000003
1,11,1519632797094000,28.055578000000004
1,11,1519632798925000,28.333356000000002
1,11,1519632799824000,28.611134000000003
1,11,1519632801624000,28.888912
1,11,1519632805254000,29.166690000000003
1,11,1519632812453000,29.444468000000004
1,11,1519632813384000,29.166690000000003
1,11,1519632815244000,29.444468000000004
1,11,1519632820673999,29.166690000000003
1,11,1519632821574000,28.888912
1,11,1519632822473999,28.333356000000002
1,11,1519632823374000,26.944466000000002
1,11,1519632824273999,25.555576000000002
1,11,1519632825174000,24.722242
1,11,1519632826103000,24.444464000000004
1,11,1519632827003000,23.888908
1,11,1519632827934000,23.611130000000003
1,11,1519632828833999,23.333352
1,11,1519632829765000,22.777796000000002
1,11,1519632831564000,22.500018
1,11,1519632833393000,22.222240000000003
1,11,1519632834294000,21.944462
1,11,1519632835193999,21.666684000000004
1,11,1519632836993999,22.222240000000003
1,11,1519632837894000,22.777796000000002
1,11,1519632838764000,23.333352
1,11,1519632839664000,23.611130000000003
1,11,1519632841435000,23.333352
1,11,1519632842334000,22.777796000000002
1,11,1519632844103000,22.500018
1,11,1519632844977999,22.222240000000003
1,11,1519632845873000,21.944462
1,11,1519632846774000,21.666684000000004
1,11,1519632847644000,21.388906000000002
1,11,1519632848543000,21.111128
1,11,1519632851063000,20.833350000000003
1,11,1519632854363000,20.555572
1,11,1519632855926000,20.277794
1,11,1519632860069000,20.000016000000002
1,11,1519632861803000,19.722238
1,11,1519632862673999,18.888904
1,11,1519632863572000,17.500014
1,11,1519632864415000,15.277790000000001
1,11,1519632865254000,13.055566
1,11,1519632866153000,11.944454
1,11,1519632866993000,11.388898000000001
1,11,1519632867865000,11.111120000000001
1,11,1519632868704000,9.444452
1,11,1519632869513999,7.7777840000000005
1,11,1519632870353000,6.666672
1,11,1519632871103000,6.3888940000000005
1,11,1519632871853000,5.833338
1,11,1519632872633000,5.555560000000001
1,11,1519632873414000,5.000004000000001
1,11,1519632874164000,4.722226
1,11,1519632875003000,4.444448
1,11,1519632876564000,4.166670000000001
1,11,1519632878213000,3.8888920000000002
1,11,1519632879715000,3.611114
1,11,1519632881215000,3.8888920000000002
1,11,1519632881966000,4.166670000000001
1,11,1519632882804000,4.722226
1,11,1519632883553999,5.277782
1,11,1519632885053000,5.000004000000001
1,11,1519632886555000,5.277782
1,11,1519632887305999,5.833338
1,11,1519632888056000,6.3888940000000005
1,11,1519632888806000,6.944450000000001
1,11,1519632889553999,7.500006000000001
1,11,1519632890305999,7.7777840000000005
1,11,1519632893308000,8.055562
1,11,1519632894056000,8.333340000000002
1,11,1519632897055000,8.611118000000001
1,11,1519632899393999,8.888896
1,11,1519632900894000,9.166674
1,11,1519632905993000,9.444452
1,11,1519632907885000,10.000008000000001
1,11,1519632908814000,10.277786
1,11,1519632909713999,10.000008000000001
1,11,1519632910615000,10.277786
1,11,1519632913404000,10.000008000000001
1,11,1519632914304000,10.277786
1,11,1519632917033999,10.555564
1,11,1519632919765000,10.833342000000002
1,11,1519632920695000,11.111120000000001
1,11,1519632921593999,11.388898000000001
1,11,1519632922494000,11.666676
1,11,1519632923424000,12.222232000000002
1,11,1519632924324000,12.777788000000001
1,11,1519632925253000,13.055566
1,11,1519632926153999,13.333344
1,11,1519632927055000,13.888900000000001
1,11,1519632928014000,15.000012000000002
1,11,1519632928913999,15.555568000000001
1,11,1519632929814000,16.111124
1,11,1519632932515000,16.388902
1,11,1519632934344000,16.666680000000003
1,11,1519632937047000,16.388902
1,11,1519632938852000,16.111124
1,11,1519632939803000,14.722234000000002
1,11,1519632940704000,14.166678000000001
1,11,1519632941574000,13.611122000000002
1,11,1519632942473999,13.333344
1,11,1519632943348000,13.055566
1,11,1519632944247000,12.777788000000001
1,11,1519632945144000,12.500010000000001
1,11,1519632946045000,11.944454
1,11,1519632946974000,11.388898000000001
1,11,1519632947905000,10.833342000000002
1,11,1519632948804000,9.444452
1,11,1519632949705000,8.055562
1,11,1519632950574000,6.944450000000001
1,11,1519632951473999,6.111116000000001
1,11,1519632952384000,5.833338
1,11,1519632953273000,5.277782
1,11,1519632954173000,5.000004000000001
1,11,1519632956846000,4.722226
1,11,1519632957713999,4.444448
1,11,1519632958614000,4.166670000000001
1,11,1519632960473999,4.444448
1,11,1519632961373000,4.722226
1,11,1519632963143000,5.277782
1,11,1519632964045000,5.555560000000001
1,11,1519632964823000,5.833338
1,11,1519632965723000,6.111116000000001
1,11,1519632966564000,6.3888940000000005
1,11,1519632968244000,6.111116000000001
1,11,1519632974513999,6.3888940000000005
1,11,1519632975414000,6.666672
1,11,1519632977153000,6.944450000000001
1,11,1519632979824000,6.3888940000000005
1,11,1519632980664000,6.111116000000001
1,11,1519632984563000,5.833338
1,11,1519632985313999,5.555560000000001
1,11,1519632986064000,5.277782
1,11,1519632987564000,5.555560000000001
1,11,1519632988376000,5.833338
1,11,1519632989182000,6.111116000000001
1,11,1519632989964000,6.3888940000000005
1,11,1519632990713999,6.666672
1,11,1519632992213000,6.944450000000001
1,11,1519632993025000,7.500006000000001
1,11,1519632993776000,7.7777840000000005
1,11,1519632994526000,8.055562
1,11,1519632995275000,8.333340000000002
1,11,1519632996025999,9.166674
1,11,1519632996775000,9.722230000000001
1,11,1519632997526000,10.000008000000001
1,11,1519633000614000,9.722230000000001
1,11,1519633001364000,9.444452
1,11,1519633002115000,9.722230000000001
1,11,1519633002927000,10.000008000000001
1,11,1519633003703000,10.555564
1,11,1519633004454000,11.111120000000001
1,11,1519633005264000,11.388898000000001
1,11,1519633006015000,11.944454
1,11,1519633006915000,12.777788000000001
1,11,1519633007665999,13.888900000000001
1,11,1519633008414000,14.444456
1,11,1519633009164000,15.277790000000001
1,11,1519633009915000,16.111124
1,11,1519633011414000,16.666680000000003
1,11,1519633012164000,16.944458
1,11,1519633013004000,17.222236000000002
1,11,1519633020053000,16.944458
1,11,1519633020953999,16.666680000000003
1,11,1519633021854000,16.388902
1,11,1519633023683000,16.111124
1,11,1519633026413000,15.833346
1,11,1519633027313000,15.555568000000001
1,11,1519633028213000,15.000012000000002
1,11,1519633029124000,14.444456
1,11,1519633030013000,14.166678000000001
1,11,1519633030913000,13.888900000000001
1,11,1519633031813000,13.333344
1,11,1519633032743000,12.777788000000001
1,11,1519633033643000,12.222232000000002
1,11,1519633034573000,11.388898000000001
1,11,1519633035473000,10.277786
1,11,1519633036373000,8.888896
1,11,1519633037273999,8.055562
1,11,1519633038233999,7.222228
1,11,1519633039133000,6.111116000000001
1,11,1519633040033999,4.722226
1,11,1519633040934000,3.0555580000000004
1,11,1519633041864000,1.3888900000000002
1,11,1519633042795000,0.555556
1,11,1519633043724000,0.0
1,11,1519633085545000,0.555556
1,11,1519633086383000,2.222224
1,11,1519633087132000,3.8888920000000002
1,11,1519633087944000,5.833338
1,11,1519633088694000,6.111116000000001
1,11,1519633089473000,6.666672
1,11,1519633090343000,8.055562
1,11,1519633091182000,10.000008000000001
1,11,1519633092023000,10.277786
1,11,1519633092894000,9.722230000000001
1,11,1519633093673000,8.888896
1,11,1519633094483000,8.333340000000002
1,11,1519633095263000,7.222228
1,11,1519633096073000,6.111116000000001
1,11,1519633096823000,5.277782
1,11,1519633097633999,4.166670000000001
1,11,1519633098475000,3.0555580000000004
1,11,1519633099222000,2.7777800000000004
1,11,1519633100033000,2.222224
1,11,1519633100784000,3.0555580000000004
1,11,1519633101536000,4.166670000000001
1,11,1519633102283000,5.000004000000001
1,11,1519633103123000,5.833338
1,11,1519633104624000,6.3888940000000005
1,11,1519633105372000,7.500006000000001
1,11,1519633106123000,9.166674
1,11,1519633106873000,9.722230000000001
1,11,1519633107623000,9.444452
1,11,1519633108433999,9.166674
1,11,1519633109183000,9.444452
1,11,1519633114523000,9.166674
1,11,1519633115272000,8.888896
1,11,1519633116023000,8.611118000000001
1,11,1519633116773000,8.333340000000002
1,11,1519633118363000,8.055562
1,11,1519633119112000,7.7777840000000005
1,11,1519633119862000,7.222228
1,11,1519633122174000,6.944450000000001
1,11,1519633123673999,7.222228
1,11,1519633124424000,7.7777840000000005
1,11,1519633125262000,8.333340000000002
1,11,1519633126013000,8.611118000000001
1,11,1519633126883000,9.444452
1,11,1519633127783000,9.722230000000001
1,11,1519633128683000,10.000008000000001
1,11,1519633130481999,9.722230000000001
1,11,1519633132283000,9.444452
1,11,1519633136784000,9.722230000000001
1,11,1519633137684000,10.277786
1,11,1519633138643000,10.833342000000002
1,11,1519633139543000,11.388898000000001
1,11,1519633140444000,11.944454
1,11,1519633141344000,11.666676
1,11,1519633143172000,11.111120000000001
1,11,1519633144073000,10.555564
1,11,1519633145032000,9.166674
1,11,1519633145931000,7.222228
1,11,1519633146832000,5.833338
1,11,1519633147732000,4.444448
1,11,1519633148632000,2.7777800000000004
1,11,1519633149564000,1.666668
1,11,1519633150462000,0.555556
1,11,1519633151364000,0.0
1,11,1519633182142000,0.833334
1,11,1519633183102000,2.222224
1,11,1519633184001999,3.333336
1,11,1519633184902000,5.000004000000001
1,11,1519633185772000,5.277782
1,11,1519633186672000,5.555560000000001
1,11,1519633187542000,5.277782
1,11,1519633189281999,5.000004000000001
1,11,1519633190152000,4.722226
1,11,1519633191052000,4.166670000000001
1,11,1519633192822000,3.8888920000000002
1,11,1519633193724000,2.5000020000000003
1,11,1519633194561999,1.9444460000000001
1,11,1519633195343000,1.111112
1,11,1519633196091000,0.277778
1,11,1519633196873000,0.0
1,11,1519633240041000,0.277778
1,11,1519633240913999,1.111112
1,11,1519633241814000,2.7777800000000004
1,11,1519633242715000,3.8888920000000002
1,11,1519633243614000,4.444448
1,11,1519633244519000,5.277782
1,11,1519633245415000,7.222228
1,11,1519633246313000,9.444452
1,11,1519633247212000,11.944454
1,11,1519633249013000,11.666676
1,11,1519633253541000,12.222232000000002
1,11,1519633254441000,12.500010000000001
1,11,1519633255341000,11.944454
1,11,1519633256241000,11.388898000000001
1,11,1519633257141000,10.833342000000002
1,11,1519633258102000,10.555564
1,11,1519633259001999,10.000008000000001
1,11,1519633260801999,9.722230000000001
1,11,1519633261702000,9.166674
1,11,1519633262601999,8.611118000000001
1,11,1519633264431000,8.333340000000002
1,11,1519633265331000,7.7777840000000005
1,11,1519633266231000,6.3888940000000005
1,11,1519633267131000,4.444448
1,11,1519633268032000,3.0555580000000004
1,11,1519633268932000,1.9444460000000001
1,11,1519633269832000,0.833334
1,11,1519633270732000,0.0
1,11,1519633281560000,1.666668
1,11,1519633282461000,3.611114
1,11,1519633283393999,5.000004000000001
1,11,1519633284321000,5.833338
1,11,1519633285221000,7.500006000000001
1,11,1519633286124000,8.888896
1,11,1519633286992000,9.166674
1,11,1519633287861000,9.722230000000001
1,11,1519633289662000,9.444452
1,11,1519633290473999,9.166674
1,11,1519633291371000,9.444452
1,11,1519633292270000,10.000008000000001
1,11,1519633293141000,10.555564
1,11,1519633295840000,10.000008000000001
1,11,1519633296741000,9.444452
1,11,1519633300249999,9.722230000000001
1,11,1519633301961999,9.444452
1,11,1519633302801000,9.166674
1,11,1519633303671000,8.888896
1,11,1519633304601000,9.166674
1,11,1519633305441000,10.555564
1,11,1519633306280000,11.944454
1,11,1519633307063000,12.777788000000001
1,11,1519633309521000,12.500010000000001
1,11,1519633311111000,11.944454
1,11,1519633311952000,11.666676
1,11,1519633312767000,11.388898000000001
1,11,1519633313511000,11.111120000000001
1,11,1519633314262000,10.833342000000002
1,11,1519633315763000,11.111120000000001
1,11,1519633316513000,10.833342000000002
1,11,1519633317262000,10.555564
1,11,1519633318013000,10.277786
1,11,1519633318764000,9.722230000000001
1,11,1519633319542000,9.166674
1,11,1519633320380000,8.333340000000002
1,11,1519633321220000,7.7777840000000005
1,11,1519633322121000,6.944450000000001
1,11,1519633323051000,6.111116000000001
1,11,1519633323892000,5.000004000000001
1,11,1519633324641000,4.444448
1,11,1519633325541000,3.8888920000000002
1,11,1519633326291000,3.333336
1,11,1519633327041000,1.9444460000000001
1,11,1519633327791000,0.833334
1,11,1519633328604000,0.277778
1,11,1519633329351000,0.0
1,11,1519633345941000,0.277778
1,11,1519633346693000,1.666668
1,11,1519633347441999,3.333336
1,11,1519633348190000,4.722226
1,11,1519633348945000,5.277782
1,11,1519633349691000,6.111116000000001
1,11,1519633350502000,7.7777840000000005
1,11,1519633351401000,10.277786
1,11,1519633352301000,10.555564
1,11,1519633353289999,10.833342000000002
1,11,1519633354190000,11.388898000000001
1,11,1519633355091000,11.111120000000001
1,11,1519633355990000,11.388898000000001
1,11,1519633357822000,10.833342000000002
1,11,1519633358751000,10.555564
1,11,1519633361449999,10.833342000000002
1,11,1519633362351000,11.111120000000001
1,11,1519633364150000,10.833342000000002
1,11,1519633365049999,10.555564
1,11,1519633366849999,10.833342000000002
1,11,1519633368681000,11.111120000000001
1,11,1519633369581000,11.666676
1,11,1519633370481000,11.944454
1,11,1519633371381000,12.500010000000001
1,11,1519633372281000,12.222232000000002
1,11,1519633373180000,11.666676
1,11,1519633374140000,11.111120000000001
1,11,1519633375041999,10.555564
1,11,1519633376841000,10.833342000000002
1,11,1519633377741000,11.111120000000001
1,11,1519633378640000,10.833342000000002
1,11,1519633379540000,10.555564
1,11,1519633380440000,10.000008000000001
1,11,1519633381340000,9.166674
1,11,1519633382240000,7.7777840000000005
1,11,1519633383169999,5.833338
1,11,1519633384071000,3.333336
1,11,1519633384971000,0.555556
1,11,1519633385870000,0.0
1,11,1519633433121999,0.555556
1,11,1519633433873999,1.3888900000000002
1,11,1519633434713000,3.0555580000000004
1,11,1519633435613000,5.000004000000001
1,11,1519633436452000,5.555560000000001
1,11,1519633437292000,5.833338
1,11,1519633438161999,5.555560000000001
1,11,1519633438913999,5.000004000000001
1,11,1519633439664000,3.8888920000000002
1,11,1519633440414000,2.5000020000000003
1,11,1519633441161999,1.3888900000000002
1,11,1519633441915000,0.833334
1,11,1519633442663000,0.555556
1,11,1519633443502000,1.111112
1,11,1519633444252000,2.5000020000000003
1,11,1519633445004000,2.7777800000000004
1,11,1519633445751000,3.0555580000000004
1,11,1519633448816000,3.333336
1,11,1519633449565000,3.8888920000000002
1,11,1519633451065999,3.333336
1,11,1519633451816000,3.0555580000000004
1,11,1519633452564000,2.7777800000000004
1,11,1519633453401999,2.222224
1,11,1519633454992000,1.9444460000000001
1,11,1519633455892000,2.222224
1,11,1519633457695000,2.7777800000000004
1,11,1519633461054000,2.5000020000000003
1,11,1519633463753999,1.9444460000000001
1,11,1519633465583000,2.222224
1,11,1519633473743000,1.9444460000000001
1,11,1519633474644000,1.3888900000000002
1,11,1519633476443000,1.111112
1,11,1519633478303000,0.833334
1,11,1519633479201999,0.277778
1,11,1519633480103000,0.0
1,11,1519633525853000,0.833334
1,11,1519633526782000,2.5000020000000003
1,11,1519633527681999,4.444448
1,11,1519633528551000,6.111116000000001
1,11,1519633530351000,6.3888940000000005
1,11,1519633532121999,6.111116000000001
1,11,1519633532961999,5.833338
1,11,1519633533801999,5.277782
1,11,1519633534643000,4.722226
1,11,1519633535485000,4.166670000000001
1,11,1519633536382000,3.611114
1,11,1519633537222000,2.7777800000000004
1,11,1519633538062000,2.5000020000000003
1,11,1519633538875000,2.222224
1,11,1519633539683000,1.9444460000000001
1,11,1519633540432000,1.666668
1,11,1519633541182000,1.3888900000000002
1,11,1519633541935000,0.833334
1,11,1519633542684000,0.277778
1,11,1519633543521999,0.0
1,11,1519633596531000,0.277778
1,11,1519633597462000,2.222224
1,11,1519633598391000,4.444448
1,11,1519633599291000,5.833338
1,11,1519633600221000,6.111116000000001
1,11,1519633601121000,6.3888940000000005
1,11,1519633602022000,5.833338
1,11,1519633602921999,5.277782
1,11,1519633603851000,4.722226
1,11,1519633604781000,3.611114
1,11,1519633605681999,2.7777800000000004
1,11,1519633606582000,2.5000020000000003
1,11,1519633608441999,2.222224
1,11,1519633609342000,1.666668
1,11,1519633611141000,1.3888900000000002
1,11,1519633612942000,1.111112
1,11,1519633614771000,1.3888900000000002
1,11,1519633615671000,1.666668
1,11,1519633616574000,1.111112
1,11,1519633617471000,0.833334
1,11,1519633618372000,0.277778
1,11,1519633619271000,0.0
1,11,1519633673001000,1.3888900000000002
1,11,1519633673900000,2.7777800000000004
1,11,1519633674801000,4.166670000000001
1,11,1519633675701000,5.555560000000001
1,11,1519633676601000,5.833338
1,11,1519633677500000,7.222228
1,11,1519633678431000,7.500006000000001
1,11,1519633680230000,6.3888940000000005
1,11,1519633681129999,6.111116000000001
1,11,1519633682961999,5.277782
1,11,1519633683891000,3.611114
1,11,1519633684792000,1.666668
1,11,1519633685691000,0.555556
1,11,1519633686591000,0.0
1,11,1519633750100000,1.666668
1,11,1519633751000000,3.8888920000000002
1,11,1519633751900000,5.555560000000001
1,11,1519633752800000,5.833338
1,11,1519633753729999,6.666672
1,11,1519633754630000,7.222228
1,11,1519633758199000,6.944450000000001
1,11,1519633761679000,6.666672
1,11,1519633762520000,6.111116000000001
1,11,1519633763390000,5.555560000000001
1,11,1519633764200000,4.722226
1,11,1519633765100000,3.611114
1,11,1519633765941000,2.5000020000000003
1,11,1519633766689999,1.9444460000000001
1,11,1519633767440000,1.666668
1,11,1519633768190000,1.111112
1,11,1519633768940000,0.833334
1,11,1519633769752000,0.555556
1,11,1519633770500000,0.277778
1,11,1519633772001999,0.0
1,11,1519633819519000,0.277778
1,11,1519633821349000,0.555556
1,11,1519633822249999,0.277778
1,11,1519633824079000,0.0
1,11,1519633826779000,0.277778
1,11,1519633829511000,0.0
1,11,1519633856629000,0.555556
1,11,1519633857529000,1.111112
1,11,1519633858369999,1.9444460000000001
1,11,1519633859239000,2.5000020000000003
1,11,1519633860137999,3.0555580000000004
1,11,1519633861009999,3.333336
1,11,1519633861822000,3.611114
1,11,1519633862719000,3.0555580000000004
1,11,1519633863559000,2.5000020000000003
1,11,1519633866019000,3.0555580000000004
1,11,1519633866860000,3.8888920000000002
1,11,1519633867609999,4.166670000000001
1,11,1519633868511000,5.277782
1,11,1519633869440000,6.666672
1,11,1519633870339000,8.055562
1,11,1519633872949000,7.7777840000000005
1,11,1519633873849000,7.500006000000001
1,11,1519633874691000,7.222228
1,11,1519633875529999,6.944450000000001
1,11,1519633876399000,6.3888940000000005
1,11,1519633877209000,5.833338
1,11,1519633878049000,5.277782
1,11,1519633878950000,4.444448
1,11,1519633879789000,3.333336
1,11,1519633880539000,2.5000020000000003
1,11,1519633881349000,1.666668
1,11,1519633882097999,1.111112
1,11,1519633882849999,0.555556
1,11,1519633883661000,0.277778
1,11,1519633884409999,0.0
1,11,1519633893560000,1.3888900000000002
1,11,1519633894310000,3.0555580000000004
1,11,1519633895061000,4.722226
1,11,1519633895809999,5.000004000000001
1,11,1519633897400000,5.555560000000001
1,11,1519633898149000,6.3888940000000005
1,11,1519633899080000,6.666672
1,11,1519633899801000,7.222228
1,11,1519633900549000,8.055562
1,11,1519633901419000,8.333340000000002
1,11,1519633902200000,8.611118000000001
1,11,1519633902951000,9.444452
1,11,1519633903789000,10.000008000000001
1,11,1519633905289999,10.277786
1,11,1519633906039000,10.000008000000001
1,11,1519633906789000,9.722230000000001
1,11,1519633907539000,9.444452
1,11,1519633908289000,8.888896
1,11,1519633909100000,8.611118000000001
1,11,1519633909849000,8.333340000000002
1,11,1519633910751000,7.222228
1,11,1519633911500000,6.666672
1,11,1519633912248000,6.111116000000001
1,11,1519633913000000,5.833338
1,11,1519633913751000,5.277782
1,11,1519633914499000,5.000004000000001
1,11,1519633915339000,4.722226
1,11,1519633916088000,4.166670000000001
1,11,1519633916839000,3.611114
1,11,1519633917619000,2.222224
1,11,1519633918549000,1.3888900000000002
1,11,1519633919449999,1.111112
1,11,1519633921157000,2.5000020000000003
1,11,1519633922059000,4.444448
1,11,1519633922960000,4.722226
1,11,1519633924759000,3.611114
1,11,1519633925659000,2.5000020000000003
1,11,1519633926559000,1.3888900000000002
1,11,1519633927459000,0.277778
1,11,1519633928358000,0.0
1,11,1519633975462000,1.111112
1,11,1519633976301000,2.5000020000000003
1,11,1519633977171000,4.444448
1,11,1519633977984000,5.277782
1,11,1519633978911000,5.833338
1,11,1519633979783000,6.666672
1,11,1519633980623000,6.944450000000001
1,11,1519633981401999,7.500006000000001
1,11,1519633983952000,7.7777840000000005
1,11,1519633985721000,8.333340000000002
1,11,1519633987521000,7.7777840000000005
1,11,1519633988391000,7.222228
1,11,1519633989321000,6.3888940000000005
1,11,1519633990221000,6.111116000000001
1,11,1519633991121000,5.833338
1,11,1519633991992000,5.277782
1,11,1519633992861000,4.722226
1,11,1519633993731000,4.166670000000001
1,11,1519633994573000,4.444448
1,11,1519633995411000,5.000004000000001
1,11,1519633996222000,5.277782
1,11,1519634000121000,5.000004000000001
1,11,1519634000873000,4.444448
1,11,1519634001624000,4.166670000000001
1,11,1519634002373000,3.8888920000000002
1,11,1519634003963000,3.333336
1,11,1519634004712000,3.0555580000000004
1,11,1519634005461000,2.7777800000000004
1,11,1519634006211000,2.5000020000000003
1,11,1519634007712000,2.222224
1,11,1519634008520000,1.9444460000000001
1,11,1519634010111000,2.5000020000000003
1,11,1519634010862000,3.0555580000000004
1,11,1519634012422000,3.333336
1,11,1519634013200000,3.8888920000000002
1,11,1519634014041000,4.166670000000001
1,11,1519634015601000,3.8888920000000002
1,11,1519634017100000,3.611114
1,11,1519634018664000,3.0555580000000004
1,11,1519634019414000,2.5000020000000003
1,11,1519634020161000,1.666668
1,11,1519634021001999,1.111112
1,11,1519634021902000,0.833334
1,11,1519634023551000,1.111112
1,11,1519634024301000,1.9444460000000001
1,11,1519634025051000,2.5000020000000003
1,11,1519634025803000,2.7777800000000004
1,11,1519634026552000,3.0555580000000004
1,11,1519634027301000,2.7777800000000004
1,11,1519634028051000,2.5000020000000003
1,11,1519634028951000,2.222224
1,11,1519634029702000,1.9444460000000001
1,11,1519634030451000,1.666668
1,11,1519634032249999,1.3888900000000002
1,11,1519634033152000,1.666668
1,11,1519634034081000,2.5000020000000003
1,11,1519634034981000,2.222224
1,11,1519634036781000,1.9444460000000001
1,11,1519634038580000,1.666668
1,11,1519634040381000,1.3888900000000002
1,11,1519634041281000,0.277778
1,11,1519634042180000,0.0
1,11,1519634054991000,0.277778
1,11,1519634055891000,1.9444460000000001
1,11,1519634056790000,4.166670000000001
1,11,1519634057720000,5.555560000000001
1,11,1519634058621000,5.833338
1,11,1519634059521000,6.666672
1,11,1519634060449999,7.500006000000001
1,11,1519634061351000,7.7777840000000005
1,11,1519634063150000,7.500006000000001
1,11,1519634064080000,6.944450000000001
1,11,1519634064981000,6.3888940000000005
1,11,1519634065881000,5.555560000000001
1,11,1519634066780000,4.166670000000001
1,11,1519634067680000,2.5000020000000003
1,11,1519634068647000,0.833334
1,11,1519634069569999,0.555556
1,11,1519634070471000,0.277778
1,11,1519634071371000,0.555556
1,11,1519634072269000,0.833334
1,11,1519634073171000,1.3888900000000002
1,11,1519634074100000,2.222224
1,11,1519634075000000,3.0555580000000004
1,11,1519634076889999,2.5000020000000003
1,11,1519634077791000,2.222224
1,11,1519634078689999,3.0555580000000004
1,11,1519634079592000,4.722226
1,11,1519634080489999,5.277782
1,11,1519634081360000,6.111116000000001
1,11,1519634082260000,6.666672
1,11,1519634083129999,7.222228
1,11,1519634084032000,7.500006000000001
1,11,1519634084961000,7.222228
1,11,1519634085832000,6.111116000000001
1,11,1519634086733000,3.333336
1,11,1519634087630000,1.111112
1,11,1519634088531000,0.277778
1,11,1519634089401000,0.0
1,11,1519634092044000,0.555556
1,11,1519634092880000,1.666668
1,11,1519634093692000,2.5000020000000003
1,11,1519634095431000,2.222224
1,11,1519634096271000,1.3888900000000002
1,11,1519634097079000,0.833334
1,11,1519634099420000,1.3888900000000002
1,11,1519634101971000,2.222224
1,11,1519634102870000,2.5000020000000003
1,11,1519634103769999,2.222224
1,11,1519634104640000,1.9444460000000001
1,11,1519634105540000,1.3888900000000002
1,11,1519634106380000,1.111112
1,11,1519634108063000,1.666668
1,11,1519634108991000,2.222224
1,11,1519634109893000,2.5000020000000003
1,11,1519634110731000,3.0555580000000004
1,11,1519634112321000,3.333336
1,11,1519634113129999,3.611114
1,11,1519634114780000,3.8888920000000002
1,11,1519634119437000,3.611114
1,11,1519634120932000,3.333336
1,11,1519634121681000,3.0555580000000004
1,11,1519634122520000,2.5000020000000003
1,11,1519634123273000,1.9444460000000001
1,11,1519634124769999,2.222224
1,11,1519634125520000,1.9444460000000001
1,11,1519634127020000,1.666668
1,11,1519634129360000,1.3888900000000002
1,11,1519634131609999,1.111112
1,11,1519634132361999,0.833334
1,11,1519634133201999,0.277778
1,11,1519634134070000,0.0
1,11,1519634139409999,0.277778
1,11,1519634143220000,0.555556
1,11,1519634144809999,0.277778
1,11,1519634145560000,0.0
1,11,1519634147060000,0.833334
1,11,1519634148649999,0.0
1,11,1519634151352000,0.277778
1,11,1519634152251000,0.555556
1,11,1519634153152000,0.277778
1,11,1519634155881000,0.555556
1,11,1519634157680000,0.277778
1,11,1519634159539000,0.0
1,11,1519634164099000,0.277778
1,11,1519634165899000,0.0
